{
"type": "FeatureCollection",
"name": "MBMunicipalities",
"crs": { "type": "name", "properties": { "name": "urn:ogc:def:crs:OGC:1.3:CRS84" } },
"features": [
{ "type": "Feature", "properties": { "OBJECTID": 129, "MUNI_NO": 741, "MUNI_NAME": "AGHAMING-NORTHERN AFFAIRS ACT", "MUNI_TYPE": "NORTHERN SETTLEMENT", "MUNI_LIST_NAME": "AGHAMING", "MUNI_LIST_NAME_WITH_TYPE": "AGHAMING (NORTHERN SETTLEMENT)", "Shape__Area": 8057138.2265625, "Shape__Length": 18219.612641367425 }, "geometry": { "type": "Polygon", "coordinates": [ [ [ -96.250997912847893, 51.198022296219705 ], [ -96.251047068128798, 51.180147894197091 ], [ -96.271151101771196, 51.180140616632094 ], [ -96.271153517761306, 51.1819482525514 ], [ -96.274311018818693, 51.181946151853595 ], [ -96.2743010839324, 51.183735938562606 ], [ -96.282179775286096, 51.184065728806104 ], [ -96.289771187286817, 51.18821636972401 ], [ -96.283763697583595, 51.190275166408199 ], [ -96.277621625528511, 51.188910774383999 ], [ -96.278302128442903, 51.190590770698606 ], [ -96.270661624779706, 51.1882908169285 ], [ -96.269292259427402, 51.189911893689306 ], [ -96.272354215801997, 51.191072562977311 ], [ -96.270907151270293, 51.192377438728812 ], [ -96.264062659685393, 51.191694728755905 ], [ -96.265823646652507, 51.192657173843898 ], [ -96.260273921969315, 51.194947841393514 ], [ -96.262321434442299, 51.198045651144504 ], [ -96.250997912847893, 51.198022296219705 ] ] ] } },
{ "type": "Feature", "properties": { "OBJECTID": 165, "MUNI_NO": 600, "MUNI_NAME": "RM OF ALEXANDER", "MUNI_TYPE": "RM", "MUNI_LIST_NAME": "ALEXANDER", "MUNI_LIST_NAME_WITH_TYPE": "ALEXANDER (RM)", "Shape__Area": 4008889774.4101563, "Shape__Length": 476436.61677256692 }, "geometry": { "type": "Polygon", "coordinates": [ [ [ -96.583786558157001, 50.532949726709695 ], [ -96.583795435410281, 50.547732769576065 ], [ -96.583814308598178, 50.579128394973679 ], [ -96.583815783076702, 50.581579286486999 ], [ -96.579048240279903, 50.587203509453701 ], [ -96.585902228353604, 50.595180200727206 ], [ -96.591610377302203, 50.605435399410901 ], [ -96.590422648117993, 50.608486997119009 ], [ -96.5933101277177, 50.6120096530843 ], [ -96.594054916297907, 50.617358864775397 ], [ -96.592920764089897, 50.629046432108098 ], [ -96.598041020633104, 50.642059412533797 ], [ -96.596504233189194, 50.647226584871191 ], [ -96.603654200445405, 50.657393871778993 ], [ -96.603164629608798, 50.661728175379402 ], [ -96.587619701225705, 50.668216170822795 ], [ -96.585423510577101, 50.671849450757804 ], [ -96.587299455802906, 50.674460767292693 ], [ -96.5846176145144, 50.67569141600621 ], [ -96.576709932342993, 50.676966321446898 ], [ -96.5707533145371, 50.672524856124603 ], [ -96.5646876819564, 50.671031027125892 ], [ -96.554068519409299, 50.675458753175597 ], [ -96.548148119533309, 50.680230521667198 ], [ -96.5481481192773, 50.680230521545397 ], [ -96.546822054049741, 50.680232592229636 ], [ -96.545178215858755, 50.680235134589218 ], [ -96.545178215542194, 50.680235134589708 ], [ -96.551174080137102, 50.675316991910989 ], [ -96.559308823350506, 50.672402562486191 ], [ -96.559260203868703, 50.670611616296604 ], [ -96.552987693730003, 50.669841402371603 ], [ -96.554523306672905, 50.671339773329208 ], [ -96.550743855189296, 50.671889991836409 ], [ -96.549653525336595, 50.673800905272302 ], [ -96.549454446195, 50.67327502947991 ], [ -96.547964401278904, 50.6738912871579 ], [ -96.547355860834401, 50.673617632070993 ], [ -96.549161357379901, 50.672108557208091 ], [ -96.545214141913306, 50.673158766315517 ], [ -96.542971743400201, 50.675441099067307 ], [ -96.544222999431, 50.676960591589904 ], [ -96.5349107927821, 50.675837459604715 ], [ -96.530585343364706, 50.680256937245396 ], [ -96.530585343126802, 50.680256936998106 ], [ -96.5298784851188, 50.680256768757694 ], [ -96.529858433823307, 50.680256763634816 ], [ -96.495710102090001, 50.68024710120531 ], [ -96.494275844987115, 50.679458822188494 ], [ -96.488365547172904, 50.677469639172088 ], [ -96.480198986985698, 50.67136575649581 ], [ -96.477296009625306, 50.666904502652905 ], [ -96.475950513789499, 50.661910262797718 ], [ -96.477102963539494, 50.660738931451803 ], [ -96.474549586347393, 50.655844425575907 ], [ -96.460759199216199, 50.647089505885504 ], [ -96.413247980358605, 50.632002945699583 ], [ -96.3954730486724, 50.63094111274939 ], [ -96.390432703752097, 50.62900230291239 ], [ -96.390295728812006, 50.626624581037802 ], [ -96.3950077704188, 50.628358167682997 ], [ -96.395751549169901, 50.6269266279227 ], [ -96.396559193632115, 50.628176987670869 ], [ -96.397071217197521, 50.627100053343497 ], [ -96.403563130471198, 50.627334940391499 ], [ -96.407726598603901, 50.62876793855871 ], [ -96.406080386434994, 50.629900612079915 ], [ -96.407196566665291, 50.63069003448441 ], [ -96.410042561393993, 50.630627441214095 ], [ -96.409150757843904, 50.629357316194508 ], [ -96.411792553019112, 50.630693335578393 ], [ -96.406662438926006, 50.627547925505496 ], [ -96.394586326065195, 50.624471940997303 ], [ -96.389726627827102, 50.621351533654902 ], [ -96.375890788826197, 50.621347966245416 ], [ -96.375961840600297, 50.59660372990399 ], [ -96.330357670238001, 50.59654957655011 ], [ -96.330283405373194, 50.553175399078896 ], [ -96.216131542046597, 50.553130931121814 ], [ -96.216127863886001, 50.555111664546601 ], [ -96.191305301770697, 50.555154663780407 ], [ -96.191317444083296, 50.557306965725203 ], [ -96.185235352955004, 50.561952415591499 ], [ -96.185303122527401, 50.56990079824191 ], [ -96.202148967769702, 50.573335563113403 ], [ -96.213507207990403, 50.571908294539732 ], [ -96.21452897311039, 50.572602786812922 ], [ -96.215915711894795, 50.573987078010489 ], [ -96.215625909795605, 50.591811941463106 ], [ -96.075784072408993, 50.591935938991405 ], [ -96.075721066698094, 50.57128215602409 ], [ -95.946956560728296, 50.570633464057302 ], [ -95.946640256995806, 50.483636216911712 ], [ -95.535130920732598, 50.483164848107499 ], [ -95.53429497106562, 50.337830271844403 ], [ -95.6031453900126, 50.337957992888192 ], [ -95.604183229079396, 50.321765716625094 ], [ -95.604183287084794, 50.321765711123902 ], [ -95.604186903794499, 50.321400271429795 ], [ -95.603270875591605, 50.221991726416803 ], [ -95.638891424677396, 50.22197127030141 ], [ -95.638894043945612, 50.19298470594201 ], [ -95.8217876268277, 50.192653707572198 ], [ -95.821884723231605, 50.221460424729109 ], [ -95.810060608600395, 50.221489778044607 ], [ -95.809501015503997, 50.39600913474731 ], [ -96.075594870835602, 50.396425448027003 ], [ -96.075609875324702, 50.415034266704708 ], [ -96.353469999930596, 50.415094415289502 ], [ -96.353345119809205, 50.326732296407506 ], [ -96.445499739652007, 50.326276932355398 ], [ -96.445621010301096, 50.4151402313367 ], [ -96.537830193234598, 50.41528461277229 ], [ -96.537496166496297, 50.5329469928866 ], [ -96.583786558157001, 50.532949726709695 ] ] ] } },
{ "type": "Feature", "properties": { "OBJECTID": 7, "MUNI_NO": 601, "MUNI_NAME": "RM OF ALONSA", "MUNI_TYPE": "RM", "MUNI_LIST_NAME": "ALONSA", "MUNI_LIST_NAME_WITH_TYPE": "ALONSA (RM)", "Shape__Area": 7672762776.75, "Shape__Length": 849760.97598258476 }, "geometry": { "type": "Polygon", "coordinates": [ [ [ -99.433645057054505, 51.44899013551629 ], [ -99.121733052228706, 51.448788653682897 ], [ -99.117144021410894, 51.430005732535896 ], [ -99.117994736874209, 51.425207730251806 ], [ -99.113787850779005, 51.419479583226298 ], [ -99.115070431572107, 51.414807059633908 ], [ -99.114140207659105, 51.4108245719584 ], [ -99.106817023287206, 51.405805016960613 ], [ -99.108909092913393, 51.402871738861414 ], [ -99.107643265369106, 51.399496455536109 ], [ -99.1098876243327, 51.397273376135516 ], [ -99.110536524858702, 51.398126995507205 ], [ -99.108651653461706, 51.400399209674198 ], [ -99.109340834370911, 51.403064662353799 ], [ -99.108540105605798, 51.404895254278905 ], [ -99.109861375594505, 51.407317334199284 ], [ -99.112372547481499, 51.408259100442415 ], [ -99.110212260314896, 51.406750516612711 ], [ -99.112032649884299, 51.407432173340503 ], [ -99.114649011750998, 51.404421860224708 ], [ -99.114762376671095, 51.398019527074617 ], [ -99.117225751627799, 51.397293241881385 ], [ -99.115141582239502, 51.394471853431604 ], [ -99.116223252212393, 51.393081537715418 ], [ -99.114277483579201, 51.390907411523187 ], [ -99.109432196233698, 51.390143228455202 ], [ -99.108520916496005, 51.384636533386903 ], [ -99.102605954819694, 51.380721387506789 ], [ -99.107467726905696, 51.373658371228814 ], [ -99.107699147278794, 51.368195560445784 ], [ -99.110492617962208, 51.367963665194495 ], [ -99.109641395424902, 51.366422347547307 ], [ -99.111960653216897, 51.366163884145308 ], [ -99.117425596089305, 51.360246331673402 ], [ -99.116043089823094, 51.3559450601728 ], [ -99.117533146578893, 51.354567805575797 ], [ -99.116661229759103, 51.353354762663898 ], [ -99.11456313371788, 51.355649782119805 ], [ -99.113029115723194, 51.353803424956297 ], [ -99.110917891824101, 51.3477718357613 ], [ -99.108630351181418, 51.345872177819707 ], [ -99.109850451039307, 51.342723849713799 ], [ -99.102293183055394, 51.340311850666801 ], [ -99.100758458281106, 51.334409944059303 ], [ -99.097934120542504, 51.332694869531991 ], [ -99.099893563586207, 51.329442609722399 ], [ -99.098241148005002, 51.321877238675597 ], [ -99.095267435573803, 51.32037353381741 ], [ -99.096568887001808, 51.321685301173702 ], [ -99.095240783532503, 51.321362676358405 ], [ -99.094201759772503, 51.329047181559403 ], [ -99.092037027164992, 51.326742455239398 ], [ -99.082641655944798, 51.301760644283803 ], [ -99.080157205259894, 51.300116828188202 ], [ -99.082956989899998, 51.297646563085507 ], [ -99.079963028157096, 51.2874246838891 ], [ -99.077681147490793, 51.2863426767166 ], [ -99.077955693075396, 51.283343641385301 ], [ -99.07256905154, 51.281782484164793 ], [ -99.072243395275805, 51.279840398725398 ], [ -99.074308915502101, 51.280401110479005 ], [ -99.074441389077506, 51.2780900640631 ], [ -99.073093847304307, 51.273662315477594 ], [ -99.066502649432806, 51.265960027547706 ], [ -99.066207986736103, 51.260394087394396 ], [ -99.066127874398802, 51.264490032718506 ], [ -99.064199978585606, 51.264396688779406 ], [ -99.059366690390704, 51.256400766774206 ], [ -99.059801017475806, 51.254282904419696 ], [ -99.057890680144595, 51.256410498065691 ], [ -99.055757076682994, 51.251821061942408 ], [ -99.057603849214999, 51.256230797434199 ], [ -99.057556556472221, 51.258523807268006 ], [ -99.055735583137803, 51.257746871450621 ], [ -99.056691335785416, 51.259989941950394 ], [ -99.054028131367403, 51.262072872073411 ], [ -99.052590332497402, 51.258049562057614 ], [ -99.052138535311897, 51.257717056319699 ], [ -99.051300123313794, 51.25765897803759 ], [ -99.052628105184795, 51.259753548354304 ], [ -99.051249769469294, 51.2639264929064 ], [ -99.049136293494001, 51.264480412736383 ], [ -99.047586914191498, 51.263091774221401 ], [ -99.045954326467907, 51.264400776101404 ], [ -99.047089718641814, 51.267435155549002 ], [ -99.045978687760496, 51.267269243498717 ], [ -99.0466490506833, 51.271068134511204 ], [ -99.045503655403493, 51.272480342075099 ], [ -99.048479788807299, 51.273958344680786 ], [ -99.048692439710194, 51.27170124434361 ], [ -99.050427381425607, 51.272064689273002 ], [ -99.049949234412395, 51.2739847032678 ], [ -99.053506888436502, 51.276033325035606 ], [ -99.049894545320896, 51.276435067410205 ], [ -99.046236137020699, 51.273855843272315 ], [ -99.043663779665707, 51.274814487078515 ], [ -99.041710899160705, 51.271303792003707 ], [ -99.042007807463904, 51.27463974740909 ], [ -99.038749578491405, 51.278453510449594 ], [ -99.039569686493294, 51.28181626980701 ], [ -99.042971099352997, 51.28530399152821 ], [ -99.048120257134599, 51.28659234930079 ], [ -99.052049509881996, 51.293087427625302 ], [ -99.047296955411795, 51.294770956438903 ], [ -99.046105119252019, 51.300503858305802 ], [ -99.042314056259301, 51.303697461754901 ], [ -99.041065990186098, 51.303643953847299 ], [ -99.042213047122303, 51.303050071851104 ], [ -99.040448138821304, 51.3024886926083 ], [ -99.035450123413895, 51.294604293074805 ], [ -99.037402344480398, 51.279020449000797 ], [ -99.034976321434598, 51.275055694523616 ], [ -99.032050922087095, 51.273860585595699 ], [ -99.032810059956802, 51.272938687252299 ], [ -99.027068369173321, 51.272360166282098 ], [ -99.029525275491807, 51.269873261753006 ], [ -99.0266596995708, 51.259775830071796 ], [ -99.022688057727905, 51.256008976140293 ], [ -99.019477762496521, 51.255222745001085 ], [ -99.021024771272707, 51.253851180957 ], [ -99.016115313707104, 51.249283966694691 ], [ -99.017439873958907, 51.247197605611312 ], [ -99.012917916366803, 51.2413218392253 ], [ -99.013863244249492, 51.240777707308595 ], [ -99.011799032501202, 51.235517535788524 ], [ -99.009370958742608, 51.23460505338501 ], [ -99.006399056449695, 51.23628228716521 ], [ -99.002588511366696, 51.230145297529688 ], [ -99.001478353266506, 51.224188017505291 ], [ -98.99588663064128, 51.220172956196308 ], [ -98.996609994916298, 51.216746965141105 ], [ -98.995035729496394, 51.21010169447699 ], [ -98.991092232130484, 51.207282412808908 ], [ -98.989939459952794, 51.209161684841803 ], [ -98.988608299961101, 51.20837025113989 ], [ -98.986863261141295, 51.20330746928451 ], [ -98.981196307012581, 51.20005601944991 ], [ -98.980567942428905, 51.19672880483369 ], [ -98.977249176282399, 51.193540471908292 ], [ -98.974400219852896, 51.1955361518256 ], [ -98.970085867303894, 51.19469885386011 ], [ -98.971594063977705, 51.197351928190002 ], [ -98.970262331497409, 51.198466629561615 ], [ -98.958425933799418, 51.198575425405394 ], [ -98.958964916066606, 51.19602183183089 ], [ -98.961384687956297, 51.194687313749199 ], [ -98.959961713520087, 51.193549322026989 ], [ -98.960785695396297, 51.192241235482697 ], [ -98.957573947684992, 51.191219499764905 ], [ -98.958104737600095, 51.189767449569011 ], [ -98.955860367035598, 51.187419657619408 ], [ -98.9556770465081, 51.184609521421201 ], [ -98.953210580820198, 51.182958489172691 ], [ -98.951486807808095, 51.175871914323608 ], [ -98.949370436217094, 51.17512466249331 ], [ -98.949230673562397, 51.172130188205209 ], [ -98.946758003575795, 51.170434052371391 ], [ -98.936371428339598, 51.171975529359713 ], [ -98.934710105811305, 51.17342236392129 ], [ -98.935608519582601, 51.175414641366586 ], [ -98.92823186582001, 51.176912051385791 ], [ -98.927917669006106, 51.181160684925707 ], [ -98.933313764457395, 51.189436723538002 ], [ -98.935903021626501, 51.189991191413391 ], [ -98.934752944256005, 51.193744801641706 ], [ -98.936732449795599, 51.200831740107908 ], [ -98.940968503481599, 51.212510302785716 ], [ -98.944387113542987, 51.215065753937608 ], [ -98.943454599931002, 51.216598471807501 ], [ -98.949058359829294, 51.218156689795592 ], [ -98.951930024846604, 51.2173710900516 ], [ -98.95141629253429, 51.215734303524499 ], [ -98.959923427488405, 51.22118228105991 ], [ -98.960785440335798, 51.226254148863795 ], [ -98.956017285374401, 51.225497113399001 ], [ -98.954967415671405, 51.230064726140597 ], [ -98.951428610135196, 51.231241282149703 ], [ -98.946511695838197, 51.228770794328305 ], [ -98.942865356959004, 51.224165089406405 ], [ -98.938749203508607, 51.223461619513706 ], [ -98.931916578426296, 51.224779691294913 ], [ -98.926813224940005, 51.228094715721205 ], [ -98.926579852718817, 51.230751749299301 ], [ -98.919055944076405, 51.229335020823392 ], [ -98.919970338203896, 51.230608038472809 ], [ -98.914048223976494, 51.230522910156004 ], [ -98.911782152261097, 51.232171282906904 ], [ -98.912765866630707, 51.234581914388095 ], [ -98.908973729987807, 51.236386446843305 ], [ -98.910231943572796, 51.241252163178096 ], [ -98.914900844757611, 51.245810162732688 ], [ -98.912479299208201, 51.2459567473446 ], [ -98.912231606006088, 51.2481281592298 ], [ -98.909087654438693, 51.247626697147808 ], [ -98.910341827470205, 51.251049165342501 ], [ -98.908594483116104, 51.250670145187392 ], [ -98.907243450945003, 51.252732772783702 ], [ -98.902776519346901, 51.250944213513506 ], [ -98.905435422920306, 51.253976733782892 ], [ -98.901967989905799, 51.253825511701805 ], [ -98.902000344134194, 51.255457606808605 ], [ -98.897907646037197, 51.256124021359113 ], [ -98.896298886428795, 51.254616429029895 ], [ -98.886092984644705, 51.25587483122009 ], [ -98.886336460186598, 51.253024568496798 ], [ -98.888231897967799, 51.251385332504604 ], [ -98.886091419604099, 51.250708860564707 ], [ -98.884302216564606, 51.252820253163392 ], [ -98.8814931791227, 51.253019765859108 ], [ -98.884082553511803, 51.254699387436595 ], [ -98.883482436541783, 51.256847905907705 ], [ -98.871722581024301, 51.254888819100806 ], [ -98.871952216356107, 51.257339420477891 ], [ -98.865272926989604, 51.260209398480214 ], [ -98.860352591881707, 51.266466630344908 ], [ -98.859777488114403, 51.269401861255304 ], [ -98.862033316318886, 51.272407898570187 ], [ -98.859514134672096, 51.273501937380608 ], [ -98.859146933044599, 51.276383458491303 ], [ -98.858076066594606, 51.2772903653808 ], [ -98.8545972553555, 51.273423997953394 ], [ -98.845535666343693, 51.248207523969697 ], [ -98.846170141522606, 51.2448453039515 ], [ -98.851320218236907, 51.244964360054382 ], [ -98.851561745339396, 51.232240790275398 ], [ -98.849976643688805, 51.228583459759399 ], [ -98.843962033954398, 51.230553869685906 ], [ -98.849117609921393, 51.226311836101502 ], [ -98.848596778538209, 51.223555066459291 ], [ -98.851513573206304, 51.222731524315499 ], [ -98.852608454977698, 51.2206737025313 ], [ -98.850693845894398, 51.219385395756809 ], [ -98.851751228618795, 51.2178445828253 ], [ -98.849071177433814, 51.205476909053303 ], [ -98.850164075443701, 51.199525480667191 ], [ -98.848943516694007, 51.194178046500497 ], [ -98.850371120594303, 51.1908392747115 ], [ -98.858506023528605, 51.183934379507107 ], [ -98.859715432429297, 51.176733061152405 ], [ -98.868973537420601, 51.173371707364105 ], [ -98.879901261439599, 51.165483749583103 ], [ -98.879265109092103, 51.16263255099841 ], [ -98.876199196866395, 51.161995392686094 ], [ -98.878988060436399, 51.159201718863109 ], [ -98.8750225683835, 51.155515218117401 ], [ -98.876198901039913, 51.154091194777806 ], [ -98.874689439256699, 51.151805551150701 ], [ -98.876538530193002, 51.150058520452006 ], [ -98.874782435064702, 51.146500208461497 ], [ -98.871499735255995, 51.144540827151907 ], [ -98.873471300886294, 51.144992590568499 ], [ -98.872870042446294, 51.14269441021959 ], [ -98.87129972551412, 51.141923852478314 ], [ -98.870921577988398, 51.144247941379724 ], [ -98.868110152114397, 51.142563247904597 ], [ -98.870889227115413, 51.140471145627401 ], [ -98.8661000782988, 51.138181719235298 ], [ -98.866881564501199, 51.137319351122891 ], [ -98.863527948619193, 51.135508034770396 ], [ -98.860568163462503, 51.131147774140999 ], [ -98.861822075327794, 51.1300072395914 ], [ -98.860743278766904, 51.127569044706711 ], [ -98.861895573388097, 51.122134557512403 ], [ -98.866508114694199, 51.110683689842119 ], [ -98.863505503067202, 51.104331631405699 ], [ -98.864516701009606, 51.102885039658894 ], [ -98.8634765592859, 51.099610614484817 ], [ -98.869714144066506, 51.095795980164702 ], [ -98.869056464037101, 51.088484453882693 ], [ -98.866257036360196, 51.086309627497407 ], [ -98.864201169461694, 51.083829858390203 ], [ -98.868562266017705, 51.086528058710009 ], [ -98.867528545459606, 51.083532431255293 ], [ -98.869009610024406, 51.082324625204002 ], [ -98.866478292099799, 51.073927369861202 ], [ -98.8655343457187, 51.072109824463595 ], [ -98.862281798831205, 51.071512539944706 ], [ -98.862691847001003, 51.072821415751285 ], [ -98.860070164856594, 51.073645607300399 ], [ -98.858854660295506, 51.079071052712003 ], [ -98.856760423474199, 51.080003713520696 ], [ -98.856746412473797, 51.082229310800095 ], [ -98.855082945970295, 51.082312688322006 ], [ -98.855353175659602, 51.084929804921103 ], [ -98.853703277230196, 51.085206515679488 ], [ -98.854784946829, 51.088575507802403 ], [ -98.851329278356118, 51.093121302428109 ], [ -98.848864982475902, 51.093437371925809 ], [ -98.848647826889504, 51.096530463160192 ], [ -98.845180111003401, 51.097910746094918 ], [ -98.845782380950297, 51.0993188456304 ], [ -98.842590566020206, 51.101378337377902 ], [ -98.836782239859701, 51.102103250658786 ], [ -98.831104670870999, 51.100211289816698 ], [ -98.828279746189679, 51.101353700389794 ], [ -98.828639090245204, 51.102667110932806 ], [ -98.826697168808906, 51.102524867497706 ], [ -98.826894896852295, 51.105034025835295 ], [ -98.822832621092516, 51.106543151962903 ], [ -98.821374335280595, 51.108739561496293 ], [ -98.820959810785197, 51.112506717730206 ], [ -98.823053265973599, 51.1142229439657 ], [ -98.821712454398806, 51.113676871247783 ], [ -98.821963062665915, 51.117238216427708 ], [ -98.818897529494706, 51.115646362894815 ], [ -98.820496448919201, 51.112267710461516 ], [ -98.816440882850401, 51.110067284078688 ], [ -98.815918879079803, 51.106622396002997 ], [ -98.794066757806803, 51.107701005069991 ], [ -98.7852858862841, 51.10376005028909 ], [ -98.781513194991803, 51.098114852895208 ], [ -98.782810196092399, 51.094097681610101 ], [ -98.788988671151401, 51.087310760680879 ], [ -98.785494551407098, 51.084903436500106 ], [ -98.789066665998604, 51.085858632043688 ], [ -98.787523041220993, 51.084659850077394 ], [ -98.789725691803497, 51.085360741997604 ], [ -98.804224527691701, 51.081950829227097 ], [ -98.8213480434041, 51.074793330558101 ], [ -98.829535496586502, 51.064747554505296 ], [ -98.833340897093905, 51.06414605413989 ], [ -98.834110395698701, 51.062465567797396 ], [ -98.835536071413514, 51.0628497598398 ], [ -98.835047464972206, 51.061801455317095 ], [ -98.847479795254998, 51.063054794317701 ], [ -98.846355090817397, 51.062248500653297 ], [ -98.849623704320294, 51.062027940888107 ], [ -98.849609043658802, 51.059946178342784 ], [ -98.853407664996197, 51.059024785044905 ], [ -98.8561346396733, 51.0608311521814 ], [ -98.850945014426799, 51.054952600955993 ], [ -98.849996929491198, 51.050306799981591 ], [ -98.843017122543898, 51.042878874218708 ], [ -98.846019664818698, 51.038606960919608 ], [ -98.845444515758103, 51.035710632678601 ], [ -98.847478054274404, 51.031005753390794 ], [ -98.851085583016499, 51.026689527439608 ], [ -98.847932380504105, 51.018547279006285 ], [ -98.843555532347196, 51.014306041956104 ], [ -98.839338307566393, 51.013603401998104 ], [ -98.836223068108893, 51.019799394295902 ], [ -98.8313158672876, 51.022508141673207 ], [ -98.826152497729794, 51.017307417755475 ], [ -98.826150312449798, 51.015985519348895 ], [ -98.834257828324198, 51.0151654952383 ], [ -98.838102777267096, 51.012257319655284 ], [ -98.8243685887753, 50.998924085447804 ], [ -98.824870751605999, 50.996132663701609 ], [ -98.840753972203999, 51.00009883653739 ], [ -98.846437680080399, 50.998433609779887 ], [ -98.848554068438702, 50.994007559279098 ], [ -98.845178352903602, 50.989309038834307 ], [ -98.843941842071402, 50.990521384389083 ], [ -98.839170379052518, 50.990024820904587 ], [ -98.835465050658385, 50.98823914129089 ], [ -98.8335321471979, 50.974954425164398 ], [ -98.8366112278391, 50.9742483610504 ], [ -98.839421701541596, 50.970866562731395 ], [ -98.840653389425, 50.973026461812502 ], [ -98.847592656646, 50.976475370613016 ], [ -98.846179343139596, 50.977431224082714 ], [ -98.8487732233597, 50.983572017831598 ], [ -98.855649200943603, 50.985158905474798 ], [ -98.858711699947506, 50.987680557162413 ], [ -98.860423877183109, 50.993977379911406 ], [ -98.866062511483605, 50.99540479732871 ], [ -98.868976947450307, 50.997809102542092 ], [ -98.871189776979193, 51.001511979481101 ], [ -98.86426079388248, 51.007313290003502 ], [ -98.866475958637693, 51.012711336818015 ], [ -98.870984462203893, 51.013876432262101 ], [ -98.882442184419801, 51.012503678274491 ], [ -98.890280108563104, 51.010474502475894 ], [ -98.894398712904703, 51.007740083916509 ], [ -98.907444593815285, 51.005795278700603 ], [ -98.912365199814289, 51.007808894964199 ], [ -98.915870643102906, 51.012267249109101 ], [ -98.912440203964493, 51.020964951099195 ], [ -98.9191110558248, 51.026046006492805 ], [ -98.928836443702295, 51.025634183914093 ], [ -98.931277637298805, 51.023675287739813 ], [ -98.939112907363182, 51.023481798505387 ], [ -98.944669275464193, 51.021191482182509 ], [ -98.938508797270302, 51.027456150784914 ], [ -98.925273183235802, 51.029134523082114 ], [ -98.924384618685295, 51.027479339069693 ], [ -98.920255623982101, 51.027966683597299 ], [ -98.909681402344305, 51.031947144489983 ], [ -98.902169221063801, 51.037125245170806 ], [ -98.902362225548103, 51.040299739314015 ], [ -98.906123008340302, 51.042672328381698 ], [ -98.907600117116999, 51.049462791913001 ], [ -98.906172585245116, 51.0534363061536 ], [ -98.895300261777095, 51.066277229479503 ], [ -98.893083036321499, 51.0777989742747 ], [ -98.898422338050807, 51.084125377687783 ], [ -98.909830070390399, 51.0875967951254 ], [ -98.919033529581611, 51.086893133752497 ], [ -98.930284847457798, 51.081909617574802 ], [ -98.934959576086797, 51.082460846551506 ], [ -98.937803891245593, 51.085330961117599 ], [ -98.937286439965206, 51.0878935096787 ], [ -98.939893803476195, 51.092170747751403 ], [ -98.942578230735705, 51.092266516696206 ], [ -98.944886644549499, 51.090356750924315 ], [ -98.944563713003703, 51.0917414218858 ], [ -98.947083573505196, 51.092133757128806 ], [ -98.943313724964, 51.092185944357496 ], [ -98.943660343841202, 51.094843353516708 ], [ -98.94209479077, 51.096330823314005 ], [ -98.945298691503496, 51.0981398287677 ], [ -98.950077694579903, 51.096379465947109 ], [ -98.9470472967555, 51.098891494922405 ], [ -98.953305953157709, 51.102675443209904 ], [ -98.953172234093302, 51.10072854715149 ], [ -98.959500532779401, 51.107398730866294 ], [ -98.962671589527304, 51.10744025164049 ], [ -98.966223704984799, 51.11382139000861 ], [ -98.969277194406999, 51.108705596682007 ], [ -98.965575907479305, 51.101213947139904 ], [ -98.974358277080015, 51.103446303923697 ], [ -98.981286051420682, 51.102125743549507 ], [ -98.969804063052607, 51.111255059849903 ], [ -98.968128433928996, 51.117418853693408 ], [ -98.976223495328995, 51.128769076114303 ], [ -98.986063388546796, 51.150212767316404 ], [ -98.987484209278307, 51.1567592960374 ], [ -98.9905294824392, 51.159223460587498 ], [ -99.002162664741306, 51.158796691802095 ], [ -99.0122149373544, 51.156273745796092 ], [ -99.015273451760507, 51.151637874793103 ], [ -99.015978892320405, 51.144970010959206 ], [ -99.019493639648402, 51.1401855846362 ], [ -99.019762755166298, 51.134385513100995 ], [ -99.030184447085702, 51.127180456177904 ], [ -99.028126483717813, 51.115149253091296 ], [ -99.0305262909079, 51.114636088817591 ], [ -99.029939394272304, 51.112851263936498 ], [ -99.032295365350294, 51.111133102319208 ], [ -99.033317125880416, 51.111631889941293 ], [ -99.033674184754304, 51.111523879718696 ], [ -99.031887580340381, 51.110184523381093 ], [ -99.030784053504902, 51.104798410319312 ], [ -99.028605851002396, 51.104821444323498 ], [ -99.024590385318902, 51.101369298424395 ], [ -99.025162662164405, 51.103181133820208 ], [ -99.023185307574494, 51.104831637089191 ], [ -99.019529381668306, 51.099265327557603 ], [ -99.054783820155919, 51.099286702038498 ], [ -99.054575189336504, 51.013297631788703 ], [ -98.979610417522906, 51.013295110704988 ], [ -98.979592083508905, 51.027689762798808 ], [ -98.965055015825101, 51.027680295126615 ], [ -98.960606388900302, 51.024705003186703 ], [ -98.951389969782696, 51.022916528637204 ], [ -98.947986871828903, 51.018792016144097 ], [ -98.954815998291295, 51.0114075352149 ], [ -98.950228700370701, 51.002215345141401 ], [ -98.951046270617496, 50.997260821767007 ], [ -98.947744427934708, 50.993487034082797 ], [ -98.943954063208395, 50.99355272115541 ], [ -98.9438083947515, 50.996182960381503 ], [ -98.942083124769198, 50.997000436068909 ], [ -98.943841908686807, 50.99793201904361 ], [ -98.941939875905504, 50.9975983666452 ], [ -98.941638371769884, 50.999387724830996 ], [ -98.939949948396404, 50.999139575417296 ], [ -98.941220699944992, 50.997224818044998 ], [ -98.940302955561506, 50.99613176309051 ], [ -98.939298817806304, 50.995758056612416 ], [ -98.938768755675397, 50.997897996735396 ], [ -98.937337461040798, 50.997240784926696 ], [ -98.936971377278795, 51.004493040081798 ], [ -98.934853619681505, 51.005386631749815 ], [ -98.931299963106099, 51.003743465953605 ], [ -98.928704902659902, 50.999834670118695 ], [ -98.930998997134196, 50.995258861696904 ], [ -98.944816661621203, 50.987105497030498 ], [ -98.946936215124694, 50.983738778501802 ], [ -98.947097353638696, 50.979840589736298 ], [ -98.941214998271306, 50.967895681183897 ], [ -98.928294671791605, 50.95623410496291 ], [ -98.911387224799697, 50.952522057424304 ], [ -98.897175202509402, 50.951031131133298 ], [ -98.894083477706502, 50.9521164704461 ], [ -98.891822470919394, 50.950994822049097 ], [ -98.893769305801399, 50.949418410934989 ], [ -98.882994308538102, 50.951678740436698 ], [ -98.876452197497201, 50.9572294154327 ], [ -98.878863889909994, 50.960608651148796 ], [ -98.878399612380505, 50.963912935937017 ], [ -98.887891499105294, 50.978359969724309 ], [ -98.8867395527394, 50.9805215636367 ], [ -98.883762834671387, 50.980307315181911 ], [ -98.880579469921102, 50.982916435441794 ], [ -98.874857048231789, 50.983908616699999 ], [ -98.868955259792983, 50.98780040654561 ], [ -98.856100026879517, 50.979885340374807 ], [ -98.854990366604099, 50.977132250864997 ], [ -98.857570908393285, 50.976366563199889 ], [ -98.861718619168201, 50.9802473314057 ], [ -98.858960235484801, 50.973836847321103 ], [ -98.853777282538204, 50.971069761832709 ], [ -98.850223630190698, 50.971128207346993 ], [ -98.851709368231397, 50.969704783188291 ], [ -98.849928302027806, 50.967751123951103 ], [ -98.849099668536596, 50.970762562442907 ], [ -98.843077132517294, 50.968074845733092 ], [ -98.837864813002597, 50.961925806885709 ], [ -98.839132723641299, 50.95969290651081 ], [ -98.837478439334703, 50.954308560177296 ], [ -98.838815103249701, 50.952723221981714 ], [ -98.849796119766609, 50.955745877380991 ], [ -98.853115294986807, 50.955174573741502 ], [ -98.860447275474101, 50.948151365339001 ], [ -98.867516273399204, 50.9452415028438 ], [ -98.869831927112202, 50.941777461896599 ], [ -98.870462521604395, 50.937659552566195 ], [ -98.862535643698294, 50.927862034417807 ], [ -98.862124949961398, 50.924795066614806 ], [ -98.865220948591002, 50.919398608550409 ], [ -98.861699024876813, 50.907686072456585 ], [ -98.858003592490405, 50.904511726822413 ], [ -98.861172487916306, 50.903000275283802 ], [ -98.861733972280405, 50.895887745717403 ], [ -98.867514078858903, 50.890903515520804 ], [ -98.862384518608394, 50.875376203066999 ], [ -98.848557921875383, 50.87012532977959 ], [ -98.843058843135495, 50.863539895194386 ], [ -98.837637781755404, 50.863572947468391 ], [ -98.838725754182406, 50.861240844565792 ], [ -98.835689683959799, 50.855881440670991 ], [ -98.826746155530302, 50.853984529501098 ], [ -98.823168559917988, 50.855206672251605 ], [ -98.822875394408001, 50.857589301772499 ], [ -98.820022145051496, 50.856937460233503 ], [ -98.814649764072996, 50.843084724352593 ], [ -98.809188763294799, 50.837815159662 ], [ -98.810443250407488, 50.833140965808703 ], [ -98.809440312816221, 50.828355176909504 ], [ -98.800498130651604, 50.824293479860891 ], [ -98.796889874901183, 50.818221618507508 ], [ -98.791381337072707, 50.816755066741607 ], [ -98.792583723764693, 50.816105232538092 ], [ -98.791509673085699, 50.813436953086594 ], [ -98.784397908605797, 50.810438417051387 ], [ -98.784189389373793, 50.807947023296997 ], [ -98.776033931129504, 50.794955010156102 ], [ -98.762451926760804, 50.7802203458089 ], [ -98.739201306471486, 50.773025848486903 ], [ -98.74059105621329, 50.7615045716379 ], [ -98.738700978435105, 50.758460755150885 ], [ -98.7293013033931, 50.7522881737004 ], [ -98.726034691450707, 50.744843408315901 ], [ -98.721426501267104, 50.740363009807304 ], [ -98.720517597297786, 50.733535201215908 ], [ -98.716901312044399, 50.730486864780509 ], [ -98.718528452953407, 50.717869198440503 ], [ -98.714117567092998, 50.709445546242712 ], [ -98.696717580708096, 50.689810350408507 ], [ -98.696356215340501, 50.686576422896408 ], [ -98.690728811089997, 50.678018260453797 ], [ -98.682035180565705, 50.671187144197305 ], [ -98.665494830651383, 50.663838495321293 ], [ -98.6667258124981, 50.662839296393301 ], [ -98.665301795351894, 50.660141795523899 ], [ -98.654329571955088, 50.646696605101404 ], [ -98.650366397157796, 50.637547804284495 ], [ -98.634369245692795, 50.616095094296192 ], [ -98.636715041077295, 50.606079578655006 ], [ -98.643926896397602, 50.595160294260481 ], [ -98.706611386310797, 50.594840972986994 ], [ -98.706872212149889, 50.506329527197103 ], [ -98.846497477014765, 50.506368188620286 ], [ -98.846358876, 50.565002254550407 ], [ -98.985260458331794, 50.564682586940599 ], [ -98.985033958421994, 50.59461770650541 ], [ -98.996569098755998, 50.594621156960699 ], [ -98.996673240683705, 50.6387316418217 ], [ -99.27639053845941, 50.638960789439189 ], [ -99.275163462461293, 50.66859031130469 ], [ -99.276522558202203, 50.859997731754611 ], [ -99.276050232919999, 50.948614155182895 ], [ -99.289865279248005, 50.948604767463003 ], [ -99.290316752220207, 51.036973857301398 ], [ -99.359982088126998, 51.037039203089094 ], [ -99.360263631129399, 51.125507400597584 ], [ -99.43047517579808, 51.125487562549701 ], [ -99.430592719066411, 51.184427620754292 ], [ -99.430721204917802, 51.302306708692903 ], [ -99.433693797006697, 51.302311152317898 ], [ -99.434221164416002, 51.318115344778484 ], [ -99.433645057054505, 51.44899013551629 ] ] ] } },
{ "type": "Feature", "properties": { "OBJECTID": 46, "MUNI_NO": 400, "MUNI_NAME": "TOWN OF ALTONA", "MUNI_TYPE": "TOWN", "MUNI_LIST_NAME": "ALTONA", "MUNI_LIST_NAME_WITH_TYPE": "ALTONA (TOWN)", "Shape__Area": 18785478.33984375, "Shape__Length": 22011.462478215864 }, "geometry": { "type": "Polygon", "coordinates": [ [ [ -97.559586455333886, 49.132676077708297 ], [ -97.559281246916498, 49.125665922558404 ], [ -97.549879661975794, 49.125681583627497 ], [ -97.549939403377707, 49.110941126859785 ], [ -97.547334767295695, 49.106866806756393 ], [ -97.549920825175604, 49.100037100642282 ], [ -97.549914386542497, 49.093772863012198 ], [ -97.560336539352903, 49.094938828648708 ], [ -97.561162588869493, 49.088533357430684 ], [ -97.5791539434979, 49.088614869402086 ], [ -97.579208403568217, 49.118140584153501 ], [ -97.572525495478402, 49.118099979603095 ], [ -97.572539097175707, 49.125642516515498 ], [ -97.559686762186502, 49.125665220372106 ], [ -97.559586455333886, 49.132676077708297 ] ] ] } },
{ "type": "Feature", "properties": { "OBJECTID": 93, "MUNI_NO": 300, "MUNI_NAME": "TOWN OF ARBORG", "MUNI_TYPE": "TOWN", "MUNI_LIST_NAME": "ARBORG", "MUNI_LIST_NAME_WITH_TYPE": "ARBORG (TOWN)", "Shape__Area": 5496074.2109375, "Shape__Length": 10340.265445749747 }, "geometry": { "type": "Polygon", "coordinates": [ [ [ -97.217022364707475, 50.905545737661065 ], [ -97.217431301916804, 50.905759243842603 ], [ -97.217410454304201, 50.902525775026206 ], [ -97.227575792510393, 50.902601669246408 ], [ -97.227737921507796, 50.915853277936904 ], [ -97.204870263048704, 50.915657385842707 ], [ -97.204728342912404, 50.903624539531791 ], [ -97.213242051804897, 50.903645892594305 ], [ -97.213330974034648, 50.903695357332047 ], [ -97.217022364707475, 50.905545737661065 ] ] ] } },
{ "type": "Feature", "properties": { "OBJECTID": 2, "MUNI_NO": 102, "MUNI_NAME": "RM OF ARGYLE", "MUNI_TYPE": "RM", "MUNI_LIST_NAME": "ARGYLE", "MUNI_LIST_NAME_WITH_TYPE": "ARGYLE (RM)", "Shape__Area": 1909428965.6757813, "Shape__Length": 206734.85680367323 }, "geometry": { "type": "Polygon", "coordinates": [ [ [ -99.088515030102684, 49.206618144792571 ], [ -99.088515624154894, 49.206680538504209 ], [ -99.147811499305888, 49.206796551535412 ], [ -99.178607441571188, 49.20687491751309 ], [ -99.178603775162898, 49.217571104691409 ], [ -99.197666195713694, 49.2217801229435 ], [ -99.224220446116306, 49.221652453486008 ], [ -99.246893401174603, 49.221662529272002 ], [ -99.2468387895874, 49.229502029384804 ], [ -99.257885295068618, 49.229473759461705 ], [ -99.257927083954996, 49.221617190710603 ], [ -99.359894571295342, 49.222022588102284 ], [ -99.359894632332299, 49.222104429641519 ], [ -99.360127989039853, 49.532843411071035 ], [ -99.360128031201796, 49.532899166745388 ], [ -99.098423702950342, 49.532252624078488 ], [ -99.098397829322465, 49.532252525508881 ], [ -99.097997506551749, 49.532250999543969 ], [ -99.088749892153501, 49.532215292638504 ], [ -99.088542865346696, 49.354859098522191 ], [ -98.953431715868206, 49.354456992755203 ], [ -98.953294129739604, 49.324808593352508 ], [ -98.964111615385093, 49.324991191326099 ], [ -98.963886025464703, 49.295491045867806 ], [ -98.975435238464598, 49.295490569892415 ], [ -98.975329878263096, 49.280624775322394 ], [ -98.998005718814397, 49.280572700948809 ], [ -98.998021434539993, 49.265786408293906 ], [ -99.009223927586106, 49.265770315449004 ], [ -99.009224323290098, 49.250932261842301 ], [ -99.020952225075504, 49.250954837412813 ], [ -99.020811614553097, 49.243670075544607 ], [ -99.009068820648906, 49.243684727175697 ], [ -99.008913314795407, 49.236165616638708 ], [ -99.020671069885793, 49.236114007591993 ], [ -99.021117370552105, 49.213843179202691 ], [ -99.065734836302695, 49.214150775166708 ], [ -99.065663515758402, 49.206539721829408 ], [ -99.088515030102684, 49.206618144792571 ] ] ] } },
{ "type": "Feature", "properties": { "OBJECTID": 83, "MUNI_NO": 602, "MUNI_NAME": "RM OF ARMSTRONG", "MUNI_TYPE": "RM", "MUNI_LIST_NAME": "ARMSTRONG", "MUNI_LIST_NAME_WITH_TYPE": "ARMSTRONG (RM)", "Shape__Area": 4795204102.4375, "Shape__Length": 326459.26512475224 }, "geometry": { "type": "Polygon", "coordinates": [ [ [ -97.114842691140495, 50.595596843673199 ], [ -97.114475319304503, 50.506847515190884 ], [ -97.460158767072897, 50.506890883291199 ], [ -97.460045795384431, 50.418506501306148 ], [ -97.619319798028798, 50.418066528632302 ], [ -97.645040890540713, 50.41805171706114 ], [ -97.645563512332899, 50.477004444491484 ], [ -97.668640975612604, 50.476955503269302 ], [ -97.6675629795877, 50.594952910619007 ], [ -97.692509387048403, 50.595067437346003 ], [ -97.727638966641408, 50.594970055817463 ], [ -97.737510777496297, 50.594940467583299 ], [ -97.739869499289313, 50.594969121550207 ], [ -97.739459735163294, 50.77183927971452 ], [ -97.878965426339519, 50.771978507535707 ], [ -97.879149527929712, 50.860433874017389 ], [ -97.463055870528919, 50.860518807660299 ], [ -97.110975493767398, 50.860721348508498 ], [ -97.1103492874811, 50.816422267862791 ], [ -97.111059151628538, 50.792332795990909 ], [ -97.111639905680207, 50.772604705319708 ], [ -97.111298348344604, 50.595592321614809 ], [ -97.114842691140495, 50.595596843673199 ] ] ] } },
{ "type": "Feature", "properties": { "OBJECTID": 130, "MUNI_NO": 781, "MUNI_NAME": "BADEN-NORTHERN AFFAIRS ACT", "MUNI_TYPE": "NORTHERN SETTLEMENT", "MUNI_LIST_NAME": "BADEN", "MUNI_LIST_NAME_WITH_TYPE": "BADEN (NORTHERN SETTLEMENT)", "Shape__Area": 1767760.25, "Shape__Length": 5318.2907576079251 }, "geometry": { "type": "Polygon", "coordinates": [ [ [ -101.212261312593, 52.783564247883007 ], [ -101.212236404693982, 52.776332494576003 ], [ -101.224166446613012, 52.776307113503201 ], [ -101.224194624874002, 52.7835388752803 ], [ -101.212261312593, 52.783564247883007 ] ] ] } },
{ "type": "Feature", "properties": { "OBJECTID": 140, "MUNI_NO": 782, "MUNI_NAME": "BARROWS-NORTHERN AFFAIRS ACT", "MUNI_TYPE": "NORTHERN COMMUNITY", "MUNI_LIST_NAME": "BARROWS", "MUNI_LIST_NAME_WITH_TYPE": "BARROWS (NORTHERN COMMUNITY)", "Shape__Area": 7089357.5546875, "Shape__Length": 10650.34772843099 }, "geometry": { "type": "Polygon", "coordinates": [ [ [ -101.430075696263998, 52.841671840541608 ], [ -101.430052412457002, 52.82720240230541 ], [ -101.453937037082, 52.82717132252801 ], [ -101.453970569893002, 52.841635653707002 ], [ -101.430075696263998, 52.841671840541608 ] ] ] } },
{ "type": "Feature", "properties": { "OBJECTID": 101, "MUNI_NO": 401, "MUNI_NAME": "TOWN OF BEAUSEJOUR", "MUNI_TYPE": "TOWN", "MUNI_LIST_NAME": "BEAUSEJOUR", "MUNI_LIST_NAME_WITH_TYPE": "BEAUSEJOUR (TOWN)", "Shape__Area": 13670344.73828125, "Shape__Length": 16980.105155704223 }, "geometry": { "type": "Polygon", "coordinates": [ [ [ -96.498211803353598, 50.076351850472705 ], [ -96.498348715906303, 50.047116784266919 ], [ -96.508565908672992, 50.047135904666796 ], [ -96.509605034811997, 50.0507765536655 ], [ -96.526918424521298, 50.05081642280711 ], [ -96.526830077027483, 50.064903227163903 ], [ -96.521195259307504, 50.066164098008706 ], [ -96.521145720620794, 50.076380467354802 ], [ -96.498211803353598, 50.076351850472705 ] ] ] } },
{ "type": "Feature", "properties": { "OBJECTID": 171, "MUNI_NO": 744, "MUNI_NAME": "BERENS RIVER-NORTHERN AFFAIRS ACT", "MUNI_TYPE": "NORTHERN COMMUNITY", "MUNI_LIST_NAME": "BERENS RIVER", "MUNI_LIST_NAME_WITH_TYPE": "BERENS RIVER (NORTHERN COMMUNITY)", "Shape__Area": 14713516.875, "Shape__Length": 42853.138794487852 }, "geometry": { "type": "MultiPolygon", "coordinates": [ [ [ [ -97.044582118887703, 52.345567009664606 ], [ -97.036619616298395, 52.346598607241198 ], [ -97.036237961271596, 52.34448722757741 ], [ -97.034708978566798, 52.344398945594797 ], [ -97.036246257203302, 52.341739240782395 ], [ -97.034967047323903, 52.340857936458903 ], [ -97.033938746741086, 52.342992384392602 ], [ -97.029568696347795, 52.342167296051599 ], [ -97.025167695941605, 52.34348864689521 ], [ -97.0291232450584, 52.344725644753403 ], [ -97.029175218244703, 52.346041306460599 ], [ -97.0204601552649, 52.344804730708191 ], [ -97.019949281853499, 52.3462066243602 ], [ -97.022397796448899, 52.347368720732902 ], [ -97.021447723316797, 52.348623114108001 ], [ -97.009792892499703, 52.347192345908503 ], [ -97.009369503737901, 52.332782530147306 ], [ -97.030410808719793, 52.332772899706193 ], [ -97.030410878621694, 52.340003389432901 ], [ -97.067678546723414, 52.340019287165397 ], [ -97.067373257068098, 52.341954684331498 ], [ -97.055874446470796, 52.349346929264506 ], [ -97.05336136108501, 52.346703413566203 ], [ -97.048872135045201, 52.348026016764294 ], [ -97.044582118887703, 52.345567009664606 ] ] ], [ [ [ -96.996100951496302, 52.360007241610113 ], [ -96.992225647445494, 52.359328416459697 ], [ -96.992221655730603, 52.3488785054545 ], [ -96.996096477101503, 52.348736833846701 ], [ -96.996100951496302, 52.360007241610113 ] ] ], [ [ [ -97.032886702721697, 52.352754477365707 ], [ -97.033875800355005, 52.354124405913204 ], [ -97.031531582641094, 52.355003787235589 ], [ -97.035619194784402, 52.357286816963303 ], [ -97.030304385326303, 52.358030361756398 ], [ -97.031049439263398, 52.360251630730005 ], [ -97.032962624600898, 52.360493909562905 ], [ -97.028310128882694, 52.360654519925006 ], [ -97.028802204107606, 52.362346684845498 ], [ -97.009476747052005, 52.362349105672592 ], [ -97.010366257261396, 52.355978763957189 ], [ -97.02024470679622, 52.355284424953098 ], [ -97.023498350082889, 52.3512952825415 ], [ -97.024339844885802, 52.353047970069611 ], [ -97.026962666063795, 52.351750490110391 ], [ -97.030011286450602, 52.3533475892173 ], [ -97.032886702721697, 52.352754477365707 ] ] ] ] } },
{ "type": "Feature", "properties": { "OBJECTID": 66, "MUNI_NO": 105, "MUNI_NAME": "MUNICIPALITY OF BIFROST-RIVERTON", "MUNI_TYPE": "MUNICIPALITY", "MUNI_LIST_NAME": "BIFROST-RIVERTON", "MUNI_LIST_NAME_WITH_TYPE": "BIFROST-RIVERTON (MUNICIPALITY)", "Shape__Area": 4179905005.328125, "Shape__Length": 394050.47936529806 }, "geometry": { "type": "Polygon", "coordinates": [ [ [ -97.462416605673695, 51.03808802624841 ], [ -97.391785617105398, 51.038108574855393 ], [ -97.391933874659998, 51.067603051651311 ], [ -97.3685123867361, 51.067590675803608 ], [ -97.368481309878206, 51.303073823737591 ], [ -97.321774457496105, 51.303227598320703 ], [ -96.925082403886805, 51.302976975689702 ], [ -96.936455039049406, 51.298344577697804 ], [ -96.938352947862086, 51.295527140733704 ], [ -96.937957806092498, 51.293141449732509 ], [ -96.941288519518196, 51.29227376588031 ], [ -96.942900257982998, 51.28990988133981 ], [ -96.941795428903589, 51.285429774784895 ], [ -96.942937034683993, 51.282990170955401 ], [ -96.954188184800898, 51.280709712349903 ], [ -96.957356797719697, 51.278620150151397 ], [ -96.955370169997906, 51.275244445950101 ], [ -96.955801851789801, 51.276340177618799 ], [ -96.952478326723707, 51.277239870218516 ], [ -96.952562873624913, 51.27517738276569 ], [ -96.956300693847396, 51.274631166221511 ], [ -96.969443301564795, 51.264508626675493 ], [ -96.972131764080117, 51.261236710722102 ], [ -96.971941031878785, 51.257429232207485 ], [ -96.974832152678403, 51.254749828916097 ], [ -96.974976994039295, 51.251780042545093 ], [ -96.986649633948502, 51.246198757606003 ], [ -96.989395253393795, 51.241398568926797 ], [ -96.993505159123103, 51.239800858469501 ], [ -96.995855020574496, 51.232214795547499 ], [ -97.001812604415306, 51.229438830813706 ], [ -97.001934381899204, 51.222433161756008 ], [ -97.000390590286003, 51.221765709316401 ], [ -97.004763842005602, 51.220320502155801 ], [ -97.004273764107296, 51.218738309700306 ], [ -97.006353501427895, 51.218994106373408 ], [ -97.006600876927806, 51.216417235229009 ], [ -97.008907028146496, 51.214410524983897 ], [ -97.00826904152521, 51.212106363762501 ], [ -97.006646331719494, 51.20911919987369 ], [ -97.003765130373097, 51.207820707798824 ], [ -97.0049221764083, 51.209041058876792 ], [ -97.000795900669402, 51.208610878745297 ], [ -97.001978452064193, 51.210398276003403 ], [ -97.000093594292807, 51.2096196194952 ], [ -96.992729455040205, 51.213023382094498 ], [ -96.998721036194098, 51.209740039646498 ], [ -96.9941689060513, 51.210048788176209 ], [ -96.9938174052741, 51.211382770779593 ], [ -96.993961547345094, 51.209384220615597 ], [ -97.002165261705102, 51.207240304017994 ], [ -97.000467335271694, 51.205894602227218 ], [ -96.999375760076504, 51.207682767448091 ], [ -96.997290366063794, 51.20641499325351 ], [ -96.999860292862394, 51.203108937605485 ], [ -96.9942947641822, 51.199395536467797 ], [ -96.991746932607995, 51.20401315647689 ], [ -96.985711468573797, 51.201089957994597 ], [ -96.986245857274994, 51.196386626716389 ], [ -96.984726259969705, 51.192996927099401 ], [ -96.973332934560901, 51.182898319251592 ], [ -96.964626106617004, 51.185323734012606 ], [ -96.964491403084907, 51.187893509175396 ], [ -96.965845592259896, 51.187040210558095 ], [ -96.963752461926902, 51.190371824493894 ], [ -96.948642433400906, 51.190944176635803 ], [ -96.919581035995293, 51.196523933212603 ], [ -96.898502825412507, 51.205080493969099 ], [ -96.897997862077489, 51.126435326644113 ], [ -96.852451266725282, 51.126039711660901 ], [ -96.843396479874997, 51.116782651484009 ], [ -96.848898454367998, 51.112616541324506 ], [ -96.849211803861195, 51.108638113099403 ], [ -96.852679496480704, 51.109956488502 ], [ -96.857585359781694, 51.108913313044106 ], [ -96.856734784178002, 51.099661223835909 ], [ -96.858329887926899, 51.099299239789801 ], [ -96.858579888186199, 51.101925475185304 ], [ -96.864472999586596, 51.105783656269111 ], [ -96.863864376746605, 51.103182361143006 ], [ -96.866704902949706, 51.1035400265025 ], [ -96.862027671638003, 51.100729482348406 ], [ -96.864867770528406, 51.0930333579769 ], [ -96.858980606048206, 51.082587411884703 ], [ -96.861504072456597, 51.080349220798091 ], [ -96.868079066522114, 51.078796533740601 ], [ -96.868570885398, 51.080365909764708 ], [ -96.870303261414804, 51.0802625896143 ], [ -96.872088719253796, 51.084913368367488 ], [ -96.881820830128603, 51.086771987908399 ], [ -96.896887220499806, 51.085016031801501 ], [ -96.903108759033202, 51.086688227245411 ], [ -96.907003387636394, 51.085822706027905 ], [ -96.910412439121714, 51.088757174056603 ], [ -96.911377367520402, 51.091904202209001 ], [ -96.906492895588499, 51.090328362922797 ], [ -96.909008195560986, 51.0928196580305 ], [ -96.911565808388602, 51.092159391001211 ], [ -96.914778062088899, 51.094564081254298 ], [ -96.914965248092301, 51.091990751645305 ], [ -96.917120423056701, 51.094880154978306 ], [ -96.919518362961, 51.095390533339 ], [ -96.916743414406099, 51.091352437879401 ], [ -96.920449256393397, 51.091355482474818 ], [ -96.9179593689108, 51.082245587440809 ], [ -96.919695078358401, 51.079839227405309 ], [ -96.918147385283206, 51.0775812462158 ], [ -96.9213293126612, 51.07395949723611 ], [ -96.927800456941014, 51.073067145131311 ], [ -96.929810120372196, 51.0705800551941 ], [ -96.930031138008303, 51.067386737131692 ], [ -96.927217692018601, 51.062947970146794 ], [ -96.932807286795807, 51.067229030227807 ], [ -96.939580333354399, 51.066422314805706 ], [ -96.939738716689206, 51.059963191010311 ], [ -96.937784145105795, 51.056416697547895 ], [ -96.931002549882194, 51.055046688840207 ], [ -96.941954872376002, 51.056170962822605 ], [ -96.943848946319207, 51.058030016048292 ], [ -96.946540871625601, 51.059278005315598 ], [ -96.943233341923118, 51.055820239753515 ], [ -96.959473792029897, 51.052228752066213 ], [ -96.960717542127597, 51.053149828331094 ], [ -96.960488701066097, 51.053811361005202 ], [ -96.960863594069707, 51.05388535656671 ], [ -96.960494287040007, 51.051086394428317 ], [ -96.965389280956302, 51.046998705008008 ], [ -96.963958353208795, 51.040750192921799 ], [ -96.966053243186806, 51.040962059284901 ], [ -96.965496793031804, 51.039661785515896 ], [ -96.963722853479595, 51.040264929570895 ], [ -96.9626446116458, 51.037853826194706 ], [ -96.957807101665196, 51.038380928960287 ], [ -96.95759457705681, 51.037050652600207 ], [ -96.9600941830886, 51.036325370677517 ], [ -96.959339577987706, 51.034832738657109 ], [ -96.964167391125201, 51.033379061391209 ], [ -96.967520074585906, 51.036131031942411 ], [ -96.9688153969187, 51.035703879618211 ], [ -96.964303307281995, 51.033044168721204 ], [ -96.965213288284886, 51.031481639958805 ], [ -96.962753354322899, 51.032936206262001 ], [ -96.961771369220102, 51.028498703570101 ], [ -96.958537308625793, 51.027448432056914 ], [ -96.958032736475502, 51.018486430849606 ], [ -96.954433138170614, 51.015716355077501 ], [ -96.948282339008003, 51.005508570385494 ], [ -96.945562025872903, 51.004003772971302 ], [ -96.946298635907695, 51.00184924758009 ], [ -96.948668275955399, 51.001607590838105 ], [ -96.948154653837506, 51.000649733609507 ], [ -96.945118179115696, 51.002435558537194 ], [ -96.943111083575104, 51.001730196991097 ], [ -96.939468246310597, 50.996607023049705 ], [ -96.928966291283999, 50.992405559135186 ], [ -96.919832044086903, 50.995899167378688 ], [ -96.919194371856193, 50.998365581149102 ], [ -96.917944878001506, 50.9988964266743 ], [ -96.919291390434694, 50.996037932641002 ], [ -96.931312058290501, 50.989007034697515 ], [ -96.929406146268207, 50.986846238608713 ], [ -96.932905316657795, 50.982173029045995 ], [ -96.930499420670202, 50.97652281577529 ], [ -96.932549184933208, 50.973834020453104 ], [ -96.933600063041297, 50.96652721038501 ], [ -96.950326869745794, 50.950381466131404 ], [ -96.951895745497197, 50.946757532689702 ], [ -96.951238798776203, 50.9422716062302 ], [ -96.954931716584596, 50.936135153342505 ], [ -96.965302372023999, 50.924687430920514 ], [ -96.981527006789506, 50.912796058907809 ], [ -96.982238713999095, 50.910978131527401 ], [ -96.980291615108399, 50.910607186793989 ], [ -96.983516021504002, 50.910883287714107 ], [ -96.986874854353104, 50.907550617507518 ], [ -96.993816840785101, 50.892655037528208 ], [ -96.992862499998793, 50.879296325653002 ], [ -96.983884106235195, 50.864661477476488 ], [ -96.973983492512303, 50.856516922052108 ], [ -96.95716252057548, 50.850764308965417 ], [ -96.946630546526706, 50.837758591533998 ], [ -96.946790400635095, 50.831204836647885 ], [ -96.943801020968294, 50.825548957536 ], [ -96.946095107107396, 50.819545450522185 ], [ -96.948935085490504, 50.8169040952587 ], [ -96.949055996728703, 50.81690404859291 ], [ -97.1103492874811, 50.816422267862791 ], [ -97.110975493767398, 50.860721348508498 ], [ -97.463055870528919, 50.860518807660299 ], [ -97.463053003334437, 50.861318511794742 ], [ -97.462416605673695, 51.03808802624841 ] ], [ [ -97.213330974034648, 50.903695357332047 ], [ -97.213242051804897, 50.903645892594305 ], [ -97.204728342912404, 50.903624539531791 ], [ -97.204870263048704, 50.915657385842707 ], [ -97.227737921507796, 50.915853277936904 ], [ -97.227575792510393, 50.902601669246408 ], [ -97.217410454304201, 50.902525775026206 ], [ -97.217431301916804, 50.905759243842603 ], [ -97.217022364707475, 50.905545737661065 ], [ -97.213330974034648, 50.903695357332047 ] ] ] } },
{ "type": "Feature", "properties": { "OBJECTID": 70, "MUNI_NO": 746, "MUNI_NAME": "BISSETT-NORTHERN AFFAIRS ACT", "MUNI_TYPE": "NORTHERN COMMUNITY", "MUNI_LIST_NAME": "BISSETT", "MUNI_LIST_NAME_WITH_TYPE": "BISSETT (NORTHERN COMMUNITY)", "Shape__Area": 89033031.6484375, "Shape__Length": 40914.873439599934 }, "geometry": { "type": "Polygon", "coordinates": [ [ [ -95.634561458219096, 51.045494767326318 ], [ -95.634488694909095, 51.001866646709303 ], [ -95.739202523697799, 51.001827221290306 ], [ -95.739205523912403, 51.041575388055101 ], [ -95.736028419301903, 51.040794603933307 ], [ -95.737124794058602, 51.038211008094599 ], [ -95.730932259136793, 51.038691333506087 ], [ -95.729128191602399, 51.041793277528491 ], [ -95.734574833110401, 51.043252865645599 ], [ -95.733444332814699, 51.045451036287091 ], [ -95.634561458219096, 51.045494767326318 ] ] ] } },
{ "type": "Feature", "properties": { "OBJECTID": 28, "MUNI_NO": 153, "MUNI_NAME": "MUNICIPALITY OF BOISSEVAIN-MORTON", "MUNI_TYPE": "MUNICIPALITY", "MUNI_LIST_NAME": "BOISSEVAIN-MORTON", "MUNI_LIST_NAME_WITH_TYPE": "BOISSEVAIN-MORTON (MUNICIPALITY)", "Shape__Area": 2731917657.609375, "Shape__Length": 215568.43572080092 }, "geometry": { "type": "Polygon", "coordinates": [ [ [ -99.90156182434751, 49.355176833641522 ], [ -99.901543893676163, 49.355176793942377 ], [ -99.901543893685854, 49.355176770474344 ], [ -99.901580417139996, 49.266660970912191 ], [ -99.901574359537207, 49.1775135905635 ], [ -99.884727017998301, 49.17752587065231 ], [ -99.885340629248702, 48.9992240181003 ], [ -100.288945658662996, 48.999333551892903 ], [ -100.287541722370008, 49.177472004295709 ], [ -100.308105050389997, 49.177504097668702 ], [ -100.308075154391005, 49.355228259155709 ], [ -99.90156182434751, 49.355176833641522 ] ] ] } },
{ "type": "Feature", "properties": { "OBJECTID": 102, "MUNI_NO": 500, "MUNI_NAME": "CITY OF BRANDON", "MUNI_TYPE": "CITY", "MUNI_LIST_NAME": "BRANDON", "MUNI_LIST_NAME_WITH_TYPE": "BRANDON (CITY)", "Shape__Area": 193445369.8828125, "Shape__Length": 97207.227220430868 }, "geometry": { "type": "MultiPolygon", "coordinates": [ [ [ [ -99.916409350686706, 49.86803608699261 ], [ -99.922011821512314, 49.86756964560869 ], [ -99.922011594911993, 49.865744851755998 ], [ -99.927321833330893, 49.865998954249697 ], [ -99.927323378827793, 49.86439343032059 ], [ -99.916404766378704, 49.8643885113894 ], [ -99.916406853050205, 49.862564418296799 ], [ -99.921299752397118, 49.862104066177203 ], [ -99.921335177045705, 49.858947895969905 ], [ -99.917279198157004, 49.860652394575716 ], [ -99.913321027210401, 49.859672152359913 ], [ -99.910491215078295, 49.855557183454501 ], [ -99.912655442616, 49.85138631603531 ], [ -99.911401264592001, 49.849127420820501 ], [ -99.902804932765008, 49.848588608130406 ], [ -99.898059710816483, 49.851644402845203 ], [ -99.896206946943707, 49.850758977203597 ], [ -99.894817357045198, 49.846931264699705 ], [ -99.888080244753795, 49.850373884376012 ], [ -99.8752172497651, 49.849422832070616 ], [ -99.867637004292803, 49.85282806360221 ], [ -99.862761958530811, 49.852515652314707 ], [ -99.859756058823194, 49.849953197013903 ], [ -99.848513231104306, 49.849926593954798 ], [ -99.848514989561394, 49.857332705808901 ], [ -99.825641685505502, 49.857319356320303 ], [ -99.825244950268797, 49.82943269771669 ], [ -99.817800138272801, 49.823628705649689 ], [ -99.809935469907998, 49.822340918820991 ], [ -99.806056017678202, 49.813127620154717 ], [ -99.950478347110305, 49.812662453571207 ], [ -99.950478831627194, 49.811066196983205 ], [ -99.962321944007201, 49.811098848178396 ], [ -99.962607427916893, 49.805307356182304 ], [ -99.966549215729003, 49.806967684492811 ], [ -99.973306935862297, 49.806995944079198 ], [ -99.973305942609699, 49.805352284313997 ], [ -99.976104201722094, 49.805363827330893 ], [ -99.9761112836769, 49.812617703258006 ], [ -99.996155710491095, 49.81268442356911 ], [ -99.996199883824303, 49.838630615254807 ], [ -100.007625355702999, 49.83868780474031 ], [ -100.007609225598003, 49.852689405293617 ], [ -100.007072910159536, 49.853662712707582 ], [ -100.007005331808998, 49.855493835951293 ], [ -100.00606555027376, 49.855490750029418 ], [ -100.005638294910185, 49.85548934410005 ], [ -100.004813520461013, 49.855486624843309 ], [ -100.004367807576003, 49.851606929579503 ], [ -99.999550456525796, 49.852661508462333 ], [ -99.998752064934095, 49.852836258812907 ], [ -99.998713057174768, 49.853300756109689 ], [ -99.998458751348721, 49.856328744597008 ], [ -99.996173417839898, 49.856594378941203 ], [ -99.998314582574096, 49.857350663094898 ], [ -99.998323361957802, 49.860392179615403 ], [ -99.996345961094704, 49.860584069202808 ], [ -99.996356918318, 49.864290727889198 ], [ -99.984810079812107, 49.86359953489611 ], [ -99.984811298850502, 49.864445814271015 ], [ -99.984840069977494, 49.886723170203688 ], [ -99.969233531133, 49.886730289790407 ], [ -99.9692345285182, 49.888291320803511 ], [ -99.961683739741403, 49.8888792530622 ], [ -99.960235720288438, 49.888840663563279 ], [ -99.957607144868291, 49.88900097022649 ], [ -99.934762709461694, 49.888158317819908 ], [ -99.934768207708686, 49.889530229853897 ], [ -99.929260830679993, 49.889533424137305 ], [ -99.926834663138195, 49.88735304266568 ], [ -99.926123816046527, 49.886714156865445 ], [ -99.92752228241585, 49.886712554892853 ], [ -99.927580606719545, 49.886658227239899 ], [ -99.927616482488517, 49.886624809761003 ], [ -99.916413708083596, 49.871487583171003 ], [ -99.916409350686706, 49.86803608699261 ] ] ], [ [ [ -99.935217238675193, 49.915950244040701 ], [ -99.935188655178194, 49.901569399787689 ], [ -99.929188438165298, 49.902209464383994 ], [ -99.929387960596884, 49.901180614937502 ], [ -99.957997282597404, 49.901273895644195 ], [ -99.957997656469502, 49.905322361089596 ], [ -99.969238193934984, 49.9052880512779 ], [ -99.9692331330006, 49.909677777313995 ], [ -99.957999448309806, 49.909716437500002 ], [ -99.958008970906903, 49.915973030589591 ], [ -99.935217238675193, 49.915950244040701 ] ] ] ] } },
{ "type": "Feature", "properties": { "OBJECTID": 79, "MUNI_NO": 109, "MUNI_NAME": "MUNICIPALITY OF BRENDA-WASKADA", "MUNI_TYPE": "MUNICIPALITY", "MUNI_LIST_NAME": "BRENDA-WASKADA", "MUNI_LIST_NAME_WITH_TYPE": "BRENDA-WASKADA (MUNICIPALITY)", "Shape__Area": 1820085737.1523438, "Shape__Length": 186617.14087067943 }, "geometry": { "type": "Polygon", "coordinates": [ [ [ -100.579278644775002, 49.177505689895803 ], [ -100.55597881423401, 49.177480474222506 ], [ -100.556000517602001, 48.999413803972509 ], [ -100.824466879569997, 48.999531047264391 ], [ -100.824584906013001, 49.177515026564905 ], [ -100.849915771919001, 49.177544426796807 ], [ -100.850135165167359, 49.355149873816032 ], [ -100.850135166113091, 49.355150636399223 ], [ -100.579242937775007, 49.355205881245695 ], [ -100.579278644775002, 49.177505689895803 ] ] ] } },
{ "type": "Feature", "properties": { "OBJECTID": 59, "MUNI_NO": 734, "MUNI_NAME": "BROCHET-NORTHERN AFFAIRS ACT", "MUNI_TYPE": "NORTHERN COMMUNITY", "MUNI_LIST_NAME": "BROCHET", "MUNI_LIST_NAME_WITH_TYPE": "BROCHET (NORTHERN COMMUNITY)", "Shape__Area": 9768740.9609375, "Shape__Length": 15298.416543773083 }, "geometry": { "type": "Polygon", "coordinates": [ [ [ -101.670856331879008, 57.8986842654759 ], [ -101.670592454528006, 57.885570070162501 ], [ -101.674063707796989, 57.884303562177216 ], [ -101.66682103254, 57.883219388454407 ], [ -101.666292645432009, 57.880479318737301 ], [ -101.675037887198002, 57.876187363519293 ], [ -101.681041432247, 57.875724878755683 ], [ -101.684032333537999, 57.876317232550903 ], [ -101.684193976974001, 57.879013968017013 ], [ -101.691516849625003, 57.88080586226161 ], [ -101.692150044990001, 57.883071760504599 ], [ -101.689877348218019, 57.885979419442002 ], [ -101.691843964189999, 57.888303827859701 ], [ -101.688278534784999, 57.893588558425307 ], [ -101.689195188716994, 57.898291477567497 ], [ -101.670856331879008, 57.8986842654759 ] ] ] } },
{ "type": "Feature", "properties": { "OBJECTID": 107, "MUNI_NO": 110, "MUNI_NAME": "RM OF BROKENHEAD", "MUNI_TYPE": "RM", "MUNI_LIST_NAME": "BROKENHEAD", "MUNI_LIST_NAME_WITH_TYPE": "BROKENHEAD (RM)", "Shape__Area": 1828784699.3398438, "Shape__Length": 205534.14977675618 }, "geometry": { "type": "Polygon", "coordinates": [ [ [ -96.704669767098395, 50.062256555891295 ], [ -96.704478921411095, 50.069706994283791 ], [ -96.715801640677, 50.06974215590251 ], [ -96.7155047268988, 50.089916672413992 ], [ -96.7126459204638, 50.089903739429317 ], [ -96.712620274654299, 50.091735458414803 ], [ -96.7041328413044, 50.091699963500801 ], [ -96.703237522353504, 50.15057682099259 ], [ -96.6801497778103, 50.150518640132709 ], [ -96.680114162065294, 50.23934429088041 ], [ -96.627871767721203, 50.239204914479494 ], [ -96.628489266488799, 50.283553374194597 ], [ -96.604416672044195, 50.281496885675509 ], [ -96.353121338227595, 50.282606125363102 ], [ -96.3528887594818, 50.238350364826594 ], [ -96.361068735066297, 50.238349643438902 ], [ -96.359418637626703, 50.135246890839497 ], [ -96.360792609858194, 50.120322594682797 ], [ -96.360701998226901, 50.061284514769113 ], [ -96.360863905009381, 49.972874328501497 ], [ -96.636851189563387, 49.973114690219276 ], [ -96.635857021886693, 50.061785400010208 ], [ -96.704670870374599, 50.062213477686797 ], [ -96.704669767098395, 50.062256555891295 ] ], [ [ -96.521145720620794, 50.076380467354802 ], [ -96.521195259307504, 50.066164098008706 ], [ -96.526830077027483, 50.064903227163903 ], [ -96.526918424521298, 50.05081642280711 ], [ -96.509605034811997, 50.0507765536655 ], [ -96.508565908672992, 50.047135904666796 ], [ -96.498348715906303, 50.047116784266919 ], [ -96.498211803353598, 50.076351850472705 ], [ -96.521145720620794, 50.076380467354802 ] ] ] } },
{ "type": "Feature", "properties": { "OBJECTID": 141, "MUNI_NO": 783, "MUNI_NAME": "CAMPERVILLE-NORTHERN AFFAIRS ACT", "MUNI_TYPE": "NORTHERN COMMUNITY", "MUNI_LIST_NAME": "CAMPERVILLE", "MUNI_LIST_NAME_WITH_TYPE": "CAMPERVILLE (NORTHERN COMMUNITY)", "Shape__Area": 25313244.7890625, "Shape__Length": 28197.953941719123 }, "geometry": { "type": "Polygon", "coordinates": [ [ [ -100.151651081512995, 51.996764960715311 ], [ -100.151897150590003, 51.998495055289915 ], [ -100.142769639882999, 51.998482669474697 ], [ -100.145437060169996, 51.992735421800994 ], [ -100.144603201066005, 51.990963708091499 ], [ -100.141472669235, 51.98837993455431 ], [ -100.133831585520994, 51.988378420848001 ], [ -100.136725793201009, 51.979653574309097 ], [ -100.135710548328021, 51.975683385089617 ], [ -100.13410532493802, 51.974715978266097 ], [ -100.129732083152007, 51.976087437616016 ], [ -100.124296262968002, 51.982806317227194 ], [ -100.122398171943999, 51.980061356642807 ], [ -100.125695861514998, 51.974534275632799 ], [ -100.125428804167981, 51.971278435634702 ], [ -100.125551456284711, 51.971278259729608 ], [ -100.1800529869721, 51.971185640366876 ], [ -100.179900394832458, 51.983425213260098 ], [ -100.179844780500986, 51.987884312519398 ], [ -100.192889796764007, 51.987889637916204 ], [ -100.190357839867417, 51.996677955267444 ], [ -100.151651081512995, 51.996764960715311 ] ] ] } },
{ "type": "Feature", "properties": { "OBJECTID": 104, "MUNI_NO": 407, "MUNI_NAME": "TOWN OF CARBERRY", "MUNI_TYPE": "TOWN", "MUNI_LIST_NAME": "CARBERRY", "MUNI_LIST_NAME_WITH_TYPE": "CARBERRY (TOWN)", "Shape__Area": 11948630.703125, "Shape__Length": 22638.397993919167 }, "geometry": { "type": "Polygon", "coordinates": [ [ [ -99.349393729406501, 49.874028852438009 ], [ -99.349442670512701, 49.870933102605001 ], [ -99.314862930770204, 49.871194194487416 ], [ -99.314828517207204, 49.861981891142506 ], [ -99.346022614019802, 49.864507897227909 ], [ -99.346076429473797, 49.869216517086599 ], [ -99.349423761477695, 49.869201592388883 ], [ -99.349352758594705, 49.862698680760211 ], [ -99.370658359186606, 49.864416049704815 ], [ -99.370658320981619, 49.866223015615809 ], [ -99.382262389727302, 49.867490450100007 ], [ -99.382258251474397, 49.870757010803409 ], [ -99.375074113419913, 49.870194316422307 ], [ -99.375042308128002, 49.873329288063509 ], [ -99.3706579974736, 49.873214265143304 ], [ -99.370648738334296, 49.880246474926416 ], [ -99.360524625004402, 49.880058445018904 ], [ -99.349393729406501, 49.874028852438009 ] ] ] } },
{ "type": "Feature", "properties": { "OBJECTID": 51, "MUNI_NO": 409, "MUNI_NAME": "TOWN OF CARMAN", "MUNI_TYPE": "TOWN", "MUNI_LIST_NAME": "CARMAN", "MUNI_LIST_NAME_WITH_TYPE": "CARMAN (TOWN)", "Shape__Area": 10937681.4375, "Shape__Length": 16018.758428705523 }, "geometry": { "type": "Polygon", "coordinates": [ [ [ -97.990588007532494, 49.502806167885005 ], [ -97.993360439326693, 49.502799738761205 ], [ -97.993362727531803, 49.498763864387584 ], [ -98.001839103746704, 49.498744579224294 ], [ -98.001845141924306, 49.4951203658023 ], [ -98.012961276444997, 49.495113903888104 ], [ -98.012952637185407, 49.499807355307595 ], [ -98.015046691076193, 49.501236795805198 ], [ -98.014947272122399, 49.499804658393501 ], [ -98.018518204033896, 49.499799390664798 ], [ -98.016384813817496, 49.5013156442064 ], [ -98.018509380746394, 49.5020288260691 ], [ -98.018490776130704, 49.508659769738202 ], [ -98.024052342398704, 49.509851609642091 ], [ -98.024039398099504, 49.514600356919502 ], [ -98.020478735184497, 49.517103978283409 ], [ -97.990773155013102, 49.517170787899403 ], [ -97.990588007532494, 49.502806167885005 ] ] ] } },
{ "type": "Feature", "properties": { "OBJECTID": 152, "MUNI_NO": 112, "MUNI_NAME": "RM OF CARTIER", "MUNI_TYPE": "RM", "MUNI_LIST_NAME": "CARTIER", "MUNI_LIST_NAME_WITH_TYPE": "CARTIER (RM)", "Shape__Area": 1342032139.8203125, "Shape__Length": 260088.64433695172 }, "geometry": { "type": "Polygon", "coordinates": [ [ [ -97.454320112831894, 49.805819717902402 ], [ -97.459257119342794, 49.8058228993687 ], [ -97.459264339843003, 49.79803349044829 ], [ -97.732564898665601, 49.797981252734509 ], [ -97.748063523819667, 49.798042635290379 ], [ -97.869171694798894, 49.7977938686819 ], [ -97.869169734492857, 49.798438094408233 ], [ -97.868901976084999, 49.886257564300792 ], [ -97.872830082430497, 49.886262865091609 ], [ -97.872281855583793, 50.026867144191499 ], [ -97.941453379782502, 50.026897781688405 ], [ -97.941371723899906, 50.012089655885397 ], [ -97.949853452692096, 50.012082111391891 ], [ -97.950115258417199, 50.04225188265471 ], [ -97.942551764428998, 50.047201944146401 ], [ -97.933307607903103, 50.0496421031023 ], [ -97.928834983154005, 50.049050062611613 ], [ -97.928960257994106, 50.046084347080786 ], [ -97.926255240660694, 50.044574352144693 ], [ -97.916038044063299, 50.045041251506596 ], [ -97.912223410533798, 50.047174247237699 ], [ -97.908273040763504, 50.053888154160695 ], [ -97.90511782217952, 50.054593192472709 ], [ -97.891155766644914, 50.04863391576891 ], [ -97.871712930486893, 50.04752314677679 ], [ -97.869556747021093, 50.044965254647202 ], [ -97.870075634127105, 50.0411750026135 ], [ -97.868029753593603, 50.040028389026808 ], [ -97.857752573175901, 50.046470271035595 ], [ -97.856905229876503, 50.038748538953691 ], [ -97.853778326405319, 50.036896520798095 ], [ -97.849399097162305, 50.040372007836503 ], [ -97.847238109427593, 50.047779311316603 ], [ -97.842614051885306, 50.049520038880793 ], [ -97.839244840442902, 50.0477222111858 ], [ -97.838839114057095, 50.041526450183007 ], [ -97.837107619672494, 50.039540532491117 ], [ -97.831919217421103, 50.039481338474701 ], [ -97.828190664112995, 50.043397384823898 ], [ -97.8253078795222, 50.043110549897598 ], [ -97.826581884634294, 50.040192674268297 ], [ -97.835283689296205, 50.036675166067695 ], [ -97.83691712194161, 50.033740238248399 ], [ -97.833358889086497, 50.031294708993393 ], [ -97.821594600771803, 50.031099065132508 ], [ -97.821567420385506, 50.028126460567499 ], [ -97.829140686869593, 50.024498944303701 ], [ -97.829929566215796, 50.022117064125403 ], [ -97.819276083864295, 50.017354273250604 ], [ -97.81534524756222, 50.011984445357797 ], [ -97.808030166761796, 50.014292081405785 ], [ -97.812495696840998, 50.008971417974593 ], [ -97.811754184234005, 50.006081925367901 ], [ -97.806269066336796, 50.005929263656199 ], [ -97.796818268635207, 50.013105558028009 ], [ -97.789179825749699, 50.011758156452203 ], [ -97.790932917941618, 50.0072873046661 ], [ -97.8013713177792, 50.003433468371298 ], [ -97.80152469199453, 50.003068262067679 ], [ -97.801728611608198, 50.002582690094364 ], [ -97.802006413534599, 50.001921172200419 ], [ -97.801306507472873, 50.001278411904174 ], [ -97.800424617826451, 50.000468492855127 ], [ -97.800242007397401, 50.000300780477694 ], [ -97.799898898871987, 50.000259473938335 ], [ -97.798636959964597, 49.999757724177208 ], [ -97.793917347615604, 49.999539156028597 ], [ -97.780700595353807, 50.004060875285113 ], [ -97.775512104832202, 50.004020102385802 ], [ -97.782605322420494, 50.009895787201202 ], [ -97.781454558849802, 50.012435418964095 ], [ -97.781291414405473, 50.0124235321044 ], [ -97.780368806664399, 50.01235630483027 ], [ -97.778108275940696, 50.012191550363006 ], [ -97.777747862556325, 50.011905043588314 ], [ -97.772488355319922, 50.007994247057979 ], [ -97.772047016273902, 50.00764549176651 ], [ -97.767350758001101, 50.006826720399609 ], [ -97.763315612107107, 50.008526697964783 ], [ -97.763081336005655, 50.008827896729123 ], [ -97.756319480767772, 50.016251292643418 ], [ -97.756109408223296, 50.016487311099496 ], [ -97.75583618576961, 50.01636452000642 ], [ -97.753566267542084, 50.015344322193677 ], [ -97.752794355155203, 50.014997369287201 ], [ -97.752772088812449, 50.014829597142082 ], [ -97.751756942456367, 50.010957922035907 ], [ -97.751630777117612, 50.010385412690702 ], [ -97.750914309267046, 50.010349024018872 ], [ -97.748040262444903, 50.010203001230828 ], [ -97.747416024231498, 50.010171274132503 ], [ -97.747262500038218, 50.010346775068967 ], [ -97.7457399218126, 50.01208721944495 ], [ -97.742666800496991, 50.014427543793765 ], [ -97.742246213877294, 50.014379028238409 ], [ -97.742247746956565, 50.014087677876958 ], [ -97.742266098470864, 50.01059980983262 ], [ -97.742467113810406, 50.009689875021103 ], [ -97.742272241876833, 50.00943207785857 ], [ -97.742053406266251, 50.009142574965892 ], [ -97.740769768300808, 50.0074443331713 ], [ -97.738329469377689, 50.006522661251331 ], [ -97.735334072666078, 50.005391200370056 ], [ -97.734521452208298, 50.00508422093619 ], [ -97.732819827282654, 50.005630717355842 ], [ -97.73176589937944, 50.005969176926087 ], [ -97.731580259782703, 50.006028791727601 ], [ -97.728096936997019, 50.010416187215206 ], [ -97.724845719161024, 50.010387501249888 ], [ -97.724420035437021, 50.010383737448997 ], [ -97.724237242158935, 50.010127982066876 ], [ -97.721710889880995, 50.006592895664006 ], [ -97.726390320887802, 50.00120352570729 ], [ -97.725829823514204, 49.998592780717487 ], [ -97.722072516034899, 49.998179512621796 ], [ -97.716034253953893, 50.001613333504103 ], [ -97.712079964507396, 50.001812055504999 ], [ -97.701025587043802, 49.997178148584311 ], [ -97.694853154287898, 49.996285420632702 ], [ -97.693830612583895, 49.992663876502696 ], [ -97.687272961688905, 49.986261009089596 ], [ -97.685680075801898, 49.982244506442306 ], [ -97.686816435987396, 49.978935641087311 ], [ -97.682938198316606, 49.974650537860605 ], [ -97.67882194456358, 49.973484485843947 ], [ -97.678711920394605, 49.973453315004491 ], [ -97.678254558647566, 49.973524769644655 ], [ -97.66918423143575, 49.974168300148357 ], [ -97.668736876076693, 49.974200017486091 ], [ -97.668762254551879, 49.973863499090022 ], [ -97.669122839570804, 49.969081589665983 ], [ -97.667132297146196, 49.967006745786698 ], [ -97.670257677547099, 49.964944517517907 ], [ -97.665603345461321, 49.961455309709706 ], [ -97.671535381576703, 49.959256912899491 ], [ -97.671503843521691, 49.958070915716505 ], [ -97.656621832636404, 49.955586864490904 ], [ -97.655125429445718, 49.953401651809543 ], [ -97.654978256829196, 49.953186721254603 ], [ -97.655207765782066, 49.952322987558368 ], [ -97.655421303864927, 49.949525241955307 ], [ -97.655443635509684, 49.949232635438015 ], [ -97.654977439420406, 49.949560780691982 ], [ -97.653169589575995, 49.949705507924406 ], [ -97.65293550112473, 49.950997973125091 ], [ -97.652267144350802, 49.951468358096299 ], [ -97.652632147348996, 49.9526727575278 ], [ -97.653830979211492, 49.956628068603067 ], [ -97.6547340142709, 49.959606978991715 ], [ -97.655105708194696, 49.959728171668118 ], [ -97.664142838811301, 49.962674137947609 ], [ -97.663052061805999, 49.965671339596902 ], [ -97.657663637136991, 49.967634602635187 ], [ -97.657244007319704, 49.967787474340305 ], [ -97.652688478344004, 49.964915521600808 ], [ -97.651325000227999, 49.95681091783019 ], [ -97.647727452474598, 49.953486829430119 ], [ -97.640101425266494, 49.951828153766606 ], [ -97.629844805880296, 49.953486856558406 ], [ -97.629441094640001, 49.951632652123102 ], [ -97.633531326323194, 49.949445730003703 ], [ -97.633014393810896, 49.947911207723799 ], [ -97.629166119114103, 49.94833357686479 ], [ -97.626563635047248, 49.952768911275399 ], [ -97.626515095096707, 49.952851627328705 ], [ -97.624805573485659, 49.952909384737943 ], [ -97.613571717033878, 49.953288187382064 ], [ -97.612656711607002, 49.95331898445481 ], [ -97.612488774917367, 49.952966676112204 ], [ -97.610666245899225, 49.949142878381885 ], [ -97.61055109147658, 49.94890125271931 ], [ -97.611169475702084, 49.948832114555216 ], [ -97.617523314296463, 49.947912820705142 ], [ -97.617847220665396, 49.947928148116198 ], [ -97.617678871096572, 49.946533672670988 ], [ -97.617527860321175, 49.945282743059401 ], [ -97.617509935587904, 49.945134255034908 ], [ -97.613819811276102, 49.944649186516095 ], [ -97.603756200342005, 49.948193950727003 ], [ -97.603603473089763, 49.948007774790227 ], [ -97.603349602692745, 49.947698300428627 ], [ -97.602189167353401, 49.946283637238807 ], [ -97.602874585514698, 49.943455232523199 ], [ -97.607829245155997, 49.939815849126397 ], [ -97.603865067886133, 49.937863235210699 ], [ -97.603719745186893, 49.93779164806741 ], [ -97.597686599813812, 49.94020938162668 ], [ -97.597252924243577, 49.940062400054515 ], [ -97.595972542970557, 49.939628435665881 ], [ -97.594148981391896, 49.939010325732703 ], [ -97.594051317735662, 49.937990545895076 ], [ -97.593845198167472, 49.935838141426252 ], [ -97.593772122886804, 49.93507500208019 ], [ -97.594065826118708, 49.935024004365339 ], [ -97.600184152960637, 49.933703254240626 ], [ -97.6008752416584, 49.933584590708612 ], [ -97.600238706885307, 49.931693693624595 ], [ -97.587118587494999, 49.931600967102504 ], [ -97.581113978467698, 49.922812844228197 ], [ -97.577827044286096, 49.920428843113505 ], [ -97.558827937636593, 49.918712737738502 ], [ -97.555207318330801, 49.913520296856703 ], [ -97.5572681566954, 49.910224106194903 ], [ -97.555375656201505, 49.90693597830758 ], [ -97.550309116993603, 49.905727857777791 ], [ -97.544938938918094, 49.907961034896822 ], [ -97.5406699971482, 49.906002351559991 ], [ -97.540508917068806, 49.90360188706601 ], [ -97.549689090867204, 49.900091204459002 ], [ -97.549649996759598, 49.898261630713392 ], [ -97.545174609037005, 49.897644226974897 ], [ -97.537293175190698, 49.900656526321399 ], [ -97.5307311008185, 49.900265273220107 ], [ -97.52901404933445, 49.897618590502404 ], [ -97.529186811145223, 49.897271726830375 ], [ -97.529492044727903, 49.896658878052506 ], [ -97.536364294214579, 49.894324928397282 ], [ -97.536507002546784, 49.89371576826867 ], [ -97.5366649934614, 49.893041353613803 ], [ -97.532367860577963, 49.891157655207557 ], [ -97.52947593551329, 49.889889750240648 ], [ -97.528843519177798, 49.889612459330998 ], [ -97.522487061878564, 49.893183589676553 ], [ -97.521688703474524, 49.893559791325551 ], [ -97.521188683414294, 49.893795403725605 ], [ -97.518793034424704, 49.893438955418013 ], [ -97.516724107355003, 49.889994821856803 ], [ -97.521447157414897, 49.886360871302777 ], [ -97.509175195650798, 49.884907497200395 ], [ -97.510459443538807, 49.8834481562806 ], [ -97.518268653577991, 49.882063271773184 ], [ -97.512196172286579, 49.879358637791405 ], [ -97.511108297994895, 49.874320733798591 ], [ -97.499732758663896, 49.875101982710504 ], [ -97.490466176680002, 49.872955362291734 ], [ -97.4899418336351, 49.87283386497861 ], [ -97.489262465868791, 49.868441836605314 ], [ -97.493497074267907, 49.862754843308707 ], [ -97.497233330047493, 49.861263343767313 ], [ -97.496407347986107, 49.859573557975089 ], [ -97.491763441088295, 49.858932218672003 ], [ -97.487671639165399, 49.860435158397905 ], [ -97.485778196757096, 49.864296712949397 ], [ -97.485592306346405, 49.871258889248502 ], [ -97.482121329945898, 49.873897428713498 ], [ -97.477858250821399, 49.873854675637183 ], [ -97.472570435047004, 49.871424413473406 ], [ -97.4719758238829, 49.866124979905187 ], [ -97.470300418335299, 49.864358618381594 ], [ -97.462071667916504, 49.864897770984093 ], [ -97.460246617500204, 49.863786042746703 ], [ -97.462148364654695, 49.860881709791997 ], [ -97.475721704418106, 49.86112401069721 ], [ -97.476100986624402, 49.858748032885892 ], [ -97.472452154915914, 49.857405594792986 ], [ -97.457253474091601, 49.860928955940402 ], [ -97.455105697118299, 49.863659409721208 ], [ -97.458370390975986, 49.867855779224293 ], [ -97.449860718327031, 49.870906049841054 ], [ -97.454313450877549, 49.805917094082155 ], [ -97.454320112831894, 49.805819717902402 ] ] ] } },
{ "type": "Feature", "properties": { "OBJECTID": 132, "MUNI_NO": 167, "MUNI_NAME": "CARTWRIGHT-ROBLIN MUNICIPALITY", "MUNI_TYPE": "MUNICIPALITY", "MUNI_LIST_NAME": "CARTWRIGHT-ROBLIN ", "MUNI_LIST_NAME_WITH_TYPE": "CARTWRIGHT-ROBLIN  (MUNICIPALITY)", "Shape__Area": 1722072596.515625, "Shape__Length": 185327.25906406442 }, "geometry": { "type": "Polygon", "coordinates": [ [ [ -99.0773258994804, 49.177245276324797 ], [ -99.077691920478898, 49.088527074162997 ], [ -99.075316822019204, 48.999889503548793 ], [ -99.481570117326399, 48.999441921175404 ], [ -99.481478226275996, 49.177589721596696 ], [ -99.4953729068652, 49.177587625600701 ], [ -99.495527692180801, 49.193090583537291 ], [ -99.495578456559599, 49.266732242064599 ], [ -99.472686492554104, 49.266706547559792 ], [ -99.4504126102443, 49.266671122789099 ], [ -99.450205146242396, 49.243741177550099 ], [ -99.447693396605402, 49.2401197981197 ], [ -99.446321237679939, 49.23932605353729 ], [ -99.442417369998594, 49.237067547551106 ], [ -99.404908570603396, 49.2367790221194 ], [ -99.404928157781399, 49.222167542583804 ], [ -99.359894632332299, 49.222104429641519 ], [ -99.359894571295342, 49.222022588102284 ], [ -99.257927083954996, 49.221617190710603 ], [ -99.257885295068618, 49.229473759461705 ], [ -99.2468387895874, 49.229502029384804 ], [ -99.246893401174603, 49.221662529272002 ], [ -99.224220446116306, 49.221652453486008 ], [ -99.224273533936895, 49.216062857652602 ], [ -99.213475034667297, 49.215141335051598 ], [ -99.189862570347302, 49.206856874386915 ], [ -99.178607441571188, 49.20687491751309 ], [ -99.147811499305888, 49.206796551535412 ], [ -99.088515624154894, 49.206680538504209 ], [ -99.088515030102684, 49.206618144792571 ], [ -99.088236046293105, 49.177297198565697 ], [ -99.0773258994804, 49.177245276324797 ] ] ] } },
{ "type": "Feature", "properties": { "OBJECTID": 53, "MUNI_NO": 603, "MUNI_NAME": "TOWN OF CHURCHILL", "MUNI_TYPE": "TOWN", "MUNI_LIST_NAME": "CHURCHILL", "MUNI_LIST_NAME_WITH_TYPE": "CHURCHILL (TOWN)", "Shape__Area": 271568692.89884567, "Shape__Length": 84926.035564834339 }, "geometry": { "type": "Polygon", "coordinates": [ [ [ -94.204250955834397, 58.793576154155801 ], [ -94.197177050325195, 58.786565373693506 ], [ -94.184349956625198, 58.783186445589017 ], [ -94.18333897240781, 58.78067480433419 ], [ -94.17791688572018, 58.779490356442395 ], [ -94.178186496149706, 58.77811712747571 ], [ -94.173563475693797, 58.774794121716809 ], [ -94.166666541150605, 58.772891097670701 ], [ -94.160059868979502, 58.773134271327102 ], [ -94.137824553661602, 58.769037599258809 ], [ -94.121980232291904, 58.769442966433211 ], [ -94.11582528617501, 58.767040599170492 ], [ -94.109728374592095, 58.767666285357102 ], [ -94.108109916417703, 58.765513244161895 ], [ -94.0948560886021, 58.765441896312211 ], [ -94.093451598631304, 58.766934330922297 ], [ -94.082696533112994, 58.762704646378516 ], [ -94.075820847862389, 58.764469381877603 ], [ -94.071031587334602, 58.762553695777598 ], [ -94.060190573857582, 58.76291518129689 ], [ -94.057990902219998, 58.76501250984559 ], [ -94.045291239993119, 58.76530042818549 ], [ -94.0418874362351, 58.765070319449691 ], [ -94.039016239153412, 58.761966178173019 ], [ -94.028657025860895, 58.762675587145409 ], [ -94.040487832836604, 58.751282170713999 ], [ -94.047094576558393, 58.701259336343902 ], [ -94.190357889608421, 58.699036637308588 ], [ -94.207166504850107, 58.719276890659998 ], [ -94.210190206874103, 58.726768134168687 ], [ -94.208454914413593, 58.735016962412601 ], [ -94.197443481762903, 58.747750597288089 ], [ -94.195165306973109, 58.754697312866909 ], [ -94.198308241023895, 58.762830208110607 ], [ -94.210798856418009, 58.775676551689408 ], [ -94.212799485717099, 58.785752558398606 ], [ -94.211295321418106, 58.790092136282396 ], [ -94.204250955834397, 58.793576154155801 ] ] ] } },
{ "type": "Feature", "properties": { "OBJECTID": 39, "MUNI_NO": 114, "MUNI_NAME": "MUNICIPALITY OF CLANWILLIAM-ERICKSON", "MUNI_TYPE": "MUNICIPALITY", "MUNI_LIST_NAME": "CLANWILLIAM-ERICKSON", "MUNI_LIST_NAME_WITH_TYPE": "CLANWILLIAM-ERICKSON (MUNICIPALITY)", "Shape__Area": 956542802.875, "Shape__Length": 123726.44263957917 }, "geometry": { "type": "Polygon", "coordinates": [ [ [ -99.954527360501316, 50.594401015696207 ], [ -99.834162623325668, 50.594604231698284 ], [ -99.694795878018425, 50.594658406087092 ], [ -99.676807420640003, 50.594651235280885 ], [ -99.677557056035695, 50.41733641262379 ], [ -99.953929854190804, 50.417277494005795 ], [ -99.954527360501316, 50.594401015696207 ] ] ] } },
{ "type": "Feature", "properties": { "OBJECTID": 9, "MUNI_NO": 115, "MUNI_NAME": "RM OF COLDWELL", "MUNI_TYPE": "RM", "MUNI_LIST_NAME": "COLDWELL", "MUNI_LIST_NAME_WITH_TYPE": "COLDWELL (RM)", "Shape__Area": 2261335242.9609375, "Shape__Length": 371226.21703229612 }, "geometry": { "type": "Polygon", "coordinates": [ [ [ -98.038774570754001, 50.506731205980707 ], [ -98.043141077548384, 50.50674962120199 ], [ -98.050797779390521, 50.515174121621016 ], [ -98.049555941789109, 50.515905952768904 ], [ -98.049857912784802, 50.51948332772259 ], [ -98.053836388773121, 50.525455918745592 ], [ -98.061904088541098, 50.529833567411103 ], [ -98.074630684801392, 50.532363641849791 ], [ -98.082728280851995, 50.530993261240191 ], [ -98.092524152272404, 50.522341877972899 ], [ -98.105847624093599, 50.524994606122611 ], [ -98.111874340901494, 50.523727690992004 ], [ -98.116056276956698, 50.527554747964111 ], [ -98.118606243121704, 50.527753947957301 ], [ -98.1204707998114, 50.531050650830096 ], [ -98.118387261017205, 50.530041119204817 ], [ -98.116942274878099, 50.532242553396493 ], [ -98.117740411818005, 50.536354103172698 ], [ -98.109291428588307, 50.532035885664811 ], [ -98.108677541836101, 50.533164360570595 ], [ -98.104438539738197, 50.53161194303371 ], [ -98.1016696144534, 50.529189364293394 ], [ -98.096083114292099, 50.529519355907091 ], [ -98.103439598811605, 50.538160467785708 ], [ -98.098430369994105, 50.53591390269041 ], [ -98.092020451043197, 50.5302117172835 ], [ -98.099248106883707, 50.538915043928498 ], [ -98.098707812007902, 50.540237393706199 ], [ -98.106631666344498, 50.545483162997918 ], [ -98.102989012105297, 50.546291547483591 ], [ -98.097117120484896, 50.542244094576105 ], [ -98.101035577153795, 50.546218026213097 ], [ -98.098355970994703, 50.546107374719398 ], [ -98.098191740953794, 50.548057674386392 ], [ -98.097040618976493, 50.546250070646892 ], [ -98.094268086547601, 50.546201558380787 ], [ -98.090995924428398, 50.540573157001901 ], [ -98.087926396957101, 50.539843169839195 ], [ -98.092295038335394, 50.543474678109391 ], [ -98.089641752951195, 50.542006023211592 ], [ -98.090509338202907, 50.545326880099118 ], [ -98.100127723564199, 50.55090557592159 ], [ -98.094781955599288, 50.548849618943393 ], [ -98.092082912300114, 50.550478898312292 ], [ -98.085229812150502, 50.541359893481115 ], [ -98.085476896337795, 50.543178507169507 ], [ -98.0808594281269, 50.541123125487303 ], [ -98.0816772861468, 50.541885026782303 ], [ -98.078785192454802, 50.543278648089107 ], [ -98.079434977032804, 50.545424223158605 ], [ -98.068749521445099, 50.537955645017497 ], [ -98.065418779953603, 50.537258947188093 ], [ -98.063303367612704, 50.534341561050098 ], [ -98.061170209757293, 50.53410853795242 ], [ -98.062111017310883, 50.537187383569091 ], [ -98.059931119829997, 50.5371698045142 ], [ -98.061554558393496, 50.540339599939905 ], [ -98.053500389266603, 50.534140874392506 ], [ -98.0543501649571, 50.535748614274603 ], [ -98.052446813392507, 50.53566568963241 ], [ -98.057430465152493, 50.5383771945354 ], [ -98.057596685075197, 50.540658378954696 ], [ -98.061967540877305, 50.541575029345609 ], [ -98.060867537625796, 50.54331089044269 ], [ -98.063165170828796, 50.545236007313704 ], [ -98.060607635858517, 50.545026540897403 ], [ -98.06114424878389, 50.546433844772402 ], [ -98.065253505545101, 50.547761957773901 ], [ -98.062084626856219, 50.548123194972192 ], [ -98.078060110686096, 50.559834291580785 ], [ -98.079786375171395, 50.561813003769508 ], [ -98.077734113533893, 50.563154773364396 ], [ -98.085646508845798, 50.567610437542996 ], [ -98.087279975507499, 50.57149940054439 ], [ -98.090646736841904, 50.573400856395708 ], [ -98.0904948539538, 50.575054452213905 ], [ -98.098635358188019, 50.578085548990018 ], [ -98.102539615710995, 50.582967617887199 ], [ -98.104714462930204, 50.584108524728194 ], [ -98.107260111376306, 50.584321420772405 ], [ -98.1131530208838, 50.589452176693513 ], [ -98.115368709054721, 50.59032788928571 ], [ -98.113440283677221, 50.588824829238 ], [ -98.115488831430895, 50.588817919680196 ], [ -98.115381644813894, 50.588506835279603 ], [ -98.111365996076799, 50.587572437659105 ], [ -98.1137677169733, 50.587186035038911 ], [ -98.111281718972094, 50.587171590625111 ], [ -98.109012715284805, 50.584267390194704 ], [ -98.102941728394597, 50.582619974448512 ], [ -98.100155965548495, 50.57833563110119 ], [ -98.096124431020002, 50.57681601153601 ], [ -98.093391078207105, 50.571322296722208 ], [ -98.082191297247121, 50.561571173053899 ], [ -98.092086824869398, 50.567543908147307 ], [ -98.090861727221906, 50.568100934735007 ], [ -98.096696244395105, 50.572764435381195 ], [ -98.097732442870907, 50.572857904412501 ], [ -98.102660692458301, 50.575481573655892 ], [ -98.104257369020004, 50.575813128857199 ], [ -98.105674281516599, 50.578553504338593 ], [ -98.105342187676996, 50.577444769844909 ], [ -98.106592883670601, 50.577778131297691 ], [ -98.10479669712781, 50.575673381501701 ], [ -98.097012548430001, 50.572101378110801 ], [ -98.0923136963019, 50.567127483963205 ], [ -98.087309024158401, 50.563783298953702 ], [ -98.087091028396401, 50.563008158173595 ], [ -98.097527837902405, 50.566196719083315 ], [ -98.093084989015281, 50.562992035719397 ], [ -98.095296830562106, 50.56140391805809 ], [ -98.094022172093702, 50.559033241805103 ], [ -98.100482406371697, 50.558228947243599 ], [ -98.105831585594501, 50.5627848249488 ], [ -98.10632840997441, 50.563764421080393 ], [ -98.104828720171795, 50.563923777822318 ], [ -98.109710403329402, 50.5697394457315 ], [ -98.11373387636489, 50.571303502713583 ], [ -98.109161719392105, 50.568507654074899 ], [ -98.106549689744398, 50.562516037890298 ], [ -98.113891619682704, 50.568916962066503 ], [ -98.117929640889699, 50.571596162835 ], [ -98.119094043952217, 50.572009677271708 ], [ -98.117449474262102, 50.570841578808206 ], [ -98.118363951537603, 50.567242161899692 ], [ -98.113624735459695, 50.562444193420909 ], [ -98.116266235743893, 50.5623788307065 ], [ -98.115010363630802, 50.561209147145917 ], [ -98.111200383157197, 50.558846347263895 ], [ -98.113089328130002, 50.562008434653187 ], [ -98.108657887170693, 50.558912352437403 ], [ -98.108635724878198, 50.561209994484194 ], [ -98.104730334588794, 50.56091922917431 ], [ -98.093255207497293, 50.550074335314299 ], [ -98.098589220697093, 50.551640129993991 ], [ -98.099605792955714, 50.553851379338901 ], [ -98.102302109154493, 50.555706849818684 ], [ -98.103085982819906, 50.556059135672591 ], [ -98.104481340500399, 50.556177794918902 ], [ -98.099684806509003, 50.551185444844606 ], [ -98.1033851793552, 50.5507058671745 ], [ -98.110627803913005, 50.554012521934808 ], [ -98.112659171046417, 50.552584577333704 ], [ -98.105854651746697, 50.54626861970241 ], [ -98.106998416790091, 50.545868196231005 ], [ -98.112529425238904, 50.550096912564491 ], [ -98.110575603331014, 50.547784190258206 ], [ -98.113933272982095, 50.54900141400401 ], [ -98.115122257361804, 50.550332485471408 ], [ -98.116455981833894, 50.550720335405998 ], [ -98.114684638052893, 50.550711378942403 ], [ -98.1187318706761, 50.55433044379371 ], [ -98.121354544921999, 50.553734213890991 ], [ -98.115235093269405, 50.549960116562808 ], [ -98.118800220549502, 50.549528485591509 ], [ -98.119439648122594, 50.547406382328404 ], [ -98.116586797718199, 50.545986299550009 ], [ -98.118644337415702, 50.544261665867396 ], [ -98.114891436692105, 50.538158146616809 ], [ -98.118836962431303, 50.539226811200201 ], [ -98.119164443821091, 50.542480408926302 ], [ -98.123531569880811, 50.547477723171703 ], [ -98.124917906008307, 50.553410302736907 ], [ -98.1206859978289, 50.5604562241911 ], [ -98.119530891828603, 50.56675635411441 ], [ -98.124870755754699, 50.574252103829799 ], [ -98.1221437286803, 50.580783243894906 ], [ -98.123866870324505, 50.583831474257401 ], [ -98.119308777418695, 50.5862432905543 ], [ -98.124959387449707, 50.593858268622007 ], [ -98.127964399871701, 50.60250540240451 ], [ -98.133119085818294, 50.606523416053903 ], [ -98.130732153799414, 50.606829389005007 ], [ -98.118157774391406, 50.5971929666023 ], [ -98.113157933473502, 50.594830232216594 ], [ -98.129740549074, 50.607339101067801 ], [ -98.130872473591793, 50.61225339990331 ], [ -98.1351200814442, 50.616089175611698 ], [ -98.132067815058093, 50.617190638789296 ], [ -98.134446613872697, 50.619281289685595 ], [ -98.130192939101093, 50.620360282117211 ], [ -98.12461934781561, 50.614855110064596 ], [ -98.125060268251502, 50.616612115720002 ], [ -98.135934311401201, 50.626424006951908 ], [ -98.138134734917898, 50.625932184415902 ], [ -98.143864710411506, 50.633884010038706 ], [ -98.154098461175494, 50.64158952938871 ], [ -98.156643043066097, 50.641257237006627 ], [ -98.163715263670397, 50.645989189220018 ], [ -98.1615675834245, 50.643082429848199 ], [ -98.154966563739094, 50.639711742453201 ], [ -98.157039846265107, 50.638445221329597 ], [ -98.160553275661201, 50.640476079708804 ], [ -98.165365137849605, 50.639085215681604 ], [ -98.176457457660007, 50.644870348278204 ], [ -98.187122015250779, 50.655107568304608 ], [ -98.198912829536795, 50.661794722496701 ], [ -98.204802363274197, 50.668701356727794 ], [ -98.203369709280295, 50.668902912968498 ], [ -98.205193880008011, 50.670237364982206 ], [ -98.203804318675097, 50.671235117010013 ], [ -98.208049307117804, 50.673368441914597 ], [ -98.205313682978499, 50.674037799862504 ], [ -98.206206062336193, 50.676089827901897 ], [ -98.216183239007904, 50.674862333553392 ], [ -98.221068201903421, 50.678146111289507 ], [ -98.223010036507702, 50.686549686202611 ], [ -98.230305069294701, 50.696220743312409 ], [ -98.230732497660895, 50.700819052989814 ], [ -98.234922781239007, 50.704376428155214 ], [ -98.234769468385807, 50.706835038932994 ], [ -98.237086246824404, 50.709813452845808 ], [ -98.250652723257602, 50.710823233965584 ], [ -98.258036408010895, 50.715474922827099 ], [ -98.253439963664107, 50.708781695372799 ], [ -98.255738822827894, 50.709394435055692 ], [ -98.256137906830602, 50.707445478893106 ], [ -98.253417879979395, 50.706605222668493 ], [ -98.252907179458902, 50.707995882371307 ], [ -98.250570648894296, 50.705755091891795 ], [ -98.247052850268801, 50.704779155209494 ], [ -98.245824812290493, 50.704969065752408 ], [ -98.244952359463795, 50.704621680180395 ], [ -98.248092420618406, 50.703090663098401 ], [ -98.265963514004994, 50.706743344268808 ], [ -98.265322989772301, 50.7083086055138 ], [ -98.277557735425916, 50.725939556701306 ], [ -98.285622857160902, 50.729438088211005 ], [ -98.2892030043364, 50.72787269281379 ], [ -98.291009449650801, 50.729754246916102 ], [ -98.291320417337801, 50.731213012203014 ], [ -98.288031030955196, 50.731813494580706 ], [ -98.288705816285798, 50.733103619354395 ], [ -98.286101235198998, 50.733388969407805 ], [ -98.279207268763315, 50.739857526324101 ], [ -98.281336303721716, 50.747519246181291 ], [ -98.286483270330692, 50.750212787906115 ], [ -98.296362873323204, 50.748366295360199 ], [ -98.303144096448193, 50.74941872922151 ], [ -98.295169371507995, 50.752329507634812 ], [ -98.299260284032698, 50.759849836518974 ], [ -98.297415833314105, 50.759461033435109 ], [ -98.297399673522804, 50.763854018954611 ], [ -98.304480642839295, 50.766360542023484 ], [ -98.302112004643107, 50.767825740622399 ], [ -98.304352163439802, 50.7678526127713 ], [ -98.304647091573997, 50.768524349372299 ], [ -98.303884674370295, 50.768776101753303 ], [ -98.303912383841606, 50.769297860613314 ], [ -98.305215078793907, 50.768473776275293 ], [ -98.304835651246904, 50.771110957874797 ], [ -98.30556491274271, 50.769748367828413 ], [ -98.307581778381106, 50.770497783608398 ], [ -98.305497740513502, 50.769496164164011 ], [ -98.307181008682306, 50.768827204281692 ], [ -98.305653044893603, 50.766668792865801 ], [ -98.306851761363106, 50.767116579656502 ], [ -98.307589482259104, 50.767093982599306 ], [ -98.308147381282097, 50.766764552583794 ], [ -98.306461455512107, 50.766660113259306 ], [ -98.304986587771594, 50.763796057477002 ], [ -98.322714909419503, 50.764997499810704 ], [ -98.329937677105306, 50.762647083862696 ], [ -98.334168324715407, 50.756281790464804 ], [ -98.332913206546394, 50.747834681592309 ], [ -98.336031249230601, 50.748864189760496 ], [ -98.341606805177705, 50.756607300289403 ], [ -98.340127175960205, 50.757480251436604 ], [ -98.340973422519994, 50.760317829231909 ], [ -98.336349754001716, 50.764432882322509 ], [ -98.335485481552496, 50.7710777808758 ], [ -98.335485480236969, 50.771077780880944 ], [ -97.878965557261566, 50.771978507575326 ], [ -97.878965426339519, 50.771978507535707 ], [ -97.739459735163294, 50.77183927971452 ], [ -97.739869499289313, 50.594969121550207 ], [ -97.737510777496297, 50.594940467583299 ], [ -97.736972576970999, 50.506636656614909 ], [ -97.987661260960806, 50.5065461590805 ], [ -98.001215883348721, 50.51842038689179 ], [ -98.038774570754001, 50.506731205980707 ] ] ] } },
{ "type": "Feature", "properties": { "OBJECTID": 142, "MUNI_NO": 784, "MUNI_NAME": "CORMORANT-NORTHERN AFFAIRS ACT", "MUNI_TYPE": "NORTHERN COMMUNITY", "MUNI_LIST_NAME": "CORMORANT", "MUNI_LIST_NAME_WITH_TYPE": "CORMORANT (NORTHERN COMMUNITY)", "Shape__Area": 53439527.6640625, "Shape__Length": 86526.225177305081 }, "geometry": { "type": "MultiPolygon", "coordinates": [ [ [ [ -100.627235981843, 54.227137107882001 ], [ -100.619802777305992, 54.226712506369708 ], [ -100.617813610493997, 54.222139591158999 ], [ -100.625222905504998, 54.215967456713408 ], [ -100.622491268806002, 54.214313221204591 ], [ -100.612204543348, 54.219473115246522 ], [ -100.604868022690994, 54.217547038749892 ], [ -100.595412948082, 54.220644755353206 ], [ -100.590113806529999, 54.219279982098797 ], [ -100.577479162162987, 54.220445318464705 ], [ -100.572144706692995, 54.219285195526297 ], [ -100.560501840838995, 54.221255699701992 ], [ -100.562399934843995, 54.218258976181197 ], [ -100.560940727572998, 54.216663718236902 ], [ -100.557890946894005, 54.215780808309397 ], [ -100.552349748283007, 54.217235906797697 ], [ -100.549418727893993, 54.216018170384295 ], [ -100.569911024087006, 54.209960693344705 ], [ -100.611173074614996, 54.209930022999195 ], [ -100.611143656637992, 54.195452849547294 ], [ -100.676515110317993, 54.195335584007523 ], [ -100.674810909672999, 54.197700813654009 ], [ -100.671452103766001, 54.197994513152807 ], [ -100.670890384737007, 54.198990482192414 ], [ -100.672783797083, 54.199670041633098 ], [ -100.670739411739007, 54.201215969446004 ], [ -100.658447955274013, 54.20416268303611 ], [ -100.629959917826, 54.218274095780806 ], [ -100.627503783587017, 54.222828993473321 ], [ -100.627428320061995, 54.226468338015998 ], [ -100.635343897208003, 54.2275910238899 ], [ -100.636027701139014, 54.229400905361203 ], [ -100.643124810469999, 54.231917785117915 ], [ -100.643232621009005, 54.233530503399898 ], [ -100.636463350718003, 54.232674608571799 ], [ -100.636201373728994, 54.230474672696296 ], [ -100.627235981843, 54.227137107882001 ] ] ], [ [ [ -100.547830669665004, 54.237842640551015 ], [ -100.549119090668995, 54.239542735207699 ], [ -100.559989650796993, 54.2412985163743 ], [ -100.555074227649001, 54.244359775826503 ], [ -100.568080284729021, 54.240091784118704 ], [ -100.572893511988994, 54.240131547736702 ], [ -100.574174769634993, 54.238167565368705 ], [ -100.585046581065995, 54.236513376985897 ], [ -100.581003012979011, 54.232569495019703 ], [ -100.58079648655, 54.227166003750497 ], [ -100.590126590994004, 54.225300952514402 ], [ -100.590592148837018, 54.223310835424797 ], [ -100.596978791363, 54.2234806454234 ], [ -100.603011963724995, 54.22085911408071 ], [ -100.605344359176001, 54.221364830937098 ], [ -100.603099394362005, 54.22274672389991 ], [ -100.606040042526985, 54.222969741379899 ], [ -100.606257139975, 54.225047370349309 ], [ -100.602507822533994, 54.228852098677798 ], [ -100.605912244056, 54.231737720632502 ], [ -100.604439939015009, 54.233566437503498 ], [ -100.608706405128018, 54.237557815313799 ], [ -100.618011604708002, 54.238381248975379 ], [ -100.61768180618698, 54.235541643478911 ], [ -100.625976293359003, 54.23068994751911 ], [ -100.627774453222003, 54.230819401564887 ], [ -100.627980175120996, 54.232712649265309 ], [ -100.633944034750002, 54.234220494001001 ], [ -100.630634038235996, 54.237903650479296 ], [ -100.623913103752997, 54.239403611939402 ], [ -100.622953810243004, 54.242824251347599 ], [ -100.568966390198995, 54.242693666049803 ], [ -100.557139762987006, 54.246517762513214 ], [ -100.536024459385999, 54.246567556098803 ], [ -100.535921982982998, 54.232336752588594 ], [ -100.544690729604, 54.231067569757698 ], [ -100.549276457319991, 54.232978053744894 ], [ -100.547830669665004, 54.237842640551015 ] ] ] ] } },
{ "type": "Feature", "properties": { "OBJECTID": 21, "MUNI_NO": 116, "MUNI_NAME": "RM OF CORNWALLIS", "MUNI_TYPE": "RM", "MUNI_LIST_NAME": "CORNWALLIS", "MUNI_LIST_NAME_WITH_TYPE": "CORNWALLIS (RM)", "Shape__Area": 1209102962.5390625, "Shape__Length": 220700.38688309136 }, "geometry": { "type": "Polygon", "coordinates": [ [ [ -100.052987737075412, 49.709380706925714 ], [ -100.053911760931726, 49.886746177510751 ], [ -100.052919922631006, 49.886744391040715 ], [ -99.984840069977494, 49.886723170203688 ], [ -99.984811298850502, 49.864445814271015 ], [ -99.984810079812107, 49.86359953489611 ], [ -99.996356918318, 49.864290727889198 ], [ -99.996345961094704, 49.860584069202808 ], [ -99.998323361957802, 49.860392179615403 ], [ -99.998314582574096, 49.857350663094898 ], [ -99.996173417839898, 49.856594378941203 ], [ -99.998458751348721, 49.856328744597008 ], [ -99.998713057174768, 49.853300756109689 ], [ -99.998752064934095, 49.852836258812907 ], [ -99.999550456525796, 49.852661508462333 ], [ -100.004367807576003, 49.851606929579503 ], [ -100.004813520461013, 49.855486624843309 ], [ -100.005638294910185, 49.85548934410005 ], [ -100.00606555027376, 49.855490750029418 ], [ -100.007005331808998, 49.855493835951293 ], [ -100.007072910159536, 49.853662712707582 ], [ -100.007609225598003, 49.852689405293617 ], [ -100.007625355702999, 49.83868780474031 ], [ -99.996199883824303, 49.838630615254807 ], [ -99.996155710491095, 49.81268442356911 ], [ -99.9761112836769, 49.812617703258006 ], [ -99.976104201722094, 49.805363827330893 ], [ -99.973305942609699, 49.805352284313997 ], [ -99.973306935862297, 49.806995944079198 ], [ -99.966549215729003, 49.806967684492811 ], [ -99.962607427916893, 49.805307356182304 ], [ -99.962321944007201, 49.811098848178396 ], [ -99.950478831627194, 49.811066196983205 ], [ -99.950478347110305, 49.812662453571207 ], [ -99.806056017678202, 49.813127620154717 ], [ -99.809935469907998, 49.822340918820991 ], [ -99.817800138272801, 49.823628705649689 ], [ -99.825244950268797, 49.82943269771669 ], [ -99.825641685505502, 49.857319356320303 ], [ -99.848514989561394, 49.857332705808901 ], [ -99.848513231104306, 49.849926593954798 ], [ -99.859756058823194, 49.849953197013903 ], [ -99.862761958530811, 49.852515652314707 ], [ -99.867637004292803, 49.85282806360221 ], [ -99.8752172497651, 49.849422832070616 ], [ -99.888080244753795, 49.850373884376012 ], [ -99.894817357045198, 49.846931264699705 ], [ -99.896206946943707, 49.850758977203597 ], [ -99.898059710816483, 49.851644402845203 ], [ -99.902804932765008, 49.848588608130406 ], [ -99.911401264592001, 49.849127420820501 ], [ -99.912655442616, 49.85138631603531 ], [ -99.910491215078295, 49.855557183454501 ], [ -99.913321027210401, 49.859672152359913 ], [ -99.917279198157004, 49.860652394575716 ], [ -99.921335177045705, 49.858947895969905 ], [ -99.921299752397118, 49.862104066177203 ], [ -99.916406853050205, 49.862564418296799 ], [ -99.916404766378704, 49.8643885113894 ], [ -99.927323378827793, 49.86439343032059 ], [ -99.927321833330893, 49.865998954249697 ], [ -99.922011594911993, 49.865744851755998 ], [ -99.922011821512314, 49.86756964560869 ], [ -99.916409350686706, 49.86803608699261 ], [ -99.916413708083596, 49.871487583171003 ], [ -99.927616482488517, 49.886624809761003 ], [ -99.927580606719545, 49.886658227239899 ], [ -99.92752228241585, 49.886712554892853 ], [ -99.926123816046527, 49.886714156865445 ], [ -99.660421524847607, 49.886658075229604 ], [ -99.66042144475793, 49.886658075104613 ], [ -99.643746950164498, 49.886624768573533 ], [ -99.643746870274498, 49.886624768517194 ], [ -99.643750640788596, 49.797828773977599 ], [ -99.64375064217802, 49.797828773969897 ], [ -99.643782360836681, 49.769693978376665 ], [ -99.643850294467384, 49.70931597721966 ], [ -99.643939204966017, 49.70931616872344 ], [ -100.052987547016997, 49.709344079329398 ], [ -100.052987737075412, 49.709380706925714 ] ] ] } },
{ "type": "Feature", "properties": { "OBJECTID": 143, "MUNI_NO": 727, "MUNI_NAME": "CRANE RIVER-NORTHERN AFFAIRS ACT", "MUNI_TYPE": "NORTHERN COMMUNITY", "MUNI_LIST_NAME": "CRANE RIVER", "MUNI_LIST_NAME_WITH_TYPE": "CRANE RIVER (NORTHERN COMMUNITY)", "Shape__Area": 68402077.734375, "Shape__Length": 72722.872194731201 }, "geometry": { "type": "Polygon", "coordinates": [ [ [ -99.277551261315594, 51.581770996598706 ], [ -99.274826264026814, 51.5814354884306 ], [ -99.275759233632201, 51.575155989518208 ], [ -99.286143437292395, 51.566258719516895 ], [ -99.286731260438202, 51.563543832010801 ], [ -99.292836397871, 51.567960584331601 ], [ -99.296857682764582, 51.567630478877192 ], [ -99.297296060438597, 51.556524427598497 ], [ -99.295169086362904, 51.551033236566397 ], [ -99.29094698393159, 51.546119139994097 ], [ -99.291006721695496, 51.543521063636909 ], [ -99.287715704362398, 51.544390397636192 ], [ -99.2882805706722, 51.542003294367397 ], [ -99.285810194418801, 51.54109102174111 ], [ -99.288650553812701, 51.538972418356494 ], [ -99.286214232991, 51.537382514365298 ], [ -99.279841954736796, 51.537274173917609 ], [ -99.280147204224406, 51.540535232495508 ], [ -99.280088022289107, 51.543209191708399 ], [ -99.279689884465398, 51.544857800226701 ], [ -99.2821873108158, 51.546963412356604 ], [ -99.281226970522297, 51.552510878478401 ], [ -99.283089036753097, 51.556165381451301 ], [ -99.279653546694902, 51.557298433680096 ], [ -99.278657262422499, 51.561643042203102 ], [ -99.275853564388498, 51.553727433166905 ], [ -99.278348274299518, 51.552294111894483 ], [ -99.279960427294597, 51.54163537541239 ], [ -99.275195744852383, 51.532834901996708 ], [ -99.271504409960002, 51.53045492621159 ], [ -99.26982368537459, 51.53249527847769 ], [ -99.271198774978998, 51.534095593506301 ], [ -99.271070092939894, 51.541623367655497 ], [ -99.268024590294502, 51.541418364913021 ], [ -99.265908943287897, 51.539279560794689 ], [ -99.263768869714411, 51.541287555827196 ], [ -99.258568013588899, 51.537792403838495 ], [ -99.263965274135799, 51.530607536120598 ], [ -99.263718220815207, 51.532797183415717 ], [ -99.267060875576107, 51.533605482706101 ], [ -99.269926831412619, 51.529937478961202 ], [ -99.273680464713394, 51.530004913259887 ], [ -99.274881463864304, 51.528022726931191 ], [ -99.273448234517303, 51.524348046200998 ], [ -99.270677222192518, 51.52526327435411 ], [ -99.2692292866559, 51.524196027452902 ], [ -99.269742629923599, 51.518028161338613 ], [ -99.265973745365599, 51.510341737786298 ], [ -99.267472991044102, 51.50853975333181 ], [ -99.266931140043894, 51.505847881539204 ], [ -99.26931340026681, 51.506427687280095 ], [ -99.264570897248603, 51.503792954203703 ], [ -99.2642365167669, 51.500025258544504 ], [ -99.316290515640503, 51.500009914897298 ], [ -99.316444882077604, 51.521719560675002 ], [ -99.339892998416886, 51.521751101178197 ], [ -99.339924647914799, 51.536441256415102 ], [ -99.316469350905507, 51.5363595161731 ], [ -99.316302356922904, 51.580025184089997 ], [ -99.296678323118201, 51.580058443015403 ], [ -99.296578116077498, 51.577634566867999 ], [ -99.294166013724094, 51.575619797912609 ], [ -99.290588631630499, 51.581686841455891 ], [ -99.283496824399094, 51.585171606691802 ], [ -99.28164968602151, 51.58573715302699 ], [ -99.277551261315594, 51.581770996598706 ] ] ] } },
{ "type": "Feature", "properties": { "OBJECTID": 144, "MUNI_NO": 707, "MUNI_NAME": "INCORPORATED COMMUNITY OF CROSS LAKE", "MUNI_TYPE": "NORTHERN COMMUNITY", "MUNI_LIST_NAME": "CROSS LAKE", "MUNI_LIST_NAME_WITH_TYPE": "CROSS LAKE (NORTHERN COMMUNITY)", "Shape__Area": 45132320.8046875, "Shape__Length": 65514.255723873961 }, "geometry": { "type": "MultiPolygon", "coordinates": [ [ [ [ -97.768022804404197, 54.604616106537293 ], [ -97.774282431750507, 54.604650611235101 ], [ -97.771585540239499, 54.605689066136385 ], [ -97.768096729533596, 54.611383001355691 ], [ -97.745508021993203, 54.61897734355891 ], [ -97.751415938572805, 54.613438974554384 ], [ -97.768000066086998, 54.606203536661098 ], [ -97.768022804404197, 54.604616106537293 ] ] ], [ [ [ -97.729836686624097, 54.609671935408095 ], [ -97.735031354168399, 54.61131861212089 ], [ -97.734991511721304, 54.612603199862903 ], [ -97.726935230904303, 54.617826378020993 ], [ -97.7235878234913, 54.617120696858798 ], [ -97.723495120629508, 54.61854439798401 ], [ -97.720020793914003, 54.618815002020504 ], [ -97.720527266103687, 54.621083079922201 ], [ -97.7189643619827, 54.623329278444302 ], [ -97.707049198525496, 54.630158418394899 ], [ -97.708774319220893, 54.633473412058002 ], [ -97.714757392311398, 54.636134727314214 ], [ -97.738889243612405, 54.62040974481161 ], [ -97.739646571408116, 54.642625759255694 ], [ -97.689355438653905, 54.642585683603507 ], [ -97.689155253124696, 54.602645600557111 ], [ -97.7396315624934, 54.602622979800891 ], [ -97.739659638869497, 54.611059600469808 ], [ -97.737357173587597, 54.610812129966298 ], [ -97.738113679684403, 54.608138271505602 ], [ -97.729836686624097, 54.609671935408095 ] ] ], [ [ [ -97.78450689673042, 54.622758847991101 ], [ -97.782596513090397, 54.62656203436859 ], [ -97.7835742811328, 54.630620103407502 ], [ -97.780341894234297, 54.630630144796612 ], [ -97.780434528116103, 54.624006739202997 ], [ -97.778878115416902, 54.62399679700389 ], [ -97.7785491458759, 54.638416161087108 ], [ -97.764897242005219, 54.638465237254799 ], [ -97.764797635083298, 54.61710396029531 ], [ -97.774277795605101, 54.617097914062498 ], [ -97.777418076746599, 54.619295125486005 ], [ -97.777316254584093, 54.621035590596506 ], [ -97.782000794532905, 54.62008375883611 ], [ -97.782331601007698, 54.622611376670598 ], [ -97.78450689673042, 54.622758847991101 ] ] ] ] } },
{ "type": "Feature", "properties": { "OBJECTID": 145, "MUNI_NO": 747, "MUNI_NAME": "DALLAS/RED ROSE-NORTHERN AFFAIRS ACT", "MUNI_TYPE": "NORTHERN COMMUNITY", "MUNI_LIST_NAME": "DALLAS/RED ROSE", "MUNI_LIST_NAME_WITH_TYPE": "DALLAS/RED ROSE (NORTHERN COMMUNITY)", "Shape__Area": 818811293.5, "Shape__Length": 173303.72711090388 }, "geometry": { "type": "Polygon", "coordinates": [ [ [ -97.462064432700402, 51.303224432788291 ], [ -97.463077797944607, 51.303146225407602 ], [ -97.462243022632805, 51.391744128830005 ], [ -97.509077202416606, 51.391782301353302 ], [ -97.508970784227202, 51.413551207834594 ], [ -97.555520885079005, 51.413487692966108 ], [ -97.555642042289605, 51.391742461201495 ], [ -97.603321467803994, 51.391718315758197 ], [ -97.603327441274516, 51.398648135405821 ], [ -97.603371554258814, 51.449753631194056 ], [ -97.603447453325501, 51.537396277286994 ], [ -97.3917183661911, 51.537123618620406 ], [ -97.391940896926712, 51.453050291463505 ], [ -97.419287217206104, 51.452656380012499 ], [ -97.419024612735896, 51.433018777421509 ], [ -97.465175893240001, 51.43285616031811 ], [ -97.464336312522306, 51.403527891513988 ], [ -97.417499561148801, 51.403995559125406 ], [ -97.417475293611204, 51.4124702090566 ], [ -97.321811120196301, 51.41223010061519 ], [ -97.321774457496105, 51.303227598320703 ], [ -97.368481309878206, 51.303073823737591 ], [ -97.462064432700402, 51.303224432788291 ] ] ] } },
{ "type": "Feature", "properties": { "OBJECTID": 92, "MUNI_NO": 411, "MUNI_NAME": "CITY OF DAUPHIN", "MUNI_TYPE": "CITY", "MUNI_LIST_NAME": "DAUPHIN", "MUNI_LIST_NAME_WITH_TYPE": "DAUPHIN (CITY)", "Shape__Area": 31193377.7109375, "Shape__Length": 36573.474545672434 }, "geometry": { "type": "Polygon", "coordinates": [ [ [ -100.052009591775018, 51.166660300160608 ], [ -100.051672336665021, 51.168817681292111 ], [ -100.052893516382994, 51.167539643762709 ], [ -100.052998679597579, 51.167582840438769 ], [ -100.055091793618999, 51.168442563744804 ], [ -100.053966112514004, 51.169879906000013 ], [ -100.040110092475999, 51.169878496056199 ], [ -100.039666981788002, 51.163187655228604 ], [ -100.027693476779007, 51.163197006493093 ], [ -100.028150890816008, 51.154880714248797 ], [ -100.016639082167003, 51.154886296502397 ], [ -100.016597507434994, 51.133348130122982 ], [ -100.028095991561997, 51.138826077588497 ], [ -100.028094657346003, 51.137430330824593 ], [ -100.057288240695982, 51.137413179923008 ], [ -100.057280925255995, 51.125376385452007 ], [ -100.069199634189005, 51.125372317418801 ], [ -100.069222825249, 51.137409980312498 ], [ -100.074977030424009, 51.137410420338398 ], [ -100.075056378119001, 51.162368756205204 ], [ -100.063108418428996, 51.16237690387991 ], [ -100.063097482589995, 51.156402464826101 ], [ -100.054142785232997, 51.155142469328894 ], [ -100.052654752427017, 51.157359143146792 ], [ -100.055484880847004, 51.159201128082294 ], [ -100.051591604769996, 51.15897855754919 ], [ -100.052770704566001, 51.161022824841282 ], [ -100.051793320947993, 51.162470017338698 ], [ -100.055208575664011, 51.162603983920313 ], [ -100.051608632867996, 51.165230670207301 ], [ -100.055575713482, 51.166257320626706 ], [ -100.052009591775018, 51.166660300160608 ] ] ] } },
{ "type": "Feature", "properties": { "OBJECTID": 81, "MUNI_NO": 118, "MUNI_NAME": "RM OF DAUPHIN", "MUNI_TYPE": "RM", "MUNI_LIST_NAME": "DAUPHIN", "MUNI_LIST_NAME_WITH_TYPE": "DAUPHIN (RM)", "Shape__Area": 3861343346.796875, "Shape__Length": 325807.91407642298 }, "geometry": { "type": "Polygon", "coordinates": [ [ [ -99.929647247048294, 51.448486298695897 ], [ -99.9430442526631, 51.442308420216307 ], [ -99.948181896202399, 51.4371369894805 ], [ -99.951331701627694, 51.437435186182803 ], [ -99.950836779173898, 51.438512648639396 ], [ -99.95759471753, 51.437995656501194 ], [ -99.966908744403497, 51.433477100915013 ], [ -99.969688168589201, 51.430216979376496 ], [ -99.970679939048594, 51.427803377769202 ], [ -99.968571130590306, 51.426031388499084 ], [ -99.973238470415595, 51.425345295876291 ], [ -99.971286647848501, 51.421818585087799 ], [ -99.966280320897098, 51.419031936589299 ], [ -99.966049135802606, 51.416934178006692 ], [ -99.966736874727005, 51.415791001761512 ], [ -99.968808110754395, 51.417172177887906 ], [ -99.971867509038987, 51.414282851992006 ], [ -99.968839531483411, 51.411515858895903 ], [ -99.969432479868303, 51.408957184865905 ], [ -99.965293009263789, 51.405614797689303 ], [ -99.969975756964317, 51.402015239175803 ], [ -99.972014680893494, 51.395793748693499 ], [ -99.958731191101194, 51.389869427378706 ], [ -99.957559983061302, 51.382990993491887 ], [ -99.953593226083498, 51.378814998977006 ], [ -99.954031140105997, 51.371541244412498 ], [ -99.947066875373196, 51.365447078314006 ], [ -99.94760338684948, 51.358730054528806 ], [ -99.949893079428705, 51.355896947266899 ], [ -99.948138382449699, 51.349859393889503 ], [ -99.9378364382993, 51.347811163259408 ], [ -99.928834019112301, 51.34785141591329 ], [ -99.927202286160394, 51.349177206566317 ], [ -99.923881686198101, 51.347931042843499 ], [ -99.922846189519504, 51.352853450293203 ], [ -99.913532665619499, 51.358240838468092 ], [ -99.908820544874388, 51.358178572914014 ], [ -99.908851663105196, 51.355759430432208 ], [ -99.905127293067409, 51.350419920155403 ], [ -99.90346672210859, 51.340096190830998 ], [ -99.907136690561302, 51.3361876825632 ], [ -99.916836082680391, 51.331980232482501 ], [ -99.915730809197413, 51.331620196966711 ], [ -99.9142154097771, 51.314605206993711 ], [ -99.916366409549894, 51.307336129866798 ], [ -99.912395390207806, 51.299890055282297 ], [ -99.901005350942299, 51.296556684042393 ], [ -99.899940079504901, 51.29122345711351 ], [ -99.895696638025598, 51.286885739800709 ], [ -99.887920042705403, 51.28443612023861 ], [ -99.8782467092704, 51.284738380904699 ], [ -99.880181631558003, 51.277939164185199 ], [ -99.879734077619105, 51.273648702700491 ], [ -99.872041540617403, 51.270932126485903 ], [ -99.871314195162796, 51.260897622625201 ], [ -99.868432417830206, 51.253617267200504 ], [ -99.849960517747505, 51.249688317026205 ], [ -99.854174059374301, 51.242778509216308 ], [ -99.853934613499007, 51.234489312424003 ], [ -99.857922318399801, 51.22747758226491 ], [ -99.858701832576898, 51.2220359775893 ], [ -99.856794944788405, 51.218439514669107 ], [ -99.851001030309106, 51.214839877078809 ], [ -99.848378191626495, 51.208460839143406 ], [ -99.848140584929894, 51.202149900637394 ], [ -99.850375979883694, 51.195285959641893 ], [ -99.843303958233406, 51.191645759631299 ], [ -99.842633768531897, 51.189816135730496 ], [ -99.8397484776781, 51.189715482211987 ], [ -99.835503939486202, 51.181711144052699 ], [ -99.837744706843694, 51.174303342332699 ], [ -99.849188751511917, 51.159500185986985 ], [ -99.84543953519902, 51.155062584717101 ], [ -99.852387982785402, 51.154768819592299 ], [ -99.852694214514898, 50.948526285837097 ], [ -100.274047441085003, 50.948318399035202 ], [ -100.274091702320007, 51.228544074754204 ], [ -100.274575109073979, 51.302260452125402 ], [ -100.27523223150483, 51.302763107133678 ], [ -100.276000489531754, 51.352611434637382 ], [ -100.276140446837005, 51.361679975849114 ], [ -100.275904386213995, 51.448720929878206 ], [ -100.275614933968441, 51.448721225617554 ], [ -99.929647247048294, 51.448486298695897 ] ], [ [ -100.052009591775018, 51.166660300160608 ], [ -100.055575713482, 51.166257320626706 ], [ -100.051608632867996, 51.165230670207301 ], [ -100.055208575664011, 51.162603983920313 ], [ -100.051793320947993, 51.162470017338698 ], [ -100.052770704566001, 51.161022824841282 ], [ -100.051591604769996, 51.15897855754919 ], [ -100.055484880847004, 51.159201128082294 ], [ -100.052654752427017, 51.157359143146792 ], [ -100.054142785232997, 51.155142469328894 ], [ -100.063097482589995, 51.156402464826101 ], [ -100.063108418428996, 51.16237690387991 ], [ -100.075056378119001, 51.162368756205204 ], [ -100.074977030424009, 51.137410420338398 ], [ -100.069222825249, 51.137409980312498 ], [ -100.069199634189005, 51.125372317418801 ], [ -100.057280925255995, 51.125376385452007 ], [ -100.057288240695982, 51.137413179923008 ], [ -100.028094657346003, 51.137430330824593 ], [ -100.028095991561997, 51.138826077588497 ], [ -100.016597507434994, 51.133348130122982 ], [ -100.016639082167003, 51.154886296502397 ], [ -100.028150890816008, 51.154880714248797 ], [ -100.027693476779007, 51.163197006493093 ], [ -100.039666981788002, 51.163187655228604 ], [ -100.040110092475999, 51.169878496056199 ], [ -100.053966112514004, 51.169879906000013 ], [ -100.055091793618999, 51.168442563744804 ], [ -100.052998679597579, 51.167582840438769 ], [ -100.052893516382994, 51.167539643762709 ], [ -100.051672336665021, 51.168817681292111 ], [ -100.052009591775018, 51.166660300160608 ] ] ] } },
{ "type": "Feature", "properties": { "OBJECTID": 146, "MUNI_NO": 748, "MUNI_NAME": "DAUPHIN RIVER-NORTHERN AFFAIRS ACT", "MUNI_TYPE": "NORTHERN COMMUNITY", "MUNI_LIST_NAME": "DAUPHIN RIVER", "MUNI_LIST_NAME_WITH_TYPE": "DAUPHIN RIVER (NORTHERN COMMUNITY)", "Shape__Area": 3369648.390625, "Shape__Length": 11511.100760835343 }, "geometry": { "type": "Polygon", "coordinates": [ [ [ -98.068417030547707, 51.951505006398698 ], [ -98.08683402634442, 51.94281533111721 ], [ -98.104716373578, 51.940820343042198 ], [ -98.104533003941697, 51.944933612729209 ], [ -98.098405989083801, 51.944946013325698 ], [ -98.0984095888154, 51.947636749217615 ], [ -98.082860326472598, 51.947536504508101 ], [ -98.072313067951498, 51.9557708127602 ], [ -98.068371892621116, 51.955776312532805 ], [ -98.068417030547707, 51.951505006398698 ] ] ] } },
{ "type": "Feature", "properties": { "OBJECTID": 127, "MUNI_NO": 785, "MUNI_NAME": "DAWSON BAY-NORTHERN AFFAIRS ACT", "MUNI_TYPE": "NORTHERN COMMUNITY", "MUNI_LIST_NAME": "DAWSON BAY", "MUNI_LIST_NAME_WITH_TYPE": "DAWSON BAY (NORTHERN COMMUNITY)", "Shape__Area": 5163351.65625, "Shape__Length": 12626.853471858483 }, "geometry": { "type": "Polygon", "coordinates": [ [ [ -100.973981064219004, 52.985122401142796 ], [ -100.965110668904003, 52.985559403700499 ], [ -100.972621323238002, 52.983404912918793 ], [ -100.966229907012007, 52.980224035788808 ], [ -100.979175841338005, 52.972613864922799 ], [ -100.994781786540983, 52.972449604318598 ], [ -100.994813281136004, 52.980086059731001 ], [ -100.982721140352993, 52.980095065633705 ], [ -100.982652812881994, 52.987346484478017 ], [ -100.974002352043996, 52.987345462782386 ], [ -100.973981064219004, 52.985122401142796 ] ] ] } },
{ "type": "Feature", "properties": { "OBJECTID": 89, "MUNI_NO": 119, "MUNI_NAME": "RM OF DE SALABERRY", "MUNI_TYPE": "RM", "MUNI_LIST_NAME": "DE SALABERRY", "MUNI_LIST_NAME_WITH_TYPE": "DE SALABERRY (RM)", "Shape__Area": 1583615072.4921875, "Shape__Length": 191598.96878877381 }, "geometry": { "type": "Polygon", "coordinates": [ [ [ -97.188079341096, 49.48767470265571 ], [ -97.1830052961311, 49.487695429141297 ], [ -97.182955225612801, 49.502521284637396 ], [ -97.177401613235006, 49.502530606376197 ], [ -97.177397582132798, 49.524924722194207 ], [ -97.165925295679514, 49.524886070928503 ], [ -97.165928454090405, 49.525453584269599 ], [ -97.165945007709198, 49.528428330354004 ], [ -97.1659454303243, 49.528504224991018 ], [ -97.160383982777901, 49.528510485554605 ], [ -97.160396769743301, 49.531985316697607 ], [ -97.048820848968319, 49.531766049997401 ], [ -97.04882127954285, 49.531988878561179 ], [ -96.917262667851801, 49.531829423461495 ], [ -96.9171487224136, 49.354774339118414 ], [ -96.781567677295499, 49.354888354643997 ], [ -96.781468565555414, 49.266246847699307 ], [ -97.188216822145321, 49.266061435817072 ], [ -97.188181304150305, 49.354671107924794 ], [ -97.188079341096, 49.48767470265571 ] ], [ [ -96.996507674849312, 49.44664049045511 ], [ -96.9964778555359, 49.442365980538 ], [ -96.999250037866318, 49.442356189291807 ], [ -96.999168210003702, 49.433618093211891 ], [ -96.973941037818406, 49.433660548244106 ], [ -96.973968163199999, 49.446611902717699 ], [ -96.996507674849312, 49.44664049045511 ] ] ] } },
{ "type": "Feature", "properties": { "OBJECTID": 153, "MUNI_NO": 205, "MUNI_NAME": "MUNICIPALITY OF DELORAINE-WINCHESTER", "MUNI_TYPE": "MUNICIPALITY", "MUNI_LIST_NAME": "DELORAINE-WINCHESTER", "MUNI_LIST_NAME_WITH_TYPE": "DELORAINE-WINCHESTER (MUNICIPALITY)", "Shape__Area": 1817448539.1835938, "Shape__Length": 185983.01059535937 }, "geometry": { "type": "Polygon", "coordinates": [ [ [ -100.287541722370008, 49.177472004295709 ], [ -100.288945658662996, 48.999333551892903 ], [ -100.556000517602001, 48.999413803972509 ], [ -100.55597881423401, 49.177480474222506 ], [ -100.579278644775002, 49.177505689895803 ], [ -100.579242937775007, 49.355205881245695 ], [ -100.308075154391005, 49.355228259155709 ], [ -100.308105050389997, 49.177504097668702 ], [ -100.287541722370008, 49.177472004295709 ] ] ] } },
{ "type": "Feature", "properties": { "OBJECTID": 156, "MUNI_NO": 786, "MUNI_NAME": "DUCK BAY-NORTHERN AFFAIRS ACT", "MUNI_TYPE": "NORTHERN COMMUNITY", "MUNI_LIST_NAME": "DUCK BAY", "MUNI_LIST_NAME_WITH_TYPE": "DUCK BAY (NORTHERN COMMUNITY)", "Shape__Area": 32768097.4296875, "Shape__Length": 37642.689144274264 }, "geometry": { "type": "Polygon", "coordinates": [ [ [ -100.139502287374, 52.183514169909401 ], [ -100.140074424586999, 52.1825799434529 ], [ -100.142714878633996, 52.181783183941512 ], [ -100.152419523489002, 52.170699983945802 ], [ -100.157168344284983, 52.167384332844797 ], [ -100.155907828343999, 52.163873641817801 ], [ -100.153567844521987, 52.162789815167599 ], [ -100.148660979417002, 52.164834681499805 ], [ -100.144519611505999, 52.162039272343478 ], [ -100.138844940813001, 52.162798355936602 ], [ -100.141470799103999, 52.156740125496313 ], [ -100.145647679145, 52.152444155231905 ], [ -100.143473762558997, 52.148870296347802 ], [ -100.144665896912997, 52.144918348477503 ], [ -100.156401879192998, 52.133857873729205 ], [ -100.152470932623004, 52.130542878821501 ], [ -100.148898935397995, 52.133139879401192 ], [ -100.148609405760993, 52.130767603218601 ], [ -100.151568579314002, 52.125011410294114 ], [ -100.146615027717004, 52.121955425481097 ], [ -100.154377448313014, 52.114268560243403 ], [ -100.178174642510996, 52.114249266959298 ], [ -100.177458475948001, 52.123338806244995 ], [ -100.180013772658995, 52.122571499566583 ], [ -100.179982078502007, 52.154748436209495 ], [ -100.175457062820001, 52.154785581962898 ], [ -100.169974702694986, 52.161211069345697 ], [ -100.166846309313001, 52.161904461628495 ], [ -100.161918376738001, 52.171107646667501 ], [ -100.154276262357996, 52.174094258461395 ], [ -100.148196033591006, 52.183031236731594 ], [ -100.142169695397001, 52.18212873509961 ], [ -100.139502287374, 52.183514169909401 ] ] ] } },
{ "type": "Feature", "properties": { "OBJECTID": 115, "MUNI_NO": 120, "MUNI_NAME": "RM OF DUFFERIN", "MUNI_TYPE": "RM", "MUNI_LIST_NAME": "DUFFERIN", "MUNI_LIST_NAME_WITH_TYPE": "DUFFERIN (RM)", "Shape__Area": 2179779247.328125, "Shape__Length": 229160.29472118249 }, "geometry": { "type": "Polygon", "coordinates": [ [ [ -98.069870663702801, 49.443342694500586 ], [ -98.273278460645898, 49.443320107165306 ], [ -98.273351449422194, 49.487373581389498 ], [ -98.40957083305841, 49.487204739270908 ], [ -98.409796114898398, 49.487204302621095 ], [ -98.410172568516018, 49.531579566279397 ], [ -98.414745884826303, 49.531569182068694 ], [ -98.414745957753595, 49.531625965623242 ], [ -98.414860853244292, 49.620908548381784 ], [ -97.732610539359897, 49.620868349339901 ], [ -97.731699974443387, 49.532272299977286 ], [ -97.730846924426899, 49.532270132475297 ], [ -97.730792225650006, 49.4435993894487 ], [ -98.069870663702801, 49.443342694500586 ] ], [ [ -98.024039398099504, 49.514600356919502 ], [ -98.024052342398704, 49.509851609642091 ], [ -98.018490776130704, 49.508659769738202 ], [ -98.018509380746394, 49.5020288260691 ], [ -98.016384813817496, 49.5013156442064 ], [ -98.018518204033896, 49.499799390664798 ], [ -98.014947272122399, 49.499804658393501 ], [ -98.015046691076193, 49.501236795805198 ], [ -98.012952637185407, 49.499807355307595 ], [ -98.012961276444997, 49.495113903888104 ], [ -98.001845141924306, 49.4951203658023 ], [ -98.001839103746704, 49.498744579224294 ], [ -97.993362727531803, 49.498763864387584 ], [ -97.993360439326693, 49.502799738761205 ], [ -97.990588007532494, 49.502806167885005 ], [ -97.990773155013102, 49.517170787899403 ], [ -98.020478735184497, 49.517103978283409 ], [ -98.024039398099504, 49.514600356919502 ] ] ] } },
{ "type": "Feature", "properties": { "OBJECTID": 100, "MUNI_NO": 311, "MUNI_NAME": "VILLAGE OF DUNNOTTAR", "MUNI_TYPE": "VILLAGE", "MUNI_LIST_NAME": "DUNNOTTAR", "MUNI_LIST_NAME_WITH_TYPE": "DUNNOTTAR (VILLAGE)", "Shape__Area": 6541512.0625, "Shape__Length": 25849.15240867512 }, "geometry": { "type": "Polygon", "coordinates": [ [ [ -96.957220737981615, 50.476853889411906 ], [ -96.949612161456699, 50.478175799149724 ], [ -96.945705798472304, 50.474328614341509 ], [ -96.952472258053504, 50.471691103795699 ], [ -96.950917160465195, 50.46642448114391 ], [ -96.951815708048997, 50.462914492043907 ], [ -96.950185841611997, 50.459710755115495 ], [ -96.951677198873512, 50.457641321721297 ], [ -96.949621880902299, 50.454506534054907 ], [ -96.949452308465197, 50.450608954572992 ], [ -96.951541937620803, 50.446422880746596 ], [ -96.955230970233487, 50.443843419280213 ], [ -96.949254454313404, 50.43091211454319 ], [ -96.945664782693299, 50.4292643842251 ], [ -96.956915177583596, 50.428634435497806 ], [ -96.95434351510292, 50.4365003016323 ], [ -96.956642552172994, 50.436506540471704 ], [ -96.956641508984106, 50.440000235358887 ], [ -96.9633512127117, 50.440018249098209 ], [ -96.963305687461713, 50.4548097781717 ], [ -96.955291660957897, 50.454805642813199 ], [ -96.9558678798914, 50.447424414011401 ], [ -96.954614915436494, 50.457919848503586 ], [ -96.957220737981615, 50.476853889411906 ] ] ] } },
{ "type": "Feature", "properties": { "OBJECTID": 24, "MUNI_NO": 121, "MUNI_NAME": "RM OF EAST ST. PAUL", "MUNI_TYPE": "RM", "MUNI_LIST_NAME": "EAST ST PAUL", "MUNI_LIST_NAME_WITH_TYPE": "EAST ST PAUL (RM)", "Shape__Area": 104279422.76171875, "Shape__Length": 51522.625394445531 }, "geometry": { "type": "Polygon", "coordinates": [ [ [ -96.997291157167396, 49.930250202233609 ], [ -97.070305001162197, 49.962753951909995 ], [ -97.066259505911106, 49.967009405180498 ], [ -97.059807554183095, 49.978623000020995 ], [ -97.052284589672695, 49.984270056734502 ], [ -97.049808947702203, 49.990242287259285 ], [ -97.041741744937994, 49.993361303208609 ], [ -97.039903095479204, 49.995520458346896 ], [ -97.043030775073007, 50.019286709414388 ], [ -97.0378422627915, 50.021940748663113 ], [ -97.032349332694494, 50.0286150478913 ], [ -96.956970830347927, 49.994678047956008 ], [ -96.956681310108294, 49.98913350419771 ], [ -96.962715478990205, 49.989184923108901 ], [ -96.96192304411862, 49.974450390259307 ], [ -96.990363352456797, 49.974710468950803 ], [ -96.990490731676303, 49.967447141144092 ], [ -97.001704431272898, 49.967517504113609 ], [ -97.002072883128719, 49.944974326473393 ], [ -96.990445733947794, 49.94493566627429 ], [ -96.9906429462647, 49.9343647134409 ], [ -96.996671762955003, 49.934411652323391 ], [ -96.997211349645909, 49.930786439690834 ], [ -96.997291157167396, 49.930250202233609 ] ] ] } },
{ "type": "Feature", "properties": { "OBJECTID": 157, "MUNI_NO": 736, "MUNI_NAME": "EASTERVILLE-NORTHERN AFFAIRS ACT", "MUNI_TYPE": "NORTHERN COMMUNITY", "MUNI_LIST_NAME": "EASTERVILLE", "MUNI_LIST_NAME_WITH_TYPE": "EASTERVILLE (NORTHERN COMMUNITY)", "Shape__Area": 7793319.921875, "Shape__Length": 14330.060074213328 }, "geometry": { "type": "Polygon", "coordinates": [ [ [ -99.822022716675406, 53.108432099725505 ], [ -99.8200708388393, 53.107027273148304 ], [ -99.814815428107281, 53.107764821975699 ], [ -99.813169226773198, 53.10474672115901 ], [ -99.793707347740295, 53.089458688610605 ], [ -99.823832746774301, 53.089533215435893 ], [ -99.823859077011605, 53.103925005727291 ], [ -99.830120981058897, 53.103947153624198 ], [ -99.830258719395715, 53.108557247770406 ], [ -99.826005924683201, 53.108920194969492 ], [ -99.826451542777306, 53.107634223810017 ], [ -99.824367056838, 53.107104711939705 ], [ -99.822022716675406, 53.108432099725505 ] ] ] } },
{ "type": "Feature", "properties": { "OBJECTID": 36, "MUNI_NO": 101, "MUNI_NAME": "RM OF ELLICE-ARCHIE", "MUNI_TYPE": "RM", "MUNI_LIST_NAME": "ELLICE-ARCHIE", "MUNI_LIST_NAME_WITH_TYPE": "ELLICE-ARCHIE (RM)", "Shape__Area": 2843158413.6484375, "Shape__Length": 252760.83251724023 }, "geometry": { "type": "Polygon", "coordinates": [ [ [ -101.447309007849, 50.063600932251497 ], [ -101.447169182777003, 50.240543290023197 ], [ -101.476740970315007, 50.240510125139103 ], [ -101.477002972769, 50.594260262475899 ], [ -101.273124281938607, 50.594299746150313 ], [ -101.229785703109982, 50.594220678315303 ], [ -101.229785709824625, 50.594254529329902 ], [ -101.217722110777657, 50.594238598666458 ], [ -101.200407556840986, 50.594213188566599 ], [ -101.200039146498995, 50.240648898276305 ], [ -101.172894623576994, 50.240644854058694 ], [ -101.172678879114898, 50.064529048585136 ], [ -101.172677671654995, 50.063539400338406 ], [ -101.447309007849, 50.063600932251497 ] ] ] } },
{ "type": "Feature", "properties": { "OBJECTID": 19, "MUNI_NO": 124, "MUNI_NAME": "RM OF ELTON", "MUNI_TYPE": "RM", "MUNI_LIST_NAME": "ELTON", "MUNI_LIST_NAME_WITH_TYPE": "ELTON (RM)", "Shape__Area": 1395238954.6875, "Shape__Length": 168707.23009061645 }, "geometry": { "type": "Polygon", "coordinates": [ [ [ -99.926123816046527, 49.886714156865445 ], [ -99.926834663138195, 49.88735304266568 ], [ -99.929260830679993, 49.889533424137305 ], [ -99.934768207708686, 49.889530229853897 ], [ -99.934762709461694, 49.888158317819908 ], [ -99.957607144868291, 49.88900097022649 ], [ -99.960235720288438, 49.888840663563279 ], [ -99.961683739741403, 49.8888792530622 ], [ -99.9692345285182, 49.888291320803511 ], [ -99.969233531133, 49.886730289790407 ], [ -99.984840069977494, 49.886723170203688 ], [ -100.052919922631006, 49.886744391040715 ], [ -100.053911760931726, 49.886746177510751 ], [ -100.072691215640006, 49.886739833237201 ], [ -100.072691238378596, 49.886773867297755 ], [ -100.072809787798988, 50.063504585570897 ], [ -99.999767364707694, 50.063614214675944 ], [ -99.935485252990389, 50.063666026202235 ], [ -99.660415517346905, 50.063415385611599 ], [ -99.660413142924398, 50.063415380142992 ], [ -99.660421251349078, 49.892447953668906 ], [ -99.66042144475793, 49.886658075104613 ], [ -99.660421524847607, 49.886658075229604 ], [ -99.926123816046527, 49.886714156865445 ] ], [ [ -99.929387960596884, 49.901180614937502 ], [ -99.929188438165298, 49.902209464383994 ], [ -99.935188655178194, 49.901569399787689 ], [ -99.935217238675193, 49.915950244040701 ], [ -99.958008970906903, 49.915973030589591 ], [ -99.957999448309806, 49.909716437500002 ], [ -99.9692331330006, 49.909677777313995 ], [ -99.969238193934984, 49.9052880512779 ], [ -99.957997656469502, 49.905322361089596 ], [ -99.957997282597404, 49.901273895644195 ], [ -99.929387960596884, 49.901180614937502 ] ] ] } },
{ "type": "Feature", "properties": { "OBJECTID": 125, "MUNI_NO": 127, "MUNI_NAME": "MUNICIPALITY OF EMERSON-FRANKLIN", "MUNI_TYPE": "MUNICIPALITY", "MUNI_LIST_NAME": "EMERSON-FRANKLIN", "MUNI_LIST_NAME_WITH_TYPE": "EMERSON-FRANKLIN (MUNICIPALITY)", "Shape__Area": 2349570779.7109375, "Shape__Length": 234335.69116065191 }, "geometry": { "type": "Polygon", "coordinates": [ [ [ -97.188216850591445, 49.266061435744582 ], [ -97.188216822145321, 49.266061435817072 ], [ -96.781468565555414, 49.266246847699307 ], [ -96.781303279890395, 49.177880672196196 ], [ -96.786141197483801, 49.177871905014491 ], [ -96.786376528560297, 49.000195888660386 ], [ -97.2575127976082, 49.000469806416895 ], [ -97.257638597511601, 49.037493693445313 ], [ -97.224058327885004, 49.037459083316108 ], [ -97.224088703058996, 49.032025866935605 ], [ -97.202240224855004, 49.032002959199993 ], [ -97.199000044242311, 49.030208586028103 ], [ -97.195699807829797, 49.032828628506003 ], [ -97.187590920086905, 49.035152981855489 ], [ -97.188576579203698, 49.037210597217197 ], [ -97.196604794089993, 49.040152176766505 ], [ -97.195114303373003, 49.042580326262289 ], [ -97.188049595491194, 49.046441398691897 ], [ -97.187381027794515, 49.048643955133009 ], [ -97.189061822254814, 49.050411108443598 ], [ -97.197303764887806, 49.051286862858504 ], [ -97.200017029571896, 49.0532813909971 ], [ -97.198790082371815, 49.062991578834108 ], [ -97.205478017309701, 49.0683045512774 ], [ -97.2032653123036, 49.073280960778007 ], [ -97.208429230429005, 49.075137987583297 ], [ -97.2189856863926, 49.074406294128892 ], [ -97.218680599781294, 49.076619126234995 ], [ -97.213990565345398, 49.079479361567209 ], [ -97.213073551413601, 49.082708261331604 ], [ -97.21589434747392, 49.096097613086904 ], [ -97.225245276424005, 49.098945119343576 ], [ -97.221395294138404, 49.103743727096905 ], [ -97.224939810355693, 49.104243604668397 ], [ -97.234004763278705, 49.100343442826485 ], [ -97.239639838311604, 49.102741523651716 ], [ -97.239907096720202, 49.108354639813207 ], [ -97.242846034573503, 49.115344368796301 ], [ -97.234529864787007, 49.118941818811898 ], [ -97.234331941218102, 49.122199854437106 ], [ -97.246487505607405, 49.124589195576903 ], [ -97.2512528171535, 49.127841585812497 ], [ -97.254605146846799, 49.13270069460421 ], [ -97.254239359531198, 49.141943050113497 ], [ -97.259311500835111, 49.147849047240094 ], [ -97.264862886286309, 49.1489041908061 ], [ -97.272976350467005, 49.14313349773829 ], [ -97.277037554458204, 49.14345956858751 ], [ -97.276981239300198, 49.145874146860095 ], [ -97.271507438275407, 49.150276804938102 ], [ -97.272848744889899, 49.154889321299798 ], [ -97.282279111032807, 49.16219530268561 ], [ -97.292199255363997, 49.175283123599108 ], [ -97.295642330658893, 49.176507970054701 ], [ -97.302231711054404, 49.175012779871395 ], [ -97.305145126629697, 49.175883209512001 ], [ -97.304716110802403, 49.178400263052097 ], [ -97.301962876265407, 49.179862119572007 ], [ -97.289342500223597, 49.180737336023704 ], [ -97.288429242985416, 49.182945791486993 ], [ -97.290093069084293, 49.185835641206403 ], [ -97.298247643798902, 49.190562018722702 ], [ -97.302573355946507, 49.19009493515 ], [ -97.308471385685806, 49.186583136512702 ], [ -97.311126512031578, 49.188076798843632 ], [ -97.311205032526601, 49.188120968558302 ], [ -97.311050540963294, 49.188196413286832 ], [ -97.303076620221603, 49.192089737820417 ], [ -97.267382641563103, 49.192056003408915 ], [ -97.267414928630302, 49.23639835323921 ], [ -97.278457740695501, 49.236378056436905 ], [ -97.278465995839596, 49.265789552947709 ], [ -97.188216850591445, 49.266061435744582 ] ] ] } },
{ "type": "Feature", "properties": { "OBJECTID": 116, "MUNI_NO": 126, "MUNI_NAME": "MUNICIPALITY OF ETHELBERT", "MUNI_TYPE": "MUNICIPALITY", "MUNI_LIST_NAME": "ETHELBERT", "MUNI_LIST_NAME_WITH_TYPE": "ETHELBERT (MUNICIPALITY)", "Shape__Area": 2941322666.984375, "Shape__Length": 224581.74103315597 }, "geometry": { "type": "Polygon", "coordinates": [ [ [ -100.652131181194989, 51.71129621611351 ], [ -100.297740661458008, 51.710997810202208 ], [ -100.297751146253006, 51.6238020895847 ], [ -100.276049044030998, 51.623854828150783 ], [ -100.275904386213995, 51.448720929878206 ], [ -100.276140446837005, 51.361679975849114 ], [ -100.604219191943002, 51.361815927213307 ], [ -100.640439782055367, 51.361887258224023 ], [ -100.698118621388602, 51.361974194264683 ], [ -100.697723549510002, 51.623690661731104 ], [ -100.722632182162997, 51.623632486428995 ], [ -100.723038469440993, 51.711092000392007 ], [ -100.652131181194989, 51.71129621611351 ] ] ] } },
{ "type": "Feature", "properties": { "OBJECTID": 15, "MUNI_NO": 605, "MUNI_NAME": "RM OF FISHER", "MUNI_TYPE": "RM", "MUNI_LIST_NAME": "FISHER", "MUNI_LIST_NAME_WITH_TYPE": "FISHER (RM)", "Shape__Area": 3787599393.5546875, "Shape__Length": 318763.52652254852 }, "geometry": { "type": "Polygon", "coordinates": [ [ [ -97.879149527929712, 50.860433874017389 ], [ -97.879225621290118, 50.860433700930997 ], [ -97.879166098679136, 50.868377860788378 ], [ -97.878670549330394, 50.934402624773924 ], [ -97.879334838173307, 50.949104821530014 ], [ -97.884305571482912, 50.949161233315991 ], [ -97.884305571746395, 50.949161233374411 ], [ -97.884242185721604, 51.0381092482789 ], [ -97.884242185642094, 51.038109248542696 ], [ -97.954373724631594, 51.037918682659104 ], [ -97.95437372463212, 51.037918682930837 ], [ -97.954547024920672, 51.126315100128231 ], [ -97.954547024921197, 51.126315100401506 ], [ -97.884266807060897, 51.126589627902099 ], [ -97.884266807061678, 51.126589628094095 ], [ -97.88462940048943, 51.215040111699352 ], [ -97.884993061698196, 51.3033843111929 ], [ -97.872494523307793, 51.303592994690398 ], [ -97.743532263002606, 51.303645648714294 ], [ -97.743739578151704, 51.303437845109613 ], [ -97.743378760251204, 51.288844588872692 ], [ -97.743119596619493, 51.215282001381212 ], [ -97.684879063913712, 51.21499749395521 ], [ -97.462529529638118, 51.215292326248317 ], [ -97.463077797944607, 51.303146225407602 ], [ -97.462064432700402, 51.303224432788291 ], [ -97.368481309878206, 51.303073823737591 ], [ -97.3685123867361, 51.067590675803608 ], [ -97.391933874659998, 51.067603051651311 ], [ -97.391785617105398, 51.038108574855393 ], [ -97.462416605673695, 51.03808802624841 ], [ -97.463053003334437, 50.861318511794742 ], [ -97.463055870528919, 50.860518807660299 ], [ -97.879149527929712, 50.860433874017389 ] ] ] } },
{ "type": "Feature", "properties": { "OBJECTID": 158, "MUNI_NO": 750, "MUNI_NAME": "FISHER BAY-NORTHERN AFFAIRS ACT", "MUNI_TYPE": "NORTHERN COMMUNITY", "MUNI_LIST_NAME": "FISHER BAY", "MUNI_LIST_NAME_WITH_TYPE": "FISHER BAY (NORTHERN COMMUNITY)", "Shape__Area": 161566101.3515625, "Shape__Length": 66174.896392353083 }, "geometry": { "type": "Polygon", "coordinates": [ [ [ -97.309933093822195, 51.53696560211241 ], [ -97.310155485724295, 51.522703632817105 ], [ -97.280983339701393, 51.522749055136899 ], [ -97.290524584209706, 51.503088838856705 ], [ -97.291626487776895, 51.495517136661 ], [ -97.299002923254903, 51.490872441708007 ], [ -97.2962816086049, 51.485927708729207 ], [ -97.290949082906593, 51.482988718297683 ], [ -97.293331714777494, 51.480545260557392 ], [ -97.292961982208695, 51.478393839102004 ], [ -97.298106647687803, 51.474278745161307 ], [ -97.297060679754793, 51.473803690493114 ], [ -97.29818745177711, 51.473206897432107 ], [ -97.297887854974903, 51.468067378917908 ], [ -97.296129938155502, 51.466943273485114 ], [ -97.298666409838305, 51.464731875528592 ], [ -97.299228119629305, 51.461725346307105 ], [ -97.297912419761403, 51.459713494701717 ], [ -97.299301937097198, 51.455339378666402 ], [ -97.297130961554501, 51.447745598524406 ], [ -97.289474794201993, 51.443648596587394 ], [ -97.286132182815294, 51.43792805364339 ], [ -97.302958280129204, 51.437570188827209 ], [ -97.302909283393404, 51.453023490168185 ], [ -97.349245196337606, 51.453063786194804 ], [ -97.349247897747205, 51.460289186673599 ], [ -97.360812302044394, 51.460293386237993 ], [ -97.360828599730596, 51.453057485181091 ], [ -97.391719298153504, 51.452980930145003 ], [ -97.391940896926712, 51.453050291463505 ], [ -97.3917183661911, 51.537123618620406 ], [ -97.391567913722497, 51.537041739501618 ], [ -97.309933093822195, 51.53696560211241 ] ] ] } },
{ "type": "Feature", "properties": { "OBJECTID": 5, "MUNI_NO": 540, "MUNI_NAME": "CITY OF FLIN FLON", "MUNI_TYPE": "CITY", "MUNI_LIST_NAME": "FLIN FLON", "MUNI_LIST_NAME_WITH_TYPE": "FLIN FLON (CITY)", "Shape__Area": 72642773.6484375, "Shape__Length": 44756.134618006748 }, "geometry": { "type": "MultiPolygon", "coordinates": [ [ [ [ -101.847455892108997, 54.733440753424908 ], [ -101.847457733656, 54.762560284310204 ], [ -101.878121712403981, 54.76260051402501 ], [ -101.877763239689997, 54.764085229917711 ], [ -101.880729565692008, 54.765130148808502 ], [ -101.880491084542996, 54.767302390378305 ], [ -101.878446209038003, 54.767320211501016 ], [ -101.879025148086001, 54.769090067244392 ], [ -101.869972287774999, 54.772884275816402 ], [ -101.864878078342997, 54.773183246244301 ], [ -101.865715148286995, 54.776910973722295 ], [ -101.860039015604002, 54.779072549126198 ], [ -101.860024335334984, 54.799145691396902 ], [ -101.809633723952004, 54.799015459806604 ], [ -101.809693553545998, 54.769953521564794 ], [ -101.803406631147993, 54.769915098879295 ], [ -101.803409025158999, 54.733449289181792 ], [ -101.847455892108997, 54.733440753424908 ] ] ], [ [ [ -101.882025734034997, 54.775221840561102 ], [ -101.881345530600001, 54.771369361667702 ], [ -101.884676335452014, 54.776716972307689 ], [ -101.882025734034997, 54.775221840561102 ] ] ] ] } },
{ "type": "Feature", "properties": { "OBJECTID": 88, "MUNI_NO": 323, "MUNI_NAME": "GILBERT PLAINS MUNICIPALITY", "MUNI_TYPE": "MUNICIPALITY", "MUNI_LIST_NAME": "GILBERT PLAINS ", "MUNI_LIST_NAME_WITH_TYPE": "GILBERT PLAINS  (MUNICIPALITY)", "Shape__Area": 2678603495.8359375, "Shape__Length": 220218.56737436261 }, "geometry": { "type": "Polygon", "coordinates": [ [ [ -100.604219191943002, 51.361815927213307 ], [ -100.276140446837005, 51.361679975849114 ], [ -100.276000489531754, 51.352611434637382 ], [ -100.27523223150483, 51.302763107133678 ], [ -100.274575109073979, 51.302260452125402 ], [ -100.274091702320007, 51.228544074754204 ], [ -100.274047441085003, 50.948318399035202 ], [ -100.602022451500019, 50.948159319050802 ], [ -100.602275004991995, 51.30245060086601 ], [ -100.604317058644995, 51.302451242723009 ], [ -100.604219191943002, 51.361815927213307 ] ] ] } },
{ "type": "Feature", "properties": { "OBJECTID": 54, "MUNI_NO": 619, "MUNI_NAME": "TOWN OF GILLAM", "MUNI_TYPE": "TOWN", "MUNI_LIST_NAME": "GILLAM", "MUNI_LIST_NAME_WITH_TYPE": "GILLAM (TOWN)", "Shape__Area": 7468552901.28125, "Shape__Length": 507294.83937980019 }, "geometry": { "type": "Polygon", "coordinates": [ [ [ -94.002262727083121, 56.245890664295104 ], [ -95.012860576497999, 56.245733476507795 ], [ -95.013003446389106, 56.4202512385448 ], [ -94.459698553585199, 56.420159994061997 ], [ -94.459699702069301, 56.507481860813208 ], [ -94.272448513775501, 56.507545633215884 ], [ -94.272445483389802, 56.594807358420098 ], [ -94.1129119436861, 56.594804418727108 ], [ -94.112912121834398, 56.682061669875999 ], [ -94.002215785588305, 56.682179998536803 ], [ -94.002208393394199, 56.769433445205507 ], [ -93.6831871738855, 56.769435555707801 ], [ -93.683185420519493, 56.507668751734315 ], [ -94.002230901387705, 56.507667718966317 ], [ -94.002262727083121, 56.245890664295104 ] ] ] } },
{ "type": "Feature", "properties": { "OBJECTID": 8, "MUNI_NO": 129, "MUNI_NAME": "RM OF GIMLI", "MUNI_TYPE": "RM", "MUNI_LIST_NAME": "GIMLI", "MUNI_LIST_NAME_WITH_TYPE": "GIMLI (RM)", "Shape__Area": 793391058.7578125, "Shape__Length": 184994.06943047719 }, "geometry": { "type": "Polygon", "coordinates": [ [ [ -97.114475319304503, 50.506847515190884 ], [ -97.114842691140495, 50.595596843673199 ], [ -97.111298348344604, 50.595592321614809 ], [ -97.111639905680207, 50.772604705319708 ], [ -97.111059151628538, 50.792332795990909 ], [ -97.1103492874811, 50.816422267862791 ], [ -96.949055996728703, 50.81690404859291 ], [ -96.948935085490504, 50.8169040952587 ], [ -96.973333399935797, 50.800702981878501 ], [ -96.982530506716699, 50.781084776885308 ], [ -96.981722688316907, 50.770358988469809 ], [ -96.978159753156007, 50.759738325144191 ], [ -96.984826931768097, 50.746308810823606 ], [ -96.984044566940085, 50.739441852580399 ], [ -96.987301991165197, 50.733881383481503 ], [ -96.981669149360499, 50.723814107068108 ], [ -96.985913639212512, 50.71949844314701 ], [ -96.985048133511597, 50.711766597030312 ], [ -96.987927681962404, 50.705884773015114 ], [ -96.9869365095483, 50.701249209147598 ], [ -96.991594799966805, 50.699782607205705 ], [ -96.996400971904507, 50.69317826067941 ], [ -96.995928216315818, 50.684005178979397 ], [ -96.997941149028406, 50.680284757411393 ], [ -96.994685436554406, 50.673640606025806 ], [ -96.988995955986297, 50.66717472394641 ], [ -96.977798867312799, 50.6578563801813 ], [ -96.973730869861399, 50.649969792021793 ], [ -96.974190448280496, 50.646685928579203 ], [ -96.978854211263595, 50.645139000514391 ], [ -96.982423337164903, 50.640906169604207 ], [ -96.983877593739905, 50.629895526351277 ], [ -96.987967025148805, 50.627843619103615 ], [ -96.986856857575603, 50.6203997551222 ], [ -96.979727676802, 50.615208090052995 ], [ -96.945689575459298, 50.601368657911209 ], [ -96.940899725101801, 50.597785300057495 ], [ -96.945856972924403, 50.596388801219703 ], [ -96.946813271637296, 50.593734375687994 ], [ -96.953565189716599, 50.588083424107296 ], [ -96.956508965663105, 50.587802336465884 ], [ -96.963988235199395, 50.588657390629493 ], [ -96.953027806333793, 50.589072339848492 ], [ -96.947096950393288, 50.5946837730895 ], [ -96.948605645462905, 50.597682958090701 ], [ -96.947781496063911, 50.597137776423608 ], [ -96.946403576336706, 50.59681667443661 ], [ -96.945723123766697, 50.597353321260201 ], [ -96.948078261331901, 50.597462301647084 ], [ -96.947970706691905, 50.599610029592597 ], [ -96.948608015824504, 50.597790930724898 ], [ -96.9521385662797, 50.598167870759603 ], [ -96.9564123520869, 50.603081845106203 ], [ -96.963202762135197, 50.607180748767291 ], [ -96.966107431210901, 50.608324310591897 ], [ -96.970783327869, 50.608383393972602 ], [ -96.972192534748785, 50.608974574648606 ], [ -96.968234771067401, 50.608649258891099 ], [ -96.972730568211404, 50.611583264598799 ], [ -96.977727265906594, 50.610761723236905 ], [ -96.980223631841994, 50.608250694724603 ], [ -96.979303641257204, 50.60580630301601 ], [ -96.980512758706098, 50.603974472503701 ], [ -96.972739024420093, 50.595110523504601 ], [ -96.972443197450815, 50.585553507094616 ], [ -96.970475361216302, 50.5859779304133 ], [ -96.969602983586995, 50.583925527652106 ], [ -96.964247260517595, 50.585109195648805 ], [ -96.966765968012993, 50.586326951988994 ], [ -96.962015253635698, 50.585924603962191 ], [ -96.979908516831202, 50.578150595458396 ], [ -96.982159121028303, 50.580519126201303 ], [ -96.985397316130303, 50.578785348588298 ], [ -96.989116744310081, 50.580504580949309 ], [ -96.986676431700502, 50.576945668664116 ], [ -96.982979944930904, 50.576351031806709 ], [ -96.984734547051005, 50.573795572883213 ], [ -96.990412380693897, 50.573794774013514 ], [ -96.991549744133096, 50.574947671674302 ], [ -96.995203881641601, 50.576206879486506 ], [ -96.997159087525503, 50.576065141474999 ], [ -96.997763920633005, 50.576624191226408 ], [ -96.9972466324338, 50.57599919073391 ], [ -96.993037398557803, 50.575337590263992 ], [ -96.995892625182805, 50.575287834907598 ], [ -96.997085442838696, 50.574971077165493 ], [ -96.996414266172707, 50.574478338595817 ], [ -96.992688178965096, 50.575246125055699 ], [ -96.991574546996503, 50.574862654388397 ], [ -96.99064508154531, 50.573636894095898 ], [ -96.991713215995205, 50.574757115627499 ], [ -96.993164445428405, 50.575006993893417 ], [ -96.991609496967598, 50.574373072005699 ], [ -96.992503537713503, 50.572944917246986 ], [ -96.989246773858696, 50.573140556714904 ], [ -96.992863684754496, 50.571948270111115 ], [ -96.988713391737207, 50.572731100710008 ], [ -96.984550105648907, 50.57149885033099 ], [ -96.988022138959181, 50.568734711806492 ], [ -96.989149657326095, 50.5641446437862 ], [ -96.985861417593398, 50.553501567639522 ], [ -96.980483529252496, 50.5447244284791 ], [ -96.980489616618499, 50.542930175492401 ], [ -96.983344263773702, 50.5411943014728 ], [ -96.983094463766093, 50.539440585914498 ], [ -96.973797511148504, 50.527558552944797 ], [ -96.975404409812498, 50.527568365720803 ], [ -96.975866135765301, 50.506484975756209 ], [ -96.987376527938693, 50.506550178430999 ], [ -96.987374881669098, 50.506522410675075 ], [ -97.114475319304503, 50.506847515190884 ] ] ] } },
{ "type": "Feature", "properties": { "OBJECTID": 106, "MUNI_NO": 187, "MUNI_NAME": "MUNICIPALITY OF GLENBORO-SOUTH CYPRESS", "MUNI_TYPE": "MUNICIPALITY", "MUNI_LIST_NAME": "GLENBORO-SOUTH CYPRESS", "MUNI_LIST_NAME_WITH_TYPE": "GLENBORO-SOUTH CYPRESS (MUNICIPALITY)", "Shape__Area": 2653269317.2734375, "Shape__Length": 212762.55165813043 }, "geometry": { "type": "Polygon", "coordinates": [ [ [ -99.360128031201796, 49.532899166745388 ], [ -99.644012282155444, 49.533160980051157 ], [ -99.643991572233531, 49.583224383983861 ], [ -99.643850294467384, 49.70931597721966 ], [ -99.643782360836681, 49.769693978376665 ], [ -99.64375064217802, 49.797828773969897 ], [ -99.643750640788596, 49.797828773977599 ], [ -99.234453056377006, 49.797827805397013 ], [ -99.234453192861395, 49.797819236172806 ], [ -99.234467829354898, 49.753533689644698 ], [ -99.234468021626299, 49.753522602694886 ], [ -99.098310272416299, 49.753656780004299 ], [ -99.098310432791905, 49.753648210864291 ], [ -99.098423702950342, 49.532252624078488 ], [ -99.360128031201796, 49.532899166745388 ] ] ] } },
{ "type": "Feature", "properties": { "OBJECTID": 112, "MUNI_NO": 142, "MUNI_NAME": "MUNICIPALITY OF GLENELLA-LANSDOWNE", "MUNI_TYPE": "MUNICIPALITY", "MUNI_LIST_NAME": "GLENELLA-LANSDOWNE", "MUNI_LIST_NAME_WITH_TYPE": "GLENELLA-LANSDOWNE (MUNICIPALITY)", "Shape__Area": 3140772887.9296875, "Shape__Length": 330319.4783769584 }, "geometry": { "type": "Polygon", "coordinates": [ [ [ -99.110691123570689, 50.063428656364756 ], [ -99.248158581070697, 50.063520712562699 ], [ -99.248158611369803, 50.06352658556051 ], [ -99.249155475309806, 50.210342652217697 ], [ -99.249155467356616, 50.210342868916726 ], [ -99.248050318251202, 50.240440788483816 ], [ -99.2480501024218, 50.24044666109711 ], [ -99.275868174646959, 50.240460020906212 ], [ -99.400578573369998, 50.240424016571609 ], [ -99.400578580405494, 50.240450344706673 ], [ -99.400673975684001, 50.594553479011211 ], [ -99.415307614746297, 50.594535009194693 ], [ -99.415332507244898, 50.638783827202602 ], [ -99.329526008673113, 50.638915906023819 ], [ -99.276394302540496, 50.638869837912701 ], [ -99.27639053845941, 50.638960789439189 ], [ -98.996673240683705, 50.6387316418217 ], [ -98.996569098755998, 50.594621156960699 ], [ -98.985033958421994, 50.59461770650541 ], [ -98.985260458331794, 50.564682586940599 ], [ -98.846358876, 50.565002254550407 ], [ -98.846497477014765, 50.506368188620286 ], [ -98.846497894332401, 50.506191406828798 ], [ -99.123650050745596, 50.505865858732001 ], [ -99.123721050255398, 50.240699253221109 ], [ -99.110592592953992, 50.240699591082404 ], [ -99.1106911223048, 50.063434529386704 ], [ -99.110691123570689, 50.063428656364756 ] ] ] } },
{ "type": "Feature", "properties": { "OBJECTID": 167, "MUNI_NO": 704, "MUNI_NAME": "GODS LAKE NARROWS-NORTHERN AFFAIRS ACT", "MUNI_TYPE": "NORTHERN COMMUNITY", "MUNI_LIST_NAME": "GODS LAKE NARROWS", "MUNI_LIST_NAME_WITH_TYPE": "GODS LAKE NARROWS (NORTHERN COMMUNITY)", "Shape__Area": 4857655.96875, "Shape__Length": 22174.362490006279 }, "geometry": { "type": "MultiPolygon", "coordinates": [ [ [ [ -94.469475615830206, 54.557646257897112 ], [ -94.461352490782005, 54.558078998941205 ], [ -94.465049149168706, 54.555594637433202 ], [ -94.465319900804701, 54.555379370267808 ], [ -94.468233448276294, 54.5526400722378 ], [ -94.469333103566299, 54.5544848195646 ], [ -94.472238417859202, 54.555946406426102 ], [ -94.469851703875193, 54.557434932876809 ], [ -94.469475615830206, 54.557646257897112 ] ] ], [ [ [ -94.482637110178004, 54.55751438225289 ], [ -94.477848439915107, 54.557207736434798 ], [ -94.473742835273313, 54.554696893089506 ], [ -94.479694223675594, 54.551925791470914 ], [ -94.4802130543777, 54.549715607674905 ], [ -94.484242649820999, 54.551427104855904 ], [ -94.490234301606705, 54.550759200561103 ], [ -94.488981604304001, 54.552177570227101 ], [ -94.490005286099603, 54.554318000585809 ], [ -94.4933793535007, 54.556514310825293 ], [ -94.491964832323305, 54.558404442363098 ], [ -94.494813058131896, 54.560899584959394 ], [ -94.497839604877811, 54.560789499684709 ], [ -94.496574289004599, 54.561825262421507 ], [ -94.498968186530007, 54.563475221710505 ], [ -94.494771143976706, 54.564752025721397 ], [ -94.497934947903289, 54.566876640186003 ], [ -94.498001266605698, 54.568758334245892 ], [ -94.492121385092588, 54.5654175771882 ], [ -94.489954281138395, 54.566674420973193 ], [ -94.483015804406605, 54.564981788546497 ], [ -94.484499320740198, 54.561979530760688 ], [ -94.490542507233016, 54.562842375425106 ], [ -94.482637110178004, 54.55751438225289 ] ] ], [ [ [ -94.467874307803797, 54.564123786269292 ], [ -94.462222139260206, 54.56389103522001 ], [ -94.462468451230507, 54.56199433397331 ], [ -94.465336751693201, 54.56283986688431 ], [ -94.467874307803797, 54.564123786269292 ] ] ] ] } },
{ "type": "Feature", "properties": { "OBJECTID": 49, "MUNI_NO": 606, "MUNI_NAME": "RM OF GRAHAMDALE", "MUNI_TYPE": "RM", "MUNI_LIST_NAME": "GRAHAMDALE", "MUNI_LIST_NAME_WITH_TYPE": "GRAHAMDALE (RM)", "Shape__Area": 6197843295.7890625, "Shape__Length": 849850.61768003053 }, "geometry": { "type": "MultiPolygon", "coordinates": [ [ [ [ -98.303526834850942, 50.948126875386841 ], [ -98.303416269978243, 51.057792915710614 ], [ -98.303346217533999, 51.126012517815909 ], [ -98.303346217437436, 51.126012517815795 ], [ -98.286956709758527, 51.125991833890915 ], [ -98.256552265062183, 51.125946424903709 ], [ -98.256552264618506, 51.125946424646187 ], [ -98.256802765803656, 51.199916074854187 ], [ -98.256951695119469, 51.243771756935523 ], [ -98.25695169511971, 51.2437717570077 ], [ -98.584815402689401, 51.24390480437571 ], [ -98.584815402902706, 51.243904804420396 ], [ -98.589053322036506, 51.245648781971902 ], [ -98.582973648161101, 51.248852535557511 ], [ -98.581274005100795, 51.251915703039607 ], [ -98.578033215932393, 51.252720086351594 ], [ -98.571143353298794, 51.259783337715696 ], [ -98.568912274102999, 51.265524729745003 ], [ -98.565393515642896, 51.266537968793713 ], [ -98.56236954564811, 51.27335202863491 ], [ -98.562534237382394, 51.278329483353808 ], [ -98.568321669532907, 51.281008868008897 ], [ -98.566748042140702, 51.2822774759846 ], [ -98.568172298565798, 51.283650552572517 ], [ -98.567523366384279, 51.282331758235287 ], [ -98.568917674774497, 51.2821574719094 ], [ -98.572862989264095, 51.285729737183907 ], [ -98.584048361125994, 51.290275239228386 ], [ -98.587222011108395, 51.290184082939405 ], [ -98.587207924626398, 51.288103875243593 ], [ -98.590097330584982, 51.2881062983326 ], [ -98.590104672515807, 51.286297746793501 ], [ -98.616506633026503, 51.286315247878093 ], [ -98.616501605155904, 51.288124082442309 ], [ -98.619382407949004, 51.288125388651302 ], [ -98.621068174733011, 51.286391873896804 ], [ -98.626414269974404, 51.290302180696685 ], [ -98.631428598516706, 51.301064600288399 ], [ -98.6343130826058, 51.30106546017759 ], [ -98.633525819752094, 51.303557400881211 ], [ -98.641625494782701, 51.310831664952005 ], [ -98.640082190921206, 51.301067686566093 ], [ -98.637197708628705, 51.301066609317587 ], [ -98.637168914030596, 51.295639710418399 ], [ -98.634283909817, 51.2956388290823 ], [ -98.634263174903595, 51.292020708323911 ], [ -98.631378255131594, 51.29201966513061 ], [ -98.631358056512397, 51.288130251681203 ], [ -98.627666904162794, 51.287222330919306 ], [ -98.627136535225802, 51.284699528059299 ], [ -98.629210086751712, 51.284989183883397 ], [ -98.634074648169801, 51.290010026968595 ], [ -98.642927106018703, 51.293559556639309 ], [ -98.651000239425898, 51.291899879757089 ], [ -98.652333722888201, 51.29035939158841 ], [ -98.650691288138404, 51.288414667806798 ], [ -98.656516517802899, 51.290177049389001 ], [ -98.667589476286807, 51.290217594533999 ], [ -98.678385219165506, 51.288409762109701 ], [ -98.680090148811203, 51.286704335438202 ], [ -98.686217876266198, 51.287207697155793 ], [ -98.6889932509809, 51.285430236918494 ], [ -98.698816340290804, 51.293046087882303 ], [ -98.712807758046097, 51.294893555848596 ], [ -98.727918277219501, 51.294465487153403 ], [ -98.725799869218207, 51.298634055397599 ], [ -98.728724004045603, 51.303545172694498 ], [ -98.737820691362302, 51.309438307057803 ], [ -98.7532788190247, 51.31533469531459 ], [ -98.753304083243805, 51.321165326854896 ], [ -98.749892032961384, 51.329906786833298 ], [ -98.750793990913905, 51.33813029400271 ], [ -98.758057643435507, 51.349355083435704 ], [ -98.770287552055294, 51.361720305313497 ], [ -98.776007522524608, 51.365285113828698 ], [ -98.776924694344899, 51.37053439045561 ], [ -98.775832940339001, 51.374632582325695 ], [ -98.777105282666412, 51.376786391060307 ], [ -98.775968514979994, 51.380492314040502 ], [ -98.783996782928696, 51.391071059348704 ], [ -98.789675903408806, 51.396279525540486 ], [ -98.792927351088096, 51.397064516668998 ], [ -98.799380053080199, 51.393794115528998 ], [ -98.801465148855897, 51.391028134653496 ], [ -98.802011652433706, 51.385133842828594 ], [ -98.806030144584597, 51.381641568829608 ], [ -98.815473998419293, 51.381432074005396 ], [ -98.817003458343905, 51.388719789991406 ], [ -98.815073282428898, 51.395888678933495 ], [ -98.818799495125816, 51.40248513469691 ], [ -98.819432274700105, 51.407142874032608 ], [ -98.809969302021287, 51.412717102896011 ], [ -98.809890844062693, 51.416850338267203 ], [ -98.8122986946384, 51.418346898449308 ], [ -98.810298401622205, 51.423362799442707 ], [ -98.812061242061105, 51.429155526942417 ], [ -98.809558389254093, 51.432951025526116 ], [ -98.810243803815894, 51.435429162291307 ], [ -98.807176552092301, 51.436545710031204 ], [ -98.806072885527499, 51.44260940704099 ], [ -98.802828954052202, 51.443828813922693 ], [ -98.803845970023005, 51.4482654211008 ], [ -98.797031404176593, 51.453606886371006 ], [ -98.788712230297904, 51.455697155118102 ], [ -98.780672848392499, 51.460519276954699 ], [ -98.770517684261421, 51.46009695601451 ], [ -98.765938927240811, 51.461101600014004 ], [ -98.763474909501895, 51.464127652401494 ], [ -98.774824323616102, 51.490031881641009 ], [ -98.780038554258596, 51.495370200858794 ], [ -98.778744624516605, 51.504686094837901 ], [ -98.787284222508205, 51.517458648242105 ], [ -98.785056786879096, 51.524792514423517 ], [ -98.78603167635471, 51.531458009835703 ], [ -98.7797008065764, 51.531858743869698 ], [ -98.770586007426999, 51.536358999629108 ], [ -98.7689665973963, 51.539709059737007 ], [ -98.771513205344107, 51.544113279588501 ], [ -98.770541600109198, 51.54879717335001 ], [ -98.764040813096599, 51.552022425924712 ], [ -98.753199430411513, 51.550168063186291 ], [ -98.751038790812004, 51.551986536853001 ], [ -98.751358535357596, 51.559374885719109 ], [ -98.738190400204005, 51.563252745900506 ], [ -98.738657696628309, 51.565132629205415 ], [ -98.735204862831907, 51.562836797075299 ], [ -98.731693399590299, 51.565485534861089 ], [ -98.731344320559103, 51.568944775475686 ], [ -98.735334736764088, 51.575043237397097 ], [ -98.720173222028706, 51.575002171010006 ], [ -98.720029924571307, 51.570609309379691 ], [ -98.712936954648583, 51.570633719213482 ], [ -98.712947499073394, 51.574983819894221 ], [ -98.704313733385604, 51.577736569155185 ], [ -98.664515133262398, 51.568333516376498 ], [ -98.638155789726994, 51.543842105625004 ], [ -98.62050192438862, 51.543873371374701 ], [ -98.620442898786294, 51.550950368810703 ], [ -98.591423057993111, 51.55094858691168 ], [ -98.591451671131495, 51.5455642731757 ], [ -98.588578049470797, 51.545561973750992 ], [ -98.5883915331667, 51.540264769053415 ], [ -98.585446650849406, 51.540292834678802 ], [ -98.585179520630007, 51.536635520863094 ], [ -98.5824690456014, 51.536636725559902 ], [ -98.578586268228619, 51.531183562825611 ], [ -98.575390102871921, 51.530481341787009 ], [ -98.576681649383403, 51.529350193568007 ], [ -98.571196264967398, 51.523226387710892 ], [ -98.572070297891088, 51.520014238098099 ], [ -98.568032320383296, 51.517272099442614 ], [ -98.556839568861307, 51.516893861158614 ], [ -98.553163324053898, 51.520864671003409 ], [ -98.540221789829005, 51.52401362398799 ], [ -98.538317715362894, 51.52575484357881 ], [ -98.544320675807896, 51.531318480804707 ], [ -98.5450481261351, 51.535787528189601 ], [ -98.542944762219904, 51.538025423664415 ], [ -98.537830892259294, 51.536528127823011 ], [ -98.536302139308702, 51.535010476492097 ], [ -98.536869771262005, 51.531606218133192 ], [ -98.533381781897106, 51.521997026077898 ], [ -98.529343336367006, 51.518384856820894 ], [ -98.529322685895295, 51.505582095838612 ], [ -98.526430417005912, 51.505582316701194 ], [ -98.526433050866302, 51.502312032798308 ], [ -98.521597907477101, 51.499598665031705 ], [ -98.514861334261994, 51.491770269244398 ], [ -98.511680290246403, 51.491109823732792 ], [ -98.510842740601404, 51.487716098354007 ], [ -98.508792056589414, 51.487519695326306 ], [ -98.507301770397618, 51.480336522644599 ], [ -98.50590652775962, 51.47952155687171 ], [ -98.504808932907792, 51.4808165711122 ], [ -98.499134551939093, 51.477604806857705 ], [ -98.492401006046506, 51.480826996457402 ], [ -98.492553911884286, 51.482932258669486 ], [ -98.497903937255003, 51.486487510140215 ], [ -98.492310234880307, 51.491269454936699 ], [ -98.4955022015113, 51.495929410483605 ], [ -98.494062064668697, 51.501669898724394 ], [ -98.497604666212993, 51.509690723906097 ], [ -98.494141381416696, 51.5129051060295 ], [ -98.490805182181902, 51.522847026790714 ], [ -98.479958330553401, 51.524102382028502 ], [ -98.4835913735822, 51.525860910623308 ], [ -98.482312352280701, 51.527566354671592 ], [ -98.477400553851595, 51.527466088275894 ], [ -98.473135070811594, 51.529298474934905 ], [ -98.470857434629593, 51.538447473467507 ], [ -98.467655037659696, 51.538437439568 ], [ -98.467423363046294, 51.545751414446393 ], [ -98.461772600583004, 51.547576424662104 ], [ -98.461683834456593, 51.55301972537579 ], [ -98.456117813667305, 51.554809739072191 ], [ -98.456064460027704, 51.56196107677129 ], [ -98.444829979964098, 51.565538684902592 ], [ -98.444561184268196, 51.449275979868894 ], [ -98.303918551172799, 51.448947251039904 ], [ -98.304066910636905, 51.361649003003606 ], [ -98.163403975616205, 51.361759259339699 ], [ -98.163343097687701, 51.302921433693207 ], [ -98.1403531793745, 51.302915985888809 ], [ -98.140108939126904, 51.243948101501907 ], [ -98.116621598488095, 51.243947290592303 ], [ -98.116607512006098, 51.2292255065015 ], [ -98.140047940824104, 51.229217639510303 ], [ -98.139986923656807, 51.21448723038521 ], [ -97.88462940048943, 51.215040111699352 ], [ -97.884266807061678, 51.126589628094095 ], [ -97.884266807060897, 51.126589627902099 ], [ -97.954547024921197, 51.126315100401506 ], [ -97.954547024920672, 51.126315100128231 ], [ -97.95437372463212, 51.037918682930837 ], [ -97.954373724631594, 51.037918682659104 ], [ -97.884242185642094, 51.038109248542696 ], [ -97.884242185721604, 51.0381092482789 ], [ -97.884305571746395, 50.949161233374411 ], [ -98.303526834850942, 50.948126875386841 ] ] ], [ [ [ -98.608471282760206, 51.628028356489203 ], [ -98.606361786944817, 51.626784255545594 ], [ -98.618366575059397, 51.618943157862901 ], [ -98.620309494474981, 51.620249871879402 ], [ -98.608471282760206, 51.628028356489203 ] ] ], [ [ [ -98.602350064497799, 51.631707383141183 ], [ -98.576842682279604, 51.6308368601387 ], [ -98.571912701949202, 51.626570465374208 ], [ -98.576191188102911, 51.628654051133701 ], [ -98.579866805886383, 51.628006378136199 ], [ -98.578291925344303, 51.624350065411804 ], [ -98.602442661040698, 51.624472428532791 ], [ -98.602350064497799, 51.631707383141183 ] ] ], [ [ [ -98.8777573717135, 51.6897809468392 ], [ -98.877719927244499, 51.695909304543818 ], [ -98.8762388029634, 51.703623244028016 ], [ -98.874954704383896, 51.6996072142598 ], [ -98.8777573717135, 51.6897809468392 ] ] ], [ [ [ -98.366269720321597, 51.809574523560293 ], [ -98.366288407974395, 51.807768604674301 ], [ -98.369205226922105, 51.807766988928407 ], [ -98.369223944219399, 51.805961034836002 ], [ -98.366307092932303, 51.805962684529305 ], [ -98.3663442903716, 51.802350833825606 ], [ -98.363427428304703, 51.802352424768294 ], [ -98.363464607777701, 51.798740586465598 ], [ -98.361604519319499, 51.7974902163701 ], [ -98.363481694632696, 51.796832329735686 ], [ -98.361029121430505, 51.793527587336214 ], [ -98.363463432781302, 51.789526061553602 ], [ -98.360547847220388, 51.7895175594794 ], [ -98.360546708156605, 51.78589115675279 ], [ -98.357631424429698, 51.785887505251004 ], [ -98.357631860112605, 51.789509267996792 ], [ -98.351504166793703, 51.789511377818705 ], [ -98.351503528989895, 51.7877005926157 ], [ -98.348585357179317, 51.787701630065108 ], [ -98.348586213273705, 51.789512438563897 ], [ -98.330784183405711, 51.789546549651114 ], [ -98.330782941035693, 51.787725990948296 ], [ -98.327863010323796, 51.787726497169999 ], [ -98.3278624237239, 51.785905937246497 ], [ -98.3249431514771, 51.785906370691997 ], [ -98.324943220647398, 51.784085810664102 ], [ -98.322024604170693, 51.784086172438997 ], [ -98.322021867003997, 51.78227505162549 ], [ -98.3161845217614, 51.782275507891399 ], [ -98.316181274351607, 51.780464336063297 ], [ -98.3103396630096, 51.778653229363599 ], [ -98.310326162229202, 51.775030768412208 ], [ -98.31616815266031, 51.775030815102092 ], [ -98.316154904306401, 51.771408461916216 ], [ -98.313230788343617, 51.771408411887194 ], [ -98.312317941911502, 51.767543092098698 ], [ -98.312038584722814, 51.765106684941898 ], [ -98.313642628172218, 51.763645395548409 ], [ -98.312977562248193, 51.762301568066583 ], [ -98.310780175265407, 51.76290965254541 ], [ -98.312349124231602, 51.762020101103509 ], [ -98.31408942055009, 51.761997587251301 ], [ -98.319600445579297, 51.768932906762501 ], [ -98.332987221689905, 51.776826359975203 ], [ -98.330668799299019, 51.776948603811697 ], [ -98.330614700057694, 51.780604639624109 ], [ -98.334706672602195, 51.781765393637002 ], [ -98.338847997690195, 51.778356094858708 ], [ -98.343708168143195, 51.777910543944301 ], [ -98.3485508501943, 51.772674582311801 ], [ -98.347286122885606, 51.770637080762299 ], [ -98.348813101663396, 51.76975827867259 ], [ -98.348919658025807, 51.765803798875602 ], [ -98.357664782469499, 51.765801164242895 ], [ -98.357501786754398, 51.76759530959751 ], [ -98.3665792150898, 51.767603169262806 ], [ -98.366389861906001, 51.769406534353706 ], [ -98.369310168113699, 51.769405289131925 ], [ -98.369848629074696, 51.764497247374898 ], [ -98.381569758867016, 51.7643751521667 ], [ -98.380990537748303, 51.769398947950606 ], [ -98.393014078194398, 51.76927859541739 ], [ -98.393719620408504, 51.764347628577596 ], [ -98.418811763573103, 51.764282394946989 ], [ -98.452759761116695, 51.750449628564894 ], [ -98.452782194744202, 51.762231928587497 ], [ -98.499410829702995, 51.762178179799704 ], [ -98.499564627567921, 51.722224972902495 ], [ -98.519606696428497, 51.722177572728214 ], [ -98.519489671099706, 51.720396839313992 ], [ -98.522702889175505, 51.720416606958402 ], [ -98.522584326829403, 51.718610542280111 ], [ -98.525531507037101, 51.718627277629295 ], [ -98.525477384439498, 51.716748478814495 ], [ -98.528424441578096, 51.71676508907229 ], [ -98.528370203996104, 51.714886350918306 ], [ -98.534264201492206, 51.714919359628304 ], [ -98.538692886859806, 51.711066428666598 ], [ -98.554440131008207, 51.711177587374408 ], [ -98.554426232274096, 51.708171606170602 ], [ -98.575433992760097, 51.708120026913306 ], [ -98.606536385300004, 51.654429088238807 ], [ -98.641117354657396, 51.674277837502309 ], [ -98.641148710352411, 51.682251894772207 ], [ -98.649876173917605, 51.682250177060197 ], [ -98.649866504451893, 51.684058515694296 ], [ -98.652775676939896, 51.684057763250706 ], [ -98.652726958607104, 51.693099401723323 ], [ -98.658554231938894, 51.691289252438203 ], [ -98.658544076484603, 51.693097473936703 ], [ -98.661452634525006, 51.693096402016018 ], [ -98.661442303899193, 51.694904568580903 ], [ -98.6762753658207, 51.69489751868651 ], [ -98.676309069711806, 51.689473127763591 ], [ -98.685031005943117, 51.689467702575001 ], [ -98.685042408258994, 51.687615199909807 ], [ -98.691155388071905, 51.687611592250896 ], [ -98.691116010421396, 51.678477944499804 ], [ -98.685026979694001, 51.676695356267004 ], [ -98.684995707542285, 51.673076702225117 ], [ -98.691084007939395, 51.671239866130804 ], [ -98.691049873755205, 51.667575668327203 ], [ -98.696858912184993, 51.667569701744895 ], [ -98.696981840343398, 51.663904781360003 ], [ -98.691173269037606, 51.663910755111402 ], [ -98.691234959941497, 51.6620782976565 ], [ -98.697043295888605, 51.662072320877407 ], [ -98.697104746044005, 51.660239857611387 ], [ -98.700008452283498, 51.660247075061797 ], [ -98.699953690983804, 51.651087778601905 ], [ -98.702865183820194, 51.651058811551593 ], [ -98.702747407499999, 51.6439823521332 ], [ -98.699838454200801, 51.644005939338108 ], [ -98.699804486204997, 51.638662571304202 ], [ -98.698159891006995, 51.636095331640696 ], [ -98.694028539015406, 51.63136495715321 ], [ -98.688296849124796, 51.631364179857322 ], [ -98.688005234423997, 51.633203707006302 ], [ -98.683796665945493, 51.63318651295571 ], [ -98.682993034889009, 51.636984448334708 ], [ -98.688293756225306, 51.636809695169809 ], [ -98.688336315708497, 51.645843370692596 ], [ -98.638363336490301, 51.645801906200404 ], [ -98.635081056833798, 51.643022534305601 ], [ -98.638261136956999, 51.643497025375702 ], [ -98.652797014622905, 51.639916918843603 ], [ -98.658187124618195, 51.640362918421999 ], [ -98.660037090859802, 51.636391711012493 ], [ -98.66579856529188, 51.633202314732806 ], [ -98.666044166487211, 51.629518893690502 ], [ -98.671996140353414, 51.624220939425896 ], [ -98.684508070565101, 51.618303731066014 ], [ -98.687209913682196, 51.61095135111831 ], [ -98.694220118224393, 51.607098033716312 ], [ -98.679711926635605, 51.597337876730407 ], [ -98.686686577655493, 51.594099134689905 ], [ -98.701679342068203, 51.602772083246215 ], [ -98.703265223379219, 51.600688278193495 ], [ -98.701670767648807, 51.596653580376305 ], [ -98.701744435790303, 51.587103138888416 ], [ -98.725448812994998, 51.589210379290584 ], [ -98.728842327439907, 51.5880567899327 ], [ -98.735331929528883, 51.582141212335692 ], [ -98.738528982421101, 51.583383056801004 ], [ -98.752017341820704, 51.581869881567592 ], [ -98.752269885196498, 51.585522942643699 ], [ -98.755046361245718, 51.585516807858298 ], [ -98.755182434451712, 51.589154495906108 ], [ -98.757988466870401, 51.589150983658101 ], [ -98.758027216598492, 51.590959435095215 ], [ -98.763684070537707, 51.589143649962793 ], [ -98.763753482461397, 51.590952059834585 ], [ -98.766644456878396, 51.590948229051705 ], [ -98.766715277360504, 51.592756635730595 ], [ -98.777749825679393, 51.59110479920129 ], [ -98.786692340533804, 51.597798087944106 ], [ -98.799503127663996, 51.617329393056593 ], [ -98.800811172634099, 51.625374564454397 ], [ -98.796608813310797, 51.626653151778996 ], [ -98.7961661190472, 51.63033891719509 ], [ -98.800369859081101, 51.630472020502097 ], [ -98.799344606457396, 51.6319853471146 ], [ -98.802970674068106, 51.634935857245495 ], [ -98.80296284165712, 51.638537310035609 ], [ -98.805887886477905, 51.638546434290802 ], [ -98.807446046677597, 51.643188868247385 ], [ -98.808837827208521, 51.642143630075999 ], [ -98.812863781664504, 51.643611236540309 ], [ -98.819482303674903, 51.656479452558493 ], [ -98.819005694416106, 51.658182607251604 ], [ -98.820830555440494, 51.658361987530903 ], [ -98.820855536690203, 51.662005029400284 ], [ -98.823835809934707, 51.661984853416506 ], [ -98.823858442988183, 51.665622350380701 ], [ -98.826815786735096, 51.665601386483409 ], [ -98.827586654436601, 51.673239815680503 ], [ -98.825673833074603, 51.677058189110603 ], [ -98.817971580810507, 51.672747412330409 ], [ -98.812505519156204, 51.673197159014613 ], [ -98.812899178880002, 51.6757465343929 ], [ -98.819938515786902, 51.6841677619135 ], [ -98.819477512061198, 51.688728517064305 ], [ -98.822391255177394, 51.689817317390904 ], [ -98.824431123473403, 51.694575945782304 ], [ -98.827192099990796, 51.694855021625898 ], [ -98.8336813517368, 51.701035129321909 ], [ -98.835570047943605, 51.700947872939892 ], [ -98.838313135410303, 51.696617810139898 ], [ -98.841249226814199, 51.701068076320489 ], [ -98.840087555133195, 51.701270488997004 ], [ -98.842415097220794, 51.707026463125104 ], [ -98.847099607510003, 51.710507833976301 ], [ -98.845965238325405, 51.712111319641906 ], [ -98.846956679260003, 51.714261561350604 ], [ -98.851614423346902, 51.715198145822413 ], [ -98.854238268442899, 51.711735242580801 ], [ -98.862039130572398, 51.714275741374706 ], [ -98.864839372450703, 51.712044630725011 ], [ -98.863791588283107, 51.711521919195903 ], [ -98.862757431558421, 51.708895224234595 ], [ -98.863496302167803, 51.708644325244599 ], [ -98.864473031393004, 51.711127085264799 ], [ -98.866376002728003, 51.708773514760082 ], [ -98.870826521648496, 51.713809184686298 ], [ -98.873766370705198, 51.713254912981107 ], [ -98.8734557072288, 51.705283692339208 ], [ -98.875338529351893, 51.70473722851721 ], [ -98.873279634738196, 51.703557149970806 ], [ -98.8762388029634, 51.703623244028016 ], [ -98.877630288173819, 51.710572858734864 ], [ -98.877358814374801, 51.754919480221503 ], [ -98.735346590932579, 51.754937997714414 ], [ -98.735813123788901, 51.885930689077377 ], [ -98.593805954268589, 51.885915236098192 ], [ -98.593856838439507, 51.827674521463599 ], [ -98.360247031974495, 51.827636042152996 ], [ -98.3603800625866, 51.814995028746402 ], [ -98.357463315504106, 51.81499630158779 ], [ -98.357482184616586, 51.813190468323597 ], [ -98.351358954128003, 51.813192787520194 ], [ -98.351396766913297, 51.809581162348501 ], [ -98.366269720321597, 51.809574523560293 ] ] ] ] } },
{ "type": "Feature", "properties": { "OBJECTID": 133, "MUNI_NO": 615, "MUNI_NAME": "TOWN OF GRAND RAPIDS", "MUNI_TYPE": "TOWN", "MUNI_LIST_NAME": "GRAND RAPIDS", "MUNI_LIST_NAME_WITH_TYPE": "GRAND RAPIDS (TOWN)", "Shape__Area": 294390954.5078125, "Shape__Length": 85446.134235580423 }, "geometry": { "type": "Polygon", "coordinates": [ [ [ -99.228021169540995, 53.262149274050898 ], [ -99.224379087985383, 53.261338219766301 ], [ -99.217798509351397, 53.263872474712002 ], [ -99.21244277214781, 53.261360083630791 ], [ -99.212091954621414, 53.259383963239003 ], [ -99.215145760540096, 53.256311127338599 ], [ -99.2164801556832, 53.250446632130199 ], [ -99.218983246273993, 53.25098737111 ], [ -99.220838531002897, 53.258141138391011 ], [ -99.227888074250501, 53.258230966136701 ], [ -99.236750258016798, 53.255593387153503 ], [ -99.242285362153794, 53.251569401188 ], [ -99.248492045981195, 53.243922278603698 ], [ -99.250287502155686, 53.240033180955393 ], [ -99.248452963661094, 53.23717413362801 ], [ -99.254506453274189, 53.234877870036399 ], [ -99.257772444700095, 53.230099371400904 ], [ -99.257414078628898, 53.227169091203194 ], [ -99.262064539471012, 53.226068332558697 ], [ -99.266128257346793, 53.221969481278997 ], [ -99.268787943737394, 53.211404876635797 ], [ -99.268570467922402, 53.205919806892297 ], [ -99.26082223157988, 53.189848548984713 ], [ -99.256605615376898, 53.18692663020169 ], [ -99.257718367759395, 53.183243341808009 ], [ -99.262917663028389, 53.17989191629178 ], [ -99.264085595212705, 53.166835793027509 ], [ -99.2670374672376, 53.159958198048393 ], [ -99.27131011369832, 53.154086360774301 ], [ -99.279206651871903, 53.147728768724797 ], [ -99.293687917059401, 53.14312687869991 ], [ -99.315970661355607, 53.142388192094394 ], [ -99.336169106721897, 53.144855000926896 ], [ -99.345045303952517, 53.148987688660291 ], [ -99.35042623310531, 53.162325513392197 ], [ -99.354893879262207, 53.167697317816 ], [ -99.363311887127793, 53.170534867986881 ], [ -99.384683251396595, 53.172886849253302 ], [ -99.384696967773806, 53.191320454752585 ], [ -99.360363918332197, 53.1913081315884 ], [ -99.360364891221806, 53.278610505301884 ], [ -99.233794763491602, 53.278610280487101 ], [ -99.235479721118381, 53.274745037981013 ], [ -99.234196449024694, 53.268817338239508 ], [ -99.228021169540995, 53.262149274050898 ] ] ] } },
{ "type": "Feature", "properties": { "OBJECTID": 41, "MUNI_NO": 132, "MUNI_NAME": "GRANDVIEW MUNICIPALITY", "MUNI_TYPE": "MUNICIPALITY", "MUNI_LIST_NAME": "GRANDVIEW ", "MUNI_LIST_NAME_WITH_TYPE": "GRANDVIEW  (MUNICIPALITY)", "Shape__Area": 3062831205.5859375, "Shape__Length": 230707.3333797809 }, "geometry": { "type": "Polygon", "coordinates": [ [ [ -100.978123971891961, 51.36193091173498 ], [ -100.698118621388602, 51.361974194264683 ], [ -100.640439782055367, 51.361887258224023 ], [ -100.604219191943002, 51.361815927213307 ], [ -100.604317058644995, 51.302451242723009 ], [ -100.602275004991995, 51.30245060086601 ], [ -100.602022451500019, 50.948159319050802 ], [ -100.950452083691005, 50.9482867285842 ], [ -100.976747434583004, 50.948311230802787 ], [ -100.976907754042998, 51.125414742339707 ], [ -100.976923991356003, 51.302160971112691 ], [ -100.977815332104271, 51.302158289755454 ], [ -100.978123971891961, 51.36193091173498 ] ] ] } },
{ "type": "Feature", "properties": { "OBJECTID": 131, "MUNI_NO": 111, "MUNI_NAME": "MUNICIPALITY OF GRASSLAND", "MUNI_TYPE": "MUNICIPALITY", "MUNI_LIST_NAME": "GRASSLAND", "MUNI_LIST_NAME_WITH_TYPE": "GRASSLAND (MUNICIPALITY)", "Shape__Area": 3210339181.9140625, "Shape__Length": 272049.07429768733 }, "geometry": { "type": "Polygon", "coordinates": [ [ [ -99.901543893676163, 49.355176793942377 ], [ -99.90156182434751, 49.355176833641522 ], [ -100.579242937775007, 49.355205881245695 ], [ -100.850135166113091, 49.355150636399223 ], [ -100.850356230225998, 49.532699639778713 ], [ -100.824372251574488, 49.532821942769061 ], [ -100.463120949252016, 49.532750456944996 ], [ -100.053358604406398, 49.533306993825832 ], [ -100.053350118085291, 49.533306965688048 ], [ -99.959143264235308, 49.532949194325965 ], [ -99.901470214507398, 49.532685349418905 ], [ -99.901543893676163, 49.355176793942377 ] ] ] } },
{ "type": "Feature", "properties": { "OBJECTID": 161, "MUNI_NO": 133, "MUNI_NAME": "RM OF GREY", "MUNI_TYPE": "RM", "MUNI_LIST_NAME": "GREY", "MUNI_LIST_NAME_WITH_TYPE": "GREY (RM)", "Shape__Area": 2317878112.15625, "Shape__Length": 212974.80912942198 }, "geometry": { "type": "Polygon", "coordinates": [ [ [ -97.748063523819667, 49.798042635290379 ], [ -97.732564898665601, 49.797981252734509 ], [ -97.732610539359897, 49.620868349339901 ], [ -98.414860853244292, 49.620908548381784 ], [ -98.415090369942959, 49.798196676677108 ], [ -98.4150905924309, 49.798367851378501 ], [ -97.869169734492857, 49.798438094408233 ], [ -97.869171694798894, 49.7977938686819 ], [ -97.748063523819667, 49.798042635290379 ] ] ] } },
{ "type": "Feature", "properties": { "OBJECTID": 78, "MUNI_NO": 331, "MUNI_NAME": "HAMIOTA MUNICIPALITY", "MUNI_TYPE": "MUNICIPALITY", "MUNI_LIST_NAME": "HAMIOTA ", "MUNI_LIST_NAME_WITH_TYPE": "HAMIOTA  (MUNICIPALITY)", "Shape__Area": 1414351420.0390625, "Shape__Length": 158917.25774049544 }, "geometry": { "type": "Polygon", "coordinates": [ [ [ -100.760119555477004, 50.063550908685407 ], [ -100.760119750101111, 50.064488698784118 ], [ -100.760156429568994, 50.240517587128508 ], [ -100.784765531893001, 50.240518349062199 ], [ -100.784780978756999, 50.328804013027991 ], [ -100.507639217616003, 50.328726397987502 ], [ -100.507712299759007, 50.240512111137697 ], [ -100.485229876942, 50.240498794484097 ], [ -100.485430168031996, 50.063506564231595 ], [ -100.760119555477004, 50.063550908685407 ] ] ] } },
{ "type": "Feature", "properties": { "OBJECTID": 31, "MUNI_NO": 135, "MUNI_NAME": "RM OF HANOVER", "MUNI_TYPE": "RM", "MUNI_LIST_NAME": "HANOVER", "MUNI_LIST_NAME_WITH_TYPE": "HANOVER (RM)", "Shape__Area": 1724822884.3945313, "Shape__Length": 268426.23297403718 }, "geometry": { "type": "MultiPolygon", "coordinates": [ [ [ [ -97.013200452664407, 49.613287949143711 ], [ -97.013229249314307, 49.620521340825917 ], [ -96.980726727537004, 49.620477515365501 ], [ -96.953263606100961, 49.620341110496931 ], [ -96.775732330703363, 49.619273453280535 ], [ -96.775732330702994, 49.619273453195198 ], [ -96.641434290948496, 49.618811741256799 ], [ -96.64314565150427, 49.532037428792108 ], [ -96.643145651505804, 49.53203742871429 ], [ -96.645866540175064, 49.532100764331211 ], [ -96.654339304739494, 49.53229750312839 ], [ -96.654218448930806, 49.537552724528595 ], [ -96.665385169715094, 49.537718075176905 ], [ -96.665213493274393, 49.5452389508037 ], [ -96.676805260371097, 49.545275642115101 ], [ -96.676373427419506, 49.567304904009795 ], [ -96.7106901498219, 49.567513137059301 ], [ -96.7109302723388, 49.552746604528409 ], [ -96.733273053189293, 49.552758620373901 ], [ -96.733004608791305, 49.567489148226699 ], [ -96.756119088248894, 49.567642699405702 ], [ -96.756244132671199, 49.560121367665303 ], [ -96.744690539157887, 49.560071469634309 ], [ -96.7448161730279, 49.552814089597597 ], [ -96.750446323995007, 49.552839575013401 ], [ -96.750577153232996, 49.5453120647107 ], [ -96.733831109853895, 49.545226329629294 ], [ -96.734122196040801, 49.531878125088312 ], [ -96.722580892748496, 49.531887368678291 ], [ -96.722573969997796, 49.524819493449201 ], [ -96.719791419471505, 49.524821359768602 ], [ -96.719783051720796, 49.517310716668803 ], [ -96.714233283026203, 49.517313112448697 ], [ -96.714153369568393, 49.495314709821997 ], [ -96.668418755912398, 49.495338655765401 ], [ -96.668437416155598, 49.502582158172203 ], [ -96.6461972222463, 49.502522886821097 ], [ -96.645851763483805, 49.502521996795934 ], [ -96.645737812225349, 49.266653968078707 ], [ -96.781468565555414, 49.266246847699307 ], [ -96.781567677295499, 49.354888354643997 ], [ -96.9171487224136, 49.354774339118414 ], [ -96.917262667851801, 49.531829423461495 ], [ -97.04882127954285, 49.531988878561179 ], [ -97.048935546964614, 49.591045519962883 ], [ -97.048935809739959, 49.591181149883781 ], [ -97.025621358310204, 49.591297135063598 ], [ -97.025674603144097, 49.602170689999809 ], [ -97.014541805807298, 49.602147307273697 ], [ -97.014564770925006, 49.606136648478703 ], [ -97.025696173164306, 49.60616005667719 ], [ -97.025735241264599, 49.613306402819603 ], [ -97.013200452664407, 49.613287949143711 ] ] ], [ [ [ -97.026192452724203, 49.620547555526102 ], [ -97.026192387662903, 49.620535562516395 ], [ -97.026119633472803, 49.609679314074299 ], [ -97.026119551767707, 49.60967235824851 ], [ -97.037259554606905, 49.60968781400959 ], [ -97.037280279655405, 49.613319440132393 ], [ -97.049002156864006, 49.613321048013191 ], [ -97.049022582171105, 49.620559501944918 ], [ -97.026192452724203, 49.620547555526102 ] ] ] ] } },
{ "type": "Feature", "properties": { "OBJECTID": 124, "MUNI_NO": 609, "MUNI_NAME": "MUNICIPALITY OF HARRISON PARK", "MUNI_TYPE": "MUNICIPALITY", "MUNI_LIST_NAME": "HARRISON PARK", "MUNI_LIST_NAME_WITH_TYPE": "HARRISON PARK (MUNICIPALITY)", "Shape__Area": 2776866377.7421875, "Shape__Length": 315793.40549102437 }, "geometry": { "type": "Polygon", "coordinates": [ [ [ -100.230935629084982, 50.3288608034362 ], [ -100.230935609526512, 50.329200501186754 ], [ -100.230920238354003, 50.594549882210892 ], [ -100.531936466690993, 50.594327006063899 ], [ -100.531935694130198, 50.594770244352532 ], [ -100.531704291626355, 50.72712579615964 ], [ -100.368982944113995, 50.727128868958602 ], [ -100.369066553967002, 50.682861068721607 ], [ -100.253538475545994, 50.682740920985282 ], [ -100.253686665406008, 50.712501342654299 ], [ -100.113604237134993, 50.712428874054709 ], [ -100.113574182007994, 50.720025061864803 ], [ -100.101872008938003, 50.720050363639999 ], [ -100.101836222014001, 50.712434842049909 ], [ -100.078507610493006, 50.712528529563194 ], [ -100.078569649900004, 50.697720803376306 ], [ -100.055288273675004, 50.6977646422093 ], [ -100.055275845451007, 50.668313883443098 ], [ -100.04374715941502, 50.668332716436097 ], [ -100.043781353735994, 50.664657128647683 ], [ -100.020643823284999, 50.664746823568294 ], [ -100.020624619087002, 50.653576691607107 ], [ -99.985534782465606, 50.653404249559095 ], [ -99.985603851698713, 50.646165764917292 ], [ -99.962305257581306, 50.646228477752402 ], [ -99.962312971640401, 50.653495263089305 ], [ -99.950855684122402, 50.653485170196099 ], [ -99.950791247446205, 50.664684464556004 ], [ -99.915623738190106, 50.66464057889349 ], [ -99.9155265702381, 50.668267990532705 ], [ -99.904364101314513, 50.668166014657707 ], [ -99.904483660737398, 50.653581819581603 ], [ -99.834678742409906, 50.653577586465211 ], [ -99.834162623325668, 50.594604231698284 ], [ -99.954527360501316, 50.594401015696207 ], [ -99.953929854190804, 50.417277494005795 ], [ -99.953917221920591, 50.329015699717225 ], [ -100.230935629084982, 50.3288608034362 ] ] ] } },
{ "type": "Feature", "properties": { "OBJECTID": 168, "MUNI_NO": 752, "MUNI_NAME": "HARWILL-NORTHERN AFFAIRS ACT", "MUNI_TYPE": "NORTHERN COMMUNITY", "MUNI_LIST_NAME": "HARWILL", "MUNI_LIST_NAME_WITH_TYPE": "HARWILL (NORTHERN COMMUNITY)", "Shape__Area": 683657995.1875, "Shape__Length": 131758.2108077633 }, "geometry": { "type": "Polygon", "coordinates": [ [ [ -97.743532263002606, 51.303645648714294 ], [ -97.872494523307793, 51.303592994690398 ], [ -97.8725155837963, 51.333147553955513 ], [ -97.8605810512733, 51.333148876877594 ], [ -97.860591985677502, 51.347750898429609 ], [ -97.837458394062097, 51.347874041229296 ], [ -97.837468300309297, 51.376961100080301 ], [ -97.825522433445101, 51.376958778413993 ], [ -97.825523719318099, 51.3842013125645 ], [ -97.837471471955908, 51.384203646028496 ], [ -97.837285269613801, 51.4062797340803 ], [ -97.884355405011505, 51.406153204301894 ], [ -97.884225636953488, 51.4498401889891 ], [ -97.603371554258814, 51.449753631194056 ], [ -97.603327441274516, 51.398648135405821 ], [ -97.603321467803994, 51.391718315758197 ], [ -97.603474743886309, 51.362477586683994 ], [ -97.637647337667687, 51.362354284796183 ], [ -97.637659793648893, 51.365954756258098 ], [ -97.649429047711621, 51.365953371594394 ], [ -97.649423039363114, 51.362303953410596 ], [ -97.672928855682102, 51.362374127924113 ], [ -97.673525230796898, 51.288541285904593 ], [ -97.743378760251204, 51.288844588872692 ], [ -97.743739578151704, 51.303437845109613 ], [ -97.743532263002606, 51.303645648714294 ] ] ] } },
{ "type": "Feature", "properties": { "OBJECTID": 20, "MUNI_NO": 208, "MUNI_NAME": "RM OF HEADINGLEY", "MUNI_TYPE": "RM", "MUNI_LIST_NAME": "HEADINGLEY", "MUNI_LIST_NAME_WITH_TYPE": "HEADINGLEY (RM)", "Shape__Area": 263028195.9296875, "Shape__Length": 75023.881728943845 }, "geometry": { "type": "Polygon", "coordinates": [ [ [ -97.454313450877549, 49.805917094082155 ], [ -97.449860718327031, 49.870906049841054 ], [ -97.448997439561509, 49.871215425355217 ], [ -97.444729649990236, 49.923520075088128 ], [ -97.444728929918668, 49.923520076330995 ], [ -97.412278341998501, 49.923570742181496 ], [ -97.412278333866396, 49.925380816941306 ], [ -97.389378068915704, 49.92541864518271 ], [ -97.389381820371696, 49.927227201881713 ], [ -97.321161451187194, 49.92728868680851 ], [ -97.319823207335205, 49.919921648838518 ], [ -97.319828126890556, 49.919885366015677 ], [ -97.322678716793803, 49.898851573210116 ], [ -97.341551804408496, 49.898437425890101 ], [ -97.343518091678405, 49.878578901921806 ], [ -97.337598260176605, 49.879291521087204 ], [ -97.338969487976996, 49.865388407393304 ], [ -97.326512545087581, 49.868652085251796 ], [ -97.323636291275307, 49.85488387363241 ], [ -97.325384771832205, 49.838111192528601 ], [ -97.346676276303498, 49.837178036081198 ], [ -97.349136506815029, 49.809299714639764 ], [ -97.349143545712934, 49.80921990236574 ], [ -97.368215972262703, 49.809330538391507 ], [ -97.368216912273198, 49.807517604994295 ], [ -97.413848847642996, 49.807597978287689 ], [ -97.413849295054149, 49.80667871973656 ], [ -97.454320112831894, 49.805819717902402 ], [ -97.454313450877549, 49.805917094082155 ] ] ] } },
{ "type": "Feature", "properties": { "OBJECTID": 169, "MUNI_NO": 738, "MUNI_NAME": "HERB LAKE LANDING-NORTHERN AFFAIRS ACT", "MUNI_TYPE": "NORTHERN SETTLEMENT", "MUNI_LIST_NAME": "HERB LAKE LANDING", "MUNI_LIST_NAME_WITH_TYPE": "HERB LAKE LANDING (NORTHERN SETTLEMENT)", "Shape__Area": 21727565.78125, "Shape__Length": 31572.250103886774 }, "geometry": { "type": "Polygon", "coordinates": [ [ [ -99.783690905669204, 54.642979800881989 ], [ -99.791954241127314, 54.647347001677758 ], [ -99.792965235405504, 54.647881204987399 ], [ -99.795499342183419, 54.647876047119091 ], [ -99.790690659481399, 54.650170971149294 ], [ -99.788457720207006, 54.653997951862401 ], [ -99.7909717760174, 54.654765135875408 ], [ -99.789667677314299, 54.655612661648007 ], [ -99.791933833663805, 54.658077346342104 ], [ -99.790391894035295, 54.658130871198807 ], [ -99.7914610724537, 54.659251711588702 ], [ -99.7897997336445, 54.661507075341603 ], [ -99.79214508446438, 54.660941051891008 ], [ -99.791852933494013, 54.662728616946801 ], [ -99.787134115997716, 54.663212325825199 ], [ -99.789086122599699, 54.664075936129684 ], [ -99.787626726616395, 54.665553798353109 ], [ -99.785776580156195, 54.664560258188601 ], [ -99.785771606125294, 54.66456048277459 ], [ -99.785688757993299, 54.664542144250191 ], [ -99.784649911815606, 54.665061580241996 ], [ -99.786889760027506, 54.66710431881301 ], [ -99.785942424234818, 54.669539396681898 ], [ -99.783612219066796, 54.670254349961603 ], [ -99.785559202504302, 54.671764969004812 ], [ -99.782744462847916, 54.674994308483797 ], [ -99.776097269805106, 54.678454026158803 ], [ -99.77553821459918, 54.677078471372106 ], [ -99.773338902456203, 54.677236616034506 ], [ -99.773121567024305, 54.678884729669008 ], [ -99.767610385233894, 54.682377891392299 ], [ -99.770201840529495, 54.684152262087899 ], [ -99.773973838358501, 54.682605009038099 ], [ -99.777431246203506, 54.683200399697107 ], [ -99.774125560971299, 54.686844357947706 ], [ -99.774865083358094, 54.6883628529297 ], [ -99.773512024555998, 54.690079972844806 ], [ -99.764105084000803, 54.688678179810701 ], [ -99.759957925873394, 54.681217429203109 ], [ -99.758177630555494, 54.672957517195982 ], [ -99.759149705090906, 54.6646525050569 ], [ -99.762836784773796, 54.656607507254499 ], [ -99.771976970079209, 54.646586663483298 ], [ -99.782321078732252, 54.639773689964848 ], [ -99.783690905669204, 54.642979800881989 ] ] ] } },
{ "type": "Feature", "properties": { "OBJECTID": 159, "MUNI_NO": 754, "MUNI_NAME": "HOMEBROOK - PEONAN POINT-NORTHERN AFFAIRS ACT", "MUNI_TYPE": "NORTHERN COMMUNITY", "MUNI_LIST_NAME": "HOMEBROOK-PEONAN POINT", "MUNI_LIST_NAME_WITH_TYPE": "HOMEBROOK-PEONAN POINT (NORTHERN COMMUNITY)", "Shape__Area": 943549119.7578125, "Shape__Length": 350404.82957126666 }, "geometry": { "type": "Polygon", "coordinates": [ [ [ -98.880883341103598, 51.687358048229697 ], [ -98.884080038486502, 51.687469143246702 ], [ -98.891706825687393, 51.695222544620705 ], [ -98.894239433719093, 51.694955108736913 ], [ -98.896076564278502, 51.688793118328505 ], [ -98.902468419687295, 51.686501284947198 ], [ -98.908499474915203, 51.687068102280406 ], [ -98.909054888694897, 51.684218245367916 ], [ -98.912193496522903, 51.684368992040611 ], [ -98.913931585602896, 51.679348552927998 ], [ -98.916399458467311, 51.678338796375506 ], [ -98.919384807792497, 51.679060199423105 ], [ -98.929508003727804, 51.689105660440617 ], [ -98.932575152612401, 51.688941119112904 ], [ -98.937194198342397, 51.685877597735306 ], [ -98.935605397569603, 51.673985541200103 ], [ -98.937916128907702, 51.676284103246203 ], [ -98.944574672894603, 51.695209926579409 ], [ -98.948213720797995, 51.696596266805798 ], [ -98.950420607111198, 51.694596626021109 ], [ -98.956186168287999, 51.702138226398297 ], [ -98.968083441702007, 51.709051960868599 ], [ -98.972203099941893, 51.705591314923495 ], [ -98.975933362590595, 51.698470935336104 ], [ -98.978429678454702, 51.697788071943307 ], [ -98.981937516105219, 51.700216347592814 ], [ -98.986980758754996, 51.698742421515099 ], [ -98.988182998990496, 51.693891674050413 ], [ -98.985805158621815, 51.6870039712908 ], [ -98.988352422047001, 51.682045469788797 ], [ -98.986172679795118, 51.667717342914301 ], [ -98.989342615395799, 51.653830330747503 ], [ -98.995485755448399, 51.657458793301593 ], [ -99.000010626321497, 51.666405401914602 ], [ -99.002439813072797, 51.666868437379605 ], [ -99.00517240740129, 51.664755352602306 ], [ -99.018235152724301, 51.662874832403006 ], [ -99.017141519954194, 51.657466620632206 ], [ -99.023330141430193, 51.659920229630501 ], [ -99.020029544233296, 51.650057174239102 ], [ -99.015324424180207, 51.649131758101994 ], [ -99.011321092124888, 51.65062030514401 ], [ -99.0076711010731, 51.648921207149101 ], [ -98.998428671024797, 51.627719453329007 ], [ -98.999389467402111, 51.622414455987816 ], [ -98.994918804884193, 51.620971205272596 ], [ -98.9877053298639, 51.614573185624792 ], [ -98.985668111912304, 51.617050126752588 ], [ -98.985502942855803, 51.614123356719105 ], [ -98.981533462981702, 51.608561521315806 ], [ -98.978261215527084, 51.61145174737441 ], [ -98.974320323491199, 51.6083893255229 ], [ -98.969922482293399, 51.609296428923493 ], [ -98.968931529963697, 51.611836286203285 ], [ -98.962842456690097, 51.614028456487283 ], [ -98.959740533363302, 51.610358878827682 ], [ -98.957700925227201, 51.613972767422005 ], [ -98.960294983673194, 51.628683836509907 ], [ -98.956294404414379, 51.634823628133297 ], [ -98.950841742948299, 51.633036654816408 ], [ -98.951335687307505, 51.630523728911911 ], [ -98.953473113711595, 51.631365303094803 ], [ -98.954989370842199, 51.617572875400697 ], [ -98.958534809002998, 51.610205602678491 ], [ -98.957444447924203, 51.602517424091396 ], [ -98.954954687023204, 51.601540909608403 ], [ -98.952338574594421, 51.604129449113799 ], [ -98.946319072941407, 51.602625258796202 ], [ -98.952469990209096, 51.609645827365597 ], [ -98.951703182156706, 51.610985256796098 ], [ -98.945909932492697, 51.612781042205107 ], [ -98.939967239181115, 51.612557860898399 ], [ -98.937169860687206, 51.614597480214293 ], [ -98.932193257490098, 51.610454099705905 ], [ -98.932737604413603, 51.608566184926893 ], [ -98.938402084242, 51.605876319881204 ], [ -98.934749743278019, 51.605181996087303 ], [ -98.933217256590794, 51.601530556573714 ], [ -98.938869418413304, 51.601965231294308 ], [ -98.939963514969804, 51.598958114042802 ], [ -98.942389758135306, 51.5984198350966 ], [ -98.942749083675693, 51.599705806409702 ], [ -98.949894300186401, 51.601201674893204 ], [ -98.960804014229595, 51.599614315577398 ], [ -98.962444048224896, 51.598023342576909 ], [ -98.960363760039513, 51.591198046800301 ], [ -98.955414234235505, 51.589339507853907 ], [ -98.952516014047603, 51.579366687465608 ], [ -98.948501716119594, 51.575689444046795 ], [ -98.948720232145206, 51.550935807007924 ], [ -98.913905457180107, 51.550958139425198 ], [ -98.913873884270501, 51.536647883726801 ], [ -98.911094438954606, 51.528962419530998 ], [ -98.936882478882197, 51.529039820369405 ], [ -98.936957252929105, 51.536383814863086 ], [ -98.948448782744705, 51.536363293004207 ], [ -98.948573883539694, 51.507250514834702 ], [ -98.936985286732195, 51.507239485057298 ], [ -98.937022478529897, 51.492768721918708 ], [ -98.913533916681402, 51.492755539719198 ], [ -98.915664151552605, 51.489977711120204 ], [ -98.907710693683583, 51.462807592140216 ], [ -98.909165435147997, 51.458748934040607 ], [ -98.907994081483295, 51.450731830082525 ], [ -98.903661362783794, 51.437532857661203 ], [ -98.897612660837098, 51.433868056010297 ], [ -98.898764058475095, 51.430371231487896 ], [ -98.894131813241302, 51.424311132730004 ], [ -98.898570088450896, 51.420524991490595 ], [ -98.893453852413401, 51.409694249699001 ], [ -98.895723688897206, 51.404215742815005 ], [ -98.893524224135504, 51.401062110616408 ], [ -98.88590664043501, 51.397602057858208 ], [ -98.893397404243899, 51.387592136312904 ], [ -98.896279414894408, 51.377802529229605 ], [ -98.893591854948298, 51.371910408589599 ], [ -98.893772984864299, 51.365031742598198 ], [ -98.898659133879406, 51.363979517414599 ], [ -98.899966181755005, 51.3508209191668 ], [ -98.892538895492194, 51.349159820751098 ], [ -98.888688135035594, 51.3501858053137 ], [ -98.886484611732186, 51.347009526940901 ], [ -98.894673710950016, 51.348082723565199 ], [ -98.896452229201799, 51.345777869172991 ], [ -98.896092989665703, 51.342729272493692 ], [ -98.898781795961497, 51.340910751358997 ], [ -98.898229245126799, 51.3375877360752 ], [ -98.895521935757301, 51.33499116524699 ], [ -98.894793880843395, 51.330089878846103 ], [ -98.892331861202607, 51.327210202838401 ], [ -98.89237825532642, 51.319652465546298 ], [ -98.894359400598205, 51.319285596687905 ], [ -98.901352795839401, 51.320303296468317 ], [ -98.901358717658297, 51.3242328080403 ], [ -98.906621699301496, 51.329735728877907 ], [ -98.904660966540902, 51.330471492928005 ], [ -98.906811597685305, 51.335185025964506 ], [ -98.915677111835294, 51.342254943123592 ], [ -98.9183755674552, 51.34263451724901 ], [ -98.918333082485404, 51.346343675554301 ], [ -98.9265707009625, 51.353385338569893 ], [ -98.931394928589597, 51.353999715779999 ], [ -98.938112259052801, 51.367253087480286 ], [ -98.940127176319393, 51.375328886085299 ], [ -98.9439463312371, 51.377439380546384 ], [ -98.944085706605307, 51.380973270142697 ], [ -98.942203090116195, 51.3811746748015 ], [ -98.94156413936598, 51.386439120673494 ], [ -98.944033502669399, 51.394321725274793 ], [ -98.948182292685999, 51.39884655324169 ], [ -98.9593062666723, 51.401220304725896 ], [ -98.965703706439598, 51.4007772531547 ], [ -98.973298683505007, 51.417265821881102 ], [ -98.974745884458599, 51.426766031329805 ], [ -98.983380012259602, 51.455370551970603 ], [ -98.991611192058897, 51.462708731977401 ], [ -98.991464029392304, 51.4799369584684 ], [ -98.988963701115495, 51.487741592083189 ], [ -98.989697495873102, 51.491041629310097 ], [ -98.993160202238002, 51.500375303698597 ], [ -98.996322348109203, 51.501917526638096 ], [ -98.997683573943405, 51.506907967111303 ], [ -99.004427953545203, 51.518062122075001 ], [ -99.004896919549779, 51.523349221192113 ], [ -99.009394568142696, 51.5257677121066 ], [ -99.006310069681703, 51.527570751933197 ], [ -99.010897631698896, 51.54224482910459 ], [ -99.015497975078503, 51.543395244515004 ], [ -99.013068673518802, 51.545193872336299 ], [ -99.013588464095207, 51.547342819438903 ], [ -99.019905789553221, 51.551006016471717 ], [ -99.024372410903794, 51.568053317914298 ], [ -99.023446855695596, 51.577881343281007 ], [ -99.030373118442, 51.598466007860303 ], [ -99.032694887966102, 51.61480755315371 ], [ -99.043904256644097, 51.639000114113387 ], [ -99.042372645472511, 51.645461076798199 ], [ -99.049103399730399, 51.64954059746541 ], [ -99.053308914737997, 51.642885050607198 ], [ -99.0579778806203, 51.643692074202697 ], [ -99.061424982471806, 51.659942450891997 ], [ -99.058919390914994, 51.673201661770307 ], [ -99.058798727174704, 51.686113448834305 ], [ -99.044344096476493, 51.682509728797001 ], [ -99.042357617038107, 51.685059536838089 ], [ -99.045861828544005, 51.688645806297302 ], [ -99.055173362100604, 51.6906334057485 ], [ -99.0706405845944, 51.710491669374704 ], [ -99.077771888608083, 51.711026650177295 ], [ -99.090358161143101, 51.702039719660284 ], [ -99.101301752858518, 51.703730172320704 ], [ -99.113780459414315, 51.7026532677814 ], [ -99.117440095248099, 51.707666877628697 ], [ -99.122340305349596, 51.708142918410097 ], [ -99.127844519913097, 51.699514286910308 ], [ -99.129455761280198, 51.693690570979399 ], [ -99.133143316662697, 51.710338565618279 ], [ -99.138307369099593, 51.714126974914194 ], [ -99.147290577983796, 51.712443656541602 ], [ -99.148178811234501, 51.716286365663215 ], [ -99.1474424053512, 51.719074626058593 ], [ -99.143810644160993, 51.719623106225406 ], [ -99.139243790505603, 51.726826214857496 ], [ -99.136061430553099, 51.727801011902997 ], [ -99.135694403291197, 51.730948419710998 ], [ -99.139039114641008, 51.737980260266411 ], [ -99.143969311769098, 51.742231736048694 ], [ -99.147509797151301, 51.74867864509369 ], [ -99.160078431069095, 51.751409058077513 ], [ -99.160323284959802, 51.798421915948296 ], [ -99.042505315149711, 51.79859687126509 ], [ -99.042562391664802, 51.791391309310598 ], [ -99.054159757174602, 51.791360700324105 ], [ -99.054185916489601, 51.78407877021511 ], [ -99.065811198590396, 51.78412337801651 ], [ -99.065830513453704, 51.769478886234403 ], [ -99.054119736909698, 51.769474711129398 ], [ -99.054138951141283, 51.755016092924201 ], [ -99.018784048808499, 51.754997981452711 ], [ -99.018744996935197, 51.740346953936715 ], [ -98.994952102559495, 51.740358207487994 ], [ -98.995061971380906, 51.761958321492017 ], [ -99.018688434944593, 51.761915050864097 ], [ -99.0185308877127, 51.769468195238794 ], [ -98.9834976069113, 51.769483270295986 ], [ -98.983356232334501, 51.784132690609304 ], [ -98.971589264989319, 51.784139466116713 ], [ -98.971544741767104, 51.798609501304604 ], [ -98.877310847694503, 51.798536107879002 ], [ -98.877358814374801, 51.754919480221503 ], [ -98.877630288173819, 51.710572858734864 ], [ -98.8762388029634, 51.703623244028016 ], [ -98.877719927244499, 51.695909304543818 ], [ -98.8777573717135, 51.6897809468392 ], [ -98.878055924204205, 51.689796324205894 ], [ -98.880883341103598, 51.687358048229697 ] ] ] } },
{ "type": "Feature", "properties": { "OBJECTID": 69, "MUNI_NO": 739, "MUNI_NAME": "ILFORD-NORTHERN AFFAIRS ACT", "MUNI_TYPE": "NORTHERN COMMUNITY", "MUNI_LIST_NAME": "ILFORD", "MUNI_LIST_NAME_WITH_TYPE": "ILFORD (NORTHERN COMMUNITY)", "Shape__Area": 33453273.3515625, "Shape__Length": 29568.113231564959 }, "geometry": { "type": "Polygon", "coordinates": [ [ [ -95.590606344674612, 56.075952297859999 ], [ -95.582372934394101, 56.069038557662502 ], [ -95.580650064769401, 56.060787650144093 ], [ -95.582263183709983, 56.056873815987096 ], [ -95.592777464460397, 56.053215082187201 ], [ -95.590142745964016, 56.050081162849416 ], [ -95.597209913511605, 56.047218913518314 ], [ -95.612122096334815, 56.045109666252905 ], [ -95.626565808486006, 56.047021457654395 ], [ -95.638211318554497, 56.052646002814299 ], [ -95.6436195472929, 56.060056859263007 ], [ -95.63989014455052, 56.062851884579096 ], [ -95.629553900850794, 56.064495252365496 ], [ -95.629581568558407, 56.066199318939908 ], [ -95.624118707978099, 56.065087132724095 ], [ -95.620502092174405, 56.066074233357504 ], [ -95.620466415277093, 56.069504571352603 ], [ -95.622467583304498, 56.070843057979602 ], [ -95.617925310356597, 56.072816848573495 ], [ -95.618626303757097, 56.075897103403314 ], [ -95.623321595562103, 56.076716953926308 ], [ -95.638120506909516, 56.073280299188696 ], [ -95.627255580242803, 56.0785833069719 ], [ -95.608452794572699, 56.08056865029279 ], [ -95.590606344674612, 56.075952297859999 ] ] ] } },
{ "type": "Feature", "properties": { "OBJECTID": 71, "MUNI_NO": 755, "MUNI_NAME": "ISLAND LAKE-NORTHERN AFFAIRS ACT", "MUNI_TYPE": "NORTHERN COMMUNITY", "MUNI_LIST_NAME": "ISLAND LAKE", "MUNI_LIST_NAME_WITH_TYPE": "ISLAND LAKE (NORTHERN COMMUNITY)", "Shape__Area": 10260522.4375, "Shape__Length": 62742.130677945701 }, "geometry": { "type": "MultiPolygon", "coordinates": [ [ [ [ -94.636986370489296, 53.850639781811793 ], [ -94.634971038512091, 53.851079526513296 ], [ -94.624886481913904, 53.847277235104684 ], [ -94.630714214671002, 53.847726831926011 ], [ -94.633437905851494, 53.850095979873196 ], [ -94.636500476469493, 53.849536518741488 ], [ -94.638076193986507, 53.849791289948008 ], [ -94.639412018462409, 53.849464918939994 ], [ -94.642735919121804, 53.849921425182096 ], [ -94.642032457074194, 53.850586641682206 ], [ -94.639392529792218, 53.850293183143592 ], [ -94.636986370489296, 53.850639781811793 ] ] ], [ [ [ -94.664328887611205, 53.860277583748996 ], [ -94.666986786660203, 53.863630399477302 ], [ -94.670122714350796, 53.863980633656197 ], [ -94.669837065416516, 53.865450598782402 ], [ -94.672647663272798, 53.867979831159303 ], [ -94.665850368871304, 53.866865670305103 ], [ -94.662225726107394, 53.861563315211519 ], [ -94.657781922189798, 53.860948357159785 ], [ -94.642738551514796, 53.854066383387384 ], [ -94.643119198780198, 53.85297493355931 ], [ -94.646917206260696, 53.853369612353909 ], [ -94.6441838208533, 53.850763587822208 ], [ -94.660501418371695, 53.854040166587993 ], [ -94.668798172943099, 53.857419468017817 ], [ -94.6589079399767, 53.857495666369601 ], [ -94.664328887611205, 53.860277583748996 ] ] ], [ [ [ -94.648340416933195, 53.858947797702001 ], [ -94.652909374518103, 53.862212458589006 ], [ -94.6484474414396, 53.863057061251702 ], [ -94.646700486190397, 53.860269827324402 ], [ -94.648340416933195, 53.858947797702001 ] ] ], [ [ [ -94.680017422121693, 53.862581255619716 ], [ -94.679159829601204, 53.86215558284281 ], [ -94.675192825974804, 53.861124257229903 ], [ -94.676930447505512, 53.860140908560901 ], [ -94.680633311646005, 53.861142916485292 ], [ -94.681784204846707, 53.861638363115595 ], [ -94.685418406491209, 53.863308804756016 ], [ -94.680017422121693, 53.862581255619716 ] ] ], [ [ [ -94.672716255453594, 53.860857184820517 ], [ -94.673744890700902, 53.861565403265601 ], [ -94.675603176838408, 53.862323301867306 ], [ -94.676525238021895, 53.862771063665697 ], [ -94.677493543430998, 53.863417858354303 ], [ -94.67637822106272, 53.863871038231707 ], [ -94.674580517150318, 53.864141674573013 ], [ -94.674438566264897, 53.863899702919213 ], [ -94.673147796402517, 53.863142549665803 ], [ -94.672566559872692, 53.862628124534297 ], [ -94.671550849539699, 53.862117735338003 ], [ -94.670826417622692, 53.861696813505901 ], [ -94.670349091290191, 53.861146657658509 ], [ -94.669065295803506, 53.860646293452596 ], [ -94.668355156441194, 53.860087711473703 ], [ -94.668704072422017, 53.859942430767916 ], [ -94.671331342691289, 53.860688725547597 ], [ -94.672716255453594, 53.860857184820517 ] ], [ [ -94.675631871753509, 53.863015137935193 ], [ -94.675338950265029, 53.863329013633695 ], [ -94.675972661430507, 53.862948491088694 ], [ -94.675631871753509, 53.863015137935193 ] ] ], [ [ [ -94.681745169131986, 53.867518615465983 ], [ -94.685210382043394, 53.871156670163593 ], [ -94.680106264618288, 53.869808246476907 ], [ -94.677950335889506, 53.867401505407393 ], [ -94.681745169131986, 53.867518615465983 ] ] ], [ [ [ -94.665392111604007, 53.874191340962803 ], [ -94.664637666666906, 53.873414028661294 ], [ -94.6663841991531, 53.872352194237706 ], [ -94.667542072246519, 53.874071735275798 ], [ -94.665392111604007, 53.874191340962803 ] ] ], [ [ [ -94.696305564118205, 53.881799239213592 ], [ -94.690389748802502, 53.880856339807202 ], [ -94.693514938433609, 53.884245045132715 ], [ -94.684181561171897, 53.878540754367798 ], [ -94.681619869771581, 53.878764246462303 ], [ -94.6765172485497, 53.875777555732 ], [ -94.674452183586695, 53.873137187301893 ], [ -94.679266993738594, 53.871791167824199 ], [ -94.6778774369958, 53.873280541604409 ], [ -94.684154236268995, 53.873625238369797 ], [ -94.684254548710101, 53.876214408415294 ], [ -94.696297876819699, 53.880575270426299 ], [ -94.696305564118205, 53.881799239213592 ] ] ], [ [ [ -94.670433827953204, 53.881952721568197 ], [ -94.671043417497998, 53.879290491424698 ], [ -94.677628686054504, 53.879567711814893 ], [ -94.676610475216904, 53.88166258551199 ], [ -94.678579799274104, 53.8849113028324 ], [ -94.673960741931609, 53.884349883845601 ], [ -94.670433827953204, 53.881952721568197 ] ] ], [ [ [ -94.736058878229997, 53.88866777221471 ], [ -94.734039009012093, 53.889799821030898 ], [ -94.729163986125897, 53.888461712356005 ], [ -94.730849826640707, 53.890929659126115 ], [ -94.727004490333201, 53.888996566832191 ], [ -94.724941913269319, 53.889890102600205 ], [ -94.722682523226894, 53.887480541384299 ], [ -94.712888779136307, 53.885571347420694 ], [ -94.713159208892407, 53.886844178904205 ], [ -94.710444823408693, 53.887575989891701 ], [ -94.707950363630601, 53.885512982894099 ], [ -94.710402404562515, 53.884732365120399 ], [ -94.702636371162498, 53.88163172030319 ], [ -94.699508591762907, 53.878262905817699 ], [ -94.701802987675407, 53.877713653379992 ], [ -94.705844809080702, 53.879338845440991 ], [ -94.706789847162099, 53.878267444860811 ], [ -94.709223325103679, 53.879617774864414 ], [ -94.713533838602203, 53.880581268362008 ], [ -94.714707986977103, 53.882162739083199 ], [ -94.722572294219404, 53.883331888050307 ], [ -94.725756454796411, 53.883228406433496 ], [ -94.728035318772896, 53.884138614745694 ], [ -94.723912842547207, 53.883616575254798 ], [ -94.736058878229997, 53.88866777221471 ] ] ] ] } },
{ "type": "Feature", "properties": { "OBJECTID": 56, "MUNI_NO": 604, "MUNI_NAME": "RM OF KELSEY", "MUNI_TYPE": "RM", "MUNI_LIST_NAME": "KELSEY", "MUNI_LIST_NAME_WITH_TYPE": "KELSEY (RM)", "Shape__Area": 2447874527.6875, "Shape__Length": 487751.03816966701 }, "geometry": { "type": "MultiPolygon", "coordinates": [ [ [ [ -101.229798246906995, 53.872677712196413 ], [ -101.231929841221998, 53.873238801262005 ], [ -101.260904289519999, 53.840609885021905 ], [ -101.234328588883997, 53.844421380734303 ], [ -101.231467606977006, 53.841088959137998 ], [ -101.219962422099997, 53.842289960840702 ], [ -101.219949197985002, 53.83753263372482 ], [ -101.172701210058008, 53.847855938530905 ], [ -101.151956560358997, 53.855506590935214 ], [ -101.150948780069001, 53.855731004907398 ], [ -101.119886842657991, 53.860336774749804 ], [ -101.086520808310993, 53.862763638318 ], [ -101.057890062143002, 53.870137029375009 ], [ -101.047819088989996, 53.870276037660503 ], [ -101.039671168154001, 53.868250333389298 ], [ -101.036687839512979, 53.865244551708201 ], [ -101.034679444190999, 53.857859868672307 ], [ -101.037582338871005, 53.851359907415301 ], [ -101.04902107358302, 53.842997016135797 ], [ -101.054618606553007, 53.83574648582529 ], [ -101.056880814175997, 53.812326146068102 ], [ -101.056329657267, 53.802178103646796 ], [ -101.176756644308995, 53.802167089919301 ], [ -101.176755503634993, 53.715029289206605 ], [ -101.218591210862996, 53.715048139286004 ], [ -101.246245053498996, 53.686824255204996 ], [ -101.260753459679009, 53.675755197841703 ], [ -101.291620976621999, 53.660163548639694 ], [ -101.321729716606981, 53.650357658857203 ], [ -101.364495026146997, 53.628914242733494 ], [ -101.376635564211995, 53.619590891538607 ], [ -101.391080490142002, 53.613153501076816 ], [ -101.391030599678004, 53.584105492318109 ], [ -101.513906297494003, 53.584098358555998 ], [ -101.513797323041004, 53.598473022418901 ], [ -101.517777379096003, 53.600475150776006 ], [ -101.521924445687986, 53.605355858368696 ], [ -101.539162668637005, 53.610273167455802 ], [ -101.552167428141004, 53.611433322211496 ], [ -101.559504955430995, 53.609978111377806 ], [ -101.576660906677006, 53.610705010878206 ], [ -101.587531438111, 53.60703446039539 ], [ -101.611924087259993, 53.613318214594997 ], [ -101.616432628023006, 53.618376236255997 ], [ -101.617380705038002, 53.616054703953296 ], [ -101.621200146445005, 53.614607440821011 ], [ -101.620346885128001, 53.609205434338207 ], [ -101.634163844591001, 53.610349384786609 ], [ -101.644877622241012, 53.604154097708403 ], [ -101.653419300663998, 53.603014818080183 ], [ -101.656256996017987, 53.601272066979995 ], [ -101.658385285736003, 53.5951052992353 ], [ -101.665473771081992, 53.5915167556794 ], [ -101.675218574186999, 53.59887416778021 ], [ -101.678290110625994, 53.603998579270112 ], [ -101.690294982068991, 53.611590145984309 ], [ -101.691768931648994, 53.615545462406004 ], [ -101.701353058723015, 53.621102121561698 ], [ -101.730078790446001, 53.619743431296406 ], [ -101.735469272795001, 53.626054555555797 ], [ -101.735455709804995, 53.7151028512165 ], [ -101.741073085903011, 53.715099720105194 ], [ -101.742099521289006, 53.717080658250808 ], [ -101.749711593141001, 53.71867605102549 ], [ -101.751694875976995, 53.722513016426809 ], [ -101.712096627563, 53.723607595073297 ], [ -101.712072515038997, 53.727294588431505 ], [ -101.706090815924, 53.727362478456307 ], [ -101.706084142382011, 53.730945673420003 ], [ -101.700140655308005, 53.731070843232111 ], [ -101.700131444315005, 53.734370859002411 ], [ -101.684864113463007, 53.734538781889597 ], [ -101.684762287113003, 53.738389323765503 ], [ -101.693316487768996, 53.74178830054349 ], [ -101.691855934339003, 53.745931946682603 ], [ -101.684137979686994, 53.747318069733794 ], [ -101.683070880377997, 53.749660607546801 ], [ -101.684018586351002, 53.756652491572417 ], [ -101.67185910019802, 53.762302334223406 ], [ -101.671616951513002, 53.773095152473296 ], [ -101.634447928892001, 53.772953656197309 ], [ -101.634405682899995, 53.780387927352599 ], [ -101.622862208281006, 53.780404079494311 ], [ -101.622862719229985, 53.795262974088196 ], [ -101.597493592617994, 53.795091910225793 ], [ -101.597454250385013, 53.7840461953367 ], [ -101.567047577804004, 53.780454173150197 ], [ -101.566884462599987, 53.776623182842002 ], [ -101.554447240249985, 53.77665493075159 ], [ -101.554142033285999, 53.772966148900217 ], [ -101.547866248453005, 53.772969393878491 ], [ -101.529391711707987, 53.765889361061497 ], [ -101.523484956473993, 53.765820610075892 ], [ -101.523206511173001, 53.77667244652681 ], [ -101.498720307721996, 53.776611676876897 ], [ -101.498724448508995, 53.773114145885799 ], [ -101.492522488085996, 53.773126446542705 ], [ -101.461509997403994, 53.787824549525702 ], [ -101.448886408446, 53.787741522620401 ], [ -101.448870934748996, 53.795064771350404 ], [ -101.424210376458007, 53.813209690531494 ], [ -101.424236673829, 53.8312538627099 ], [ -101.420325798370001, 53.831255202036097 ], [ -101.415209875741979, 53.827096415936893 ], [ -101.407914028069996, 53.828943881983797 ], [ -101.400083753163997, 53.826004816614116 ], [ -101.395327411498997, 53.828921524338803 ], [ -101.394231830324998, 53.831284574091413 ], [ -101.388074269186006, 53.832339834014597 ], [ -101.384189012229996, 53.828747219585296 ], [ -101.380357930435011, 53.82761445581481 ], [ -101.380015373123001, 53.825218723968398 ], [ -101.376146972746, 53.821871000436204 ], [ -101.373656538459997, 53.821425546877009 ], [ -101.362023214968005, 53.823162929319899 ], [ -101.36090579651102, 53.824454242168699 ], [ -101.362459003039007, 53.826905143376216 ], [ -101.361584723402004, 53.829231646197101 ], [ -101.357245150007017, 53.829859394014001 ], [ -101.357765440028004, 53.832020476967607 ], [ -101.351498673202997, 53.832062646580916 ], [ -101.349072602614996, 53.834065509215897 ], [ -101.343208730320001, 53.833680706444802 ], [ -101.340537908146004, 53.828248004576203 ], [ -101.334916658029016, 53.826382771662011 ], [ -101.329084056178004, 53.828118026634208 ], [ -101.324767560609018, 53.824782796775487 ], [ -101.320589994884003, 53.830054902097103 ], [ -101.302872003763994, 53.833165925788805 ], [ -101.296941529229997, 53.833096557019203 ], [ -101.270468761546994, 53.825893407338995 ], [ -101.263628942652005, 53.825857769562802 ], [ -101.258749140456985, 53.828092740326795 ], [ -101.258734569861929, 53.82727560237489 ], [ -101.258707875961974, 53.825778486106572 ], [ -101.25870001314, 53.825337481402798 ], [ -101.254333904828997, 53.82085053138271 ], [ -101.25266728151, 53.814465707583807 ], [ -101.254069618886007, 53.807297224472499 ], [ -101.251752117427003, 53.80192476665021 ], [ -101.250749368041994, 53.800970257218495 ], [ -101.237066698141007, 53.806688546005809 ], [ -101.231550568638994, 53.802193228979206 ], [ -101.201505456463011, 53.802181990551986 ], [ -101.201605482149006, 53.813245979819484 ], [ -101.204549118648998, 53.818786506931893 ], [ -101.201751062675001, 53.818794412480003 ], [ -101.20150696958099, 53.8313185893184 ], [ -101.214076525232997, 53.831329586851794 ], [ -101.213357012667004, 53.8293468492218 ], [ -101.225186686155993, 53.827888331705402 ], [ -101.228332963493003, 53.8363083714125 ], [ -101.249908836996013, 53.833136258708599 ], [ -101.250071462761255, 53.833057620441132 ], [ -101.252232723831298, 53.832012481912102 ], [ -101.254667925136999, 53.830834753650691 ], [ -101.265309716711002, 53.839348746152901 ], [ -101.326913245287002, 53.852443325071498 ], [ -101.329378312327989, 53.868104622525514 ], [ -101.304124318768999, 53.881368759430906 ], [ -101.298487315108019, 53.889487425246102 ], [ -101.176758070648006, 53.889461121250505 ], [ -101.176757242681759, 53.867573176827037 ], [ -101.200704718615, 53.867556057352708 ], [ -101.200714104216999, 53.874914173546898 ], [ -101.230435048871996, 53.874920595612885 ], [ -101.231557617503995, 53.873657618661795 ], [ -101.229798246906995, 53.872677712196413 ] ], [ [ -101.250588719072994, 53.854293415700397 ], [ -101.232368224951003, 53.874920857373105 ], [ -101.250589211785993, 53.874919441993782 ], [ -101.250588719072994, 53.854293415700397 ] ] ], [ [ [ -101.410357376802011, 54.239040249430097 ], [ -101.335666040297994, 54.239073745450398 ], [ -101.335668083925, 54.151953123347099 ], [ -101.410334028330993, 54.151962210392817 ], [ -101.410357376802011, 54.239040249430097 ] ] ], [ [ [ -101.343575328650985, 54.575204988264005 ], [ -101.334384934889997, 54.576232882041793 ], [ -101.331576028818006, 54.575696964747507 ], [ -101.332384496689997, 54.574873513527102 ], [ -101.330799960494005, 54.573808664438495 ], [ -101.368816558066996, 54.573529134545389 ], [ -101.368869017730987, 54.566393490211809 ], [ -101.393926810286999, 54.566434454356326 ], [ -101.393967962590011, 54.557579487359703 ], [ -101.407009710699, 54.5559219011962 ], [ -101.418053373820996, 54.55018973687131 ], [ -101.431777287532014, 54.548961381924116 ], [ -101.444228260510997, 54.544635489116295 ], [ -101.443374878002999, 54.567493641093122 ], [ -101.431530066021011, 54.567933871218202 ], [ -101.434135955013005, 54.565780439371999 ], [ -101.433220743787004, 54.5644486763141 ], [ -101.431221714057003, 54.564942910339809 ], [ -101.431003974499021, 54.562470322253297 ], [ -101.426842891817998, 54.566233888033999 ], [ -101.42008043669199, 54.565744720887402 ], [ -101.422054941634002, 54.563636489656801 ], [ -101.414008222871985, 54.564191579486199 ], [ -101.412587755025996, 54.565822735941801 ], [ -101.415989334504985, 54.568389217843595 ], [ -101.412045516054008, 54.567006880267314 ], [ -101.404560208424002, 54.567785820116896 ], [ -101.396763154078002, 54.570791662393695 ], [ -101.392742026507008, 54.570282827132502 ], [ -101.388884889655998, 54.574630536426703 ], [ -101.393665318915993, 54.574539425196207 ], [ -101.393036059615, 54.576065943729596 ], [ -101.383959462858002, 54.577160906325503 ], [ -101.385372475121997, 54.582278236997887 ], [ -101.398363986036003, 54.582530579673005 ], [ -101.397731095360996, 54.584659552218803 ], [ -101.39909009068802, 54.586027647777001 ], [ -101.408520301486021, 54.583172514788401 ], [ -101.410639231524002, 54.584017128691407 ], [ -101.409659956938995, 54.584832290407498 ], [ -101.415802962957997, 54.585403315276203 ], [ -101.416967199043995, 54.584860233794984 ], [ -101.415908220499006, 54.582398950508292 ], [ -101.417497494114997, 54.5827119837043 ], [ -101.419319575814001, 54.585754867026715 ], [ -101.412828263426988, 54.587976611193305 ], [ -101.417001381510005, 54.5871142322124 ], [ -101.417830841433002, 54.588338543829792 ], [ -101.412326867207994, 54.590251895849292 ], [ -101.423771747225004, 54.587193194336898 ], [ -101.412462471132997, 54.592643770461216 ], [ -101.403840072403995, 54.592489296757009 ], [ -101.399044882717007, 54.5939990954083 ], [ -101.415127302616995, 54.593681008737498 ], [ -101.417450969195002, 54.592053211926292 ], [ -101.421096887329995, 54.593124056749794 ], [ -101.420705266576988, 54.5952270380022 ], [ -101.431719732657015, 54.595947757655999 ], [ -101.430885511233996, 54.5985416022232 ], [ -101.422049265089001, 54.599903043144216 ], [ -101.420137900170005, 54.602171601332017 ], [ -101.403879528019004, 54.600072919797007 ], [ -101.397671665977001, 54.602278480243299 ], [ -101.39016527215901, 54.602250128050095 ], [ -101.394211110274995, 54.603864800883997 ], [ -101.394216023669998, 54.617126997515292 ], [ -101.343980548992988, 54.617188382725708 ], [ -101.343534854495005, 54.585512141594485 ], [ -101.338371670352998, 54.583987119566707 ], [ -101.341511369135006, 54.5823107079067 ], [ -101.340005219914005, 54.581573988337603 ], [ -101.341034356411996, 54.580457405712501 ], [ -101.343575315095009, 54.57978600863381 ], [ -101.343575328650985, 54.575204988264005 ] ] ] ] } },
{ "type": "Feature", "properties": { "OBJECTID": 90, "MUNI_NO": 196, "MUNI_NAME": "MUNICIPALITY OF KILLARNEY-TURTLE MOUNTAIN", "MUNI_TYPE": "MUNICIPALITY", "MUNI_LIST_NAME": "KILLARNEY TURTLE MOUNTAIN", "MUNI_LIST_NAME_WITH_TYPE": "KILLARNEY TURTLE MOUNTAIN (MUNICIPALITY)", "Shape__Area": 2204634963.2382813, "Shape__Length": 214571.95410077748 }, "geometry": { "type": "Polygon", "coordinates": [ [ [ -99.630900061524201, 49.266733806907105 ], [ -99.630899918226405, 49.355115451591907 ], [ -99.588532234951401, 49.35514329369169 ], [ -99.58999803022401, 49.353348026798606 ], [ -99.578784106802701, 49.335283995852095 ], [ -99.575373331525896, 49.333758355040494 ], [ -99.575733205441594, 49.332159921361381 ], [ -99.571502999681798, 49.329374423782106 ], [ -99.571400751247594, 49.327674842208907 ], [ -99.565881558337395, 49.325237319668311 ], [ -99.555185283987001, 49.316374974324695 ], [ -99.544622050644094, 49.30987224187961 ], [ -99.517080558205791, 49.297495430218497 ], [ -99.507226731573795, 49.294912501984292 ], [ -99.4970348905333, 49.289384255860909 ], [ -99.495630958103263, 49.288277278422086 ], [ -99.488893924023856, 49.282964199045189 ], [ -99.486871043530996, 49.281494093091908 ], [ -99.4792206902396, 49.275332511414007 ], [ -99.472702469160495, 49.277207876925303 ], [ -99.472686492554104, 49.266706547559792 ], [ -99.495578456559599, 49.266732242064599 ], [ -99.495527692180801, 49.193090583537291 ], [ -99.4953729068652, 49.177587625600701 ], [ -99.481478226275996, 49.177589721596696 ], [ -99.481570117326399, 48.999441921175404 ], [ -99.885340629248702, 48.9992240181003 ], [ -99.884727017998301, 49.17752587065231 ], [ -99.901574359537207, 49.1775135905635 ], [ -99.901580417139996, 49.266660970912191 ], [ -99.901559102498496, 49.266661006324902 ], [ -99.630900061524201, 49.266733806907105 ] ] ] } },
{ "type": "Feature", "properties": { "OBJECTID": 38, "MUNI_NO": 138, "MUNI_NAME": "RM OF LA BROQUERIE", "MUNI_TYPE": "RM", "MUNI_LIST_NAME": "LA BROQUERIE", "MUNI_LIST_NAME_WITH_TYPE": "LA BROQUERIE (RM)", "Shape__Area": 1369959236.3398438, "Shape__Length": 151171.70456479749 }, "geometry": { "type": "Polygon", "coordinates": [ [ [ -96.374705514949852, 49.266899779054469 ], [ -96.645737699441909, 49.26665396833824 ], [ -96.645737812225349, 49.266653968078707 ], [ -96.645851763483805, 49.502521996795934 ], [ -96.645866071736137, 49.531934983670794 ], [ -96.645866117650513, 49.532029306038602 ], [ -96.645866540175064, 49.532100764331211 ], [ -96.643145651505804, 49.53203742871429 ], [ -96.621087028455449, 49.532087677826254 ], [ -96.375153781447239, 49.532310695391537 ], [ -96.37515377723193, 49.532310695390059 ], [ -96.374922188465817, 49.414303011146309 ], [ -96.374705506957028, 49.266899779050561 ], [ -96.374705514949852, 49.266899779054469 ] ] ] } },
{ "type": "Feature", "properties": { "OBJECTID": 61, "MUNI_NO": 139, "MUNI_NAME": "RM OF LAC DU BONNET", "MUNI_TYPE": "RM", "MUNI_LIST_NAME": "LAC DU BONNET", "MUNI_LIST_NAME_WITH_TYPE": "LAC DU BONNET (RM)", "Shape__Area": 2930270932.3164063, "Shape__Length": 330550.83669538941 }, "geometry": { "type": "MultiPolygon", "coordinates": [ [ [ [ -95.970868086456264, 50.125830495803257 ], [ -95.971527584845987, 50.123066170822696 ], [ -95.974871513602409, 50.122260827448883 ], [ -96.001357432901202, 50.125860594194783 ], [ -96.0144670771938, 50.119403191363297 ], [ -96.021188763995795, 50.118986865648701 ], [ -96.029885548464193, 50.124325892840105 ], [ -96.037185568131903, 50.134327363375888 ], [ -95.958118676963394, 50.134531072666 ], [ -95.958033680591896, 50.128132973250793 ], [ -95.9593362914637, 50.128318806085012 ], [ -95.970071128013728, 50.126002514373859 ], [ -95.970860386544103, 50.125862768345101 ], [ -95.970868086456264, 50.125830495803257 ] ] ], [ [ [ -95.92391456511082, 50.137197490632829 ], [ -95.922888433920392, 50.137356136625996 ], [ -95.92281669699932, 50.137367227140501 ], [ -95.908580021999796, 50.135185738408019 ], [ -95.894031895281103, 50.136644500632208 ], [ -95.890470731849092, 50.138722936647042 ], [ -95.890215521810504, 50.138871874868194 ], [ -95.890219038962499, 50.13441795488589 ], [ -95.931348997808016, 50.134468117993684 ], [ -95.931740834797708, 50.135486879088717 ], [ -95.931581562820838, 50.135747318042313 ], [ -95.931402945903599, 50.136039385554504 ], [ -95.92391456511082, 50.137197490632829 ] ] ], [ [ [ -95.809501015503997, 50.39600913474731 ], [ -95.810060608600395, 50.221489778044607 ], [ -95.821884723231605, 50.221460424729109 ], [ -95.8217876268277, 50.192653707572198 ], [ -95.822039877202499, 50.148931185528411 ], [ -95.839052468800205, 50.153349577675783 ], [ -95.844399056464297, 50.158150656300904 ], [ -95.844585044024001, 50.207063585947793 ], [ -95.927362688363999, 50.207172216277399 ], [ -95.926887455307394, 50.203905498778298 ], [ -95.929902309433501, 50.202482171959502 ], [ -95.931335471064102, 50.196686423129798 ], [ -95.934365432016406, 50.194863443989099 ], [ -95.933427092143603, 50.1925202800672 ], [ -95.958026609391496, 50.192638563264403 ], [ -95.9581521678885, 50.207278737828396 ], [ -96.064929605629203, 50.207216143658009 ], [ -96.067330450511605, 50.201775464348209 ], [ -96.066202096706903, 50.192545964348412 ], [ -96.085815574976905, 50.192562751427403 ], [ -96.085794946931699, 50.194235108293384 ], [ -96.097187261838101, 50.194275447440006 ], [ -96.0972259889881, 50.164491170056088 ], [ -96.085972673042406, 50.164457088968 ], [ -96.085947178229503, 50.165752011877899 ], [ -96.083978213437504, 50.165760620385903 ], [ -96.085971726110699, 50.16343418686639 ], [ -96.061647378650889, 50.163440234481406 ], [ -96.060501060295394, 50.160793627143505 ], [ -96.053527662722601, 50.155784757639609 ], [ -96.051813549394595, 50.14178799320279 ], [ -96.037498546897936, 50.134327799005774 ], [ -96.0860326968062, 50.1343833740995 ], [ -96.086101557944389, 50.061285776586757 ], [ -96.360701998226901, 50.061284514769113 ], [ -96.360792609858194, 50.120322594682797 ], [ -96.359418637626703, 50.135246890839497 ], [ -96.361068735066297, 50.238349643438902 ], [ -96.3528887594818, 50.238350364826594 ], [ -96.353121338227595, 50.282606125363102 ], [ -96.353345119809205, 50.326732296407506 ], [ -96.353469999930596, 50.415094415289502 ], [ -96.075609875324702, 50.415034266704708 ], [ -96.075594870835602, 50.396425448027003 ], [ -95.809501015503997, 50.39600913474731 ] ], [ [ -96.061692043156299, 50.266446596628093 ], [ -96.061575345786196, 50.258737891555207 ], [ -96.067828272105103, 50.256160199052388 ], [ -96.0681322078037, 50.248703698454896 ], [ -96.073301940538897, 50.24363415497789 ], [ -96.064003531361195, 50.243621392437404 ], [ -96.070029620956802, 50.236375015544603 ], [ -96.060289091483199, 50.236377229071508 ], [ -96.058691637931219, 50.240645961944807 ], [ -96.054683902996615, 50.242709609499109 ], [ -96.048972256984399, 50.249766762444494 ], [ -96.0466553367595, 50.255704038776685 ], [ -96.053851471420501, 50.262237271205102 ], [ -96.056303039697895, 50.268267307811705 ], [ -96.061692043156299, 50.266446596628093 ] ] ] ] } },
{ "type": "Feature", "properties": { "OBJECTID": 18, "MUNI_NO": 333, "MUNI_NAME": "TOWN OF LAC DU BONNET", "MUNI_TYPE": "TOWN", "MUNI_LIST_NAME": "LAC DU BONNET", "MUNI_LIST_NAME_WITH_TYPE": "LAC DU BONNET (TOWN)", "Shape__Area": 8126353.59375, "Shape__Length": 15234.603515132685 }, "geometry": { "type": "Polygon", "coordinates": [ [ [ -96.054683902996615, 50.242709609499109 ], [ -96.058691637931219, 50.240645961944807 ], [ -96.060289091483199, 50.236377229071508 ], [ -96.070029620956802, 50.236375015544603 ], [ -96.064003531361195, 50.243621392437404 ], [ -96.073301940538897, 50.24363415497789 ], [ -96.0681322078037, 50.248703698454896 ], [ -96.067828272105103, 50.256160199052388 ], [ -96.061575345786196, 50.258737891555207 ], [ -96.061692043156299, 50.266446596628093 ], [ -96.056303039697895, 50.268267307811705 ], [ -96.053851471420501, 50.262237271205102 ], [ -96.0466553367595, 50.255704038776685 ], [ -96.048972256984399, 50.249766762444494 ], [ -96.054683902996615, 50.242709609499109 ] ] ] } },
{ "type": "Feature", "properties": { "OBJECTID": 122, "MUNI_NO": 143, "MUNI_NAME": "RM OF LAKESHORE", "MUNI_TYPE": "RM", "MUNI_LIST_NAME": "LAKESHORE", "MUNI_LIST_NAME_WITH_TYPE": "LAKESHORE (RM)", "Shape__Area": 3360714574.453125, "Shape__Length": 408433.1740028222 }, "geometry": { "type": "Polygon", "coordinates": [ [ [ -99.845805380404798, 51.154782801849805 ], [ -99.845830383449595, 51.150630966290592 ], [ -99.84928160074351, 51.151316363767698 ], [ -99.836042977401803, 51.141897698093111 ], [ -99.821380484710303, 51.138517003899196 ], [ -99.816708846932102, 51.140280771870103 ], [ -99.810357304368708, 51.132254200772906 ], [ -99.797804893346296, 51.131198458885308 ], [ -99.79493440507332, 51.132989524132299 ], [ -99.791970842329391, 51.127681585366503 ], [ -99.782107431870003, 51.126246221014711 ], [ -99.791405115220599, 51.126772677875799 ], [ -99.782315002432199, 51.125844667127893 ], [ -99.780700772000699, 51.127573018557506 ], [ -99.776461156897696, 51.126576101632409 ], [ -99.779060406726998, 51.123083220017008 ], [ -99.778269530468719, 51.121937447799503 ], [ -99.770607647348896, 51.119609675825508 ], [ -99.764755567857904, 51.120844093935915 ], [ -99.761781367836704, 51.112023890145409 ], [ -99.758237906469105, 51.110680061873694 ], [ -99.743398429136107, 51.111319391909099 ], [ -99.735434627386113, 51.105947279779393 ], [ -99.728261614394185, 51.10397336121229 ], [ -99.703867309711796, 51.106905926681705 ], [ -99.699358199211005, 51.108164952063312 ], [ -99.696147335321214, 51.111704664512892 ], [ -99.694061155232404, 51.108335896998994 ], [ -99.686367088712601, 51.109181643102104 ], [ -99.684390838431682, 51.111265990042298 ], [ -99.678353096654703, 51.106732999731598 ], [ -99.664377359927002, 51.106826732032616 ], [ -99.638607317603899, 51.113467357889306 ], [ -99.636495323094906, 51.116239552029299 ], [ -99.592171319995302, 51.142073777117901 ], [ -99.579788077451894, 51.152045410119399 ], [ -99.576912196133406, 51.156474877959511 ], [ -99.566893190776398, 51.163295099222516 ], [ -99.555191662956503, 51.1833096802944 ], [ -99.558308890718408, 51.190852877412702 ], [ -99.562228671004306, 51.193190731928397 ], [ -99.567038396402893, 51.19321184173549 ], [ -99.568620382665998, 51.196751624620887 ], [ -99.567720501225594, 51.203882380583906 ], [ -99.569039943705619, 51.206411794435304 ], [ -99.589007070334006, 51.214653333517987 ], [ -99.592694280147001, 51.220263877345886 ], [ -99.601300063342407, 51.224653164292704 ], [ -99.608480395685703, 51.237573889919112 ], [ -99.616286050808014, 51.240158786960201 ], [ -99.621498141685805, 51.247423933805607 ], [ -99.6331022847952, 51.250459573131195 ], [ -99.641472483288993, 51.256285931742397 ], [ -99.647912474054493, 51.25719464996881 ], [ -99.649968327787406, 51.260708206079414 ], [ -99.653118160546498, 51.261495479877489 ], [ -99.659541340046104, 51.268172162143301 ], [ -99.665034801999099, 51.271391771900994 ], [ -99.6720097957392, 51.280299192104785 ], [ -99.688585617085295, 51.284689993820606 ], [ -99.692330976360594, 51.292028022104496 ], [ -99.697348500865417, 51.294259785286897 ], [ -99.707462129236902, 51.305605708565693 ], [ -99.722160912135493, 51.311181063899397 ], [ -99.737276708867498, 51.3210636981837 ], [ -99.746408391528007, 51.3293056278401 ], [ -99.750782315138494, 51.330828821268703 ], [ -99.755165957201996, 51.336420739031205 ], [ -99.7629050485113, 51.339535828706396 ], [ -99.769736410423207, 51.346253234442692 ], [ -99.775314384120094, 51.349210834340617 ], [ -99.782119391016494, 51.350393027657709 ], [ -99.787322277580301, 51.35443161711131 ], [ -99.788478641487799, 51.361977232848808 ], [ -99.795862009192703, 51.368221800179306 ], [ -99.799913847038781, 51.369502561760605 ], [ -99.804369019365893, 51.37943982312639 ], [ -99.808475381912089, 51.3808907650157 ], [ -99.814232136628107, 51.387064451082402 ], [ -99.822421440440095, 51.389736366927401 ], [ -99.830384008574299, 51.401266533148295 ], [ -99.848761548529396, 51.409699848765797 ], [ -99.851778753397397, 51.413445643773194 ], [ -99.851022576268306, 51.416863630596083 ], [ -99.852917721642214, 51.420945745279312 ], [ -99.855830510932094, 51.421738296706899 ], [ -99.854991441727407, 51.424558937577586 ], [ -99.857772055671816, 51.429416817903494 ], [ -99.857283998794003, 51.434851590371011 ], [ -99.862052533651905, 51.439024901667892 ], [ -99.865472573946903, 51.438419715680396 ], [ -99.868886884314108, 51.444720365620405 ], [ -99.871184515810697, 51.444851683336402 ], [ -99.872441298799799, 51.448672602350797 ], [ -99.713833507852698, 51.448582530584297 ], [ -99.71442149946833, 51.536001268007148 ], [ -99.644461453531406, 51.536500066310204 ], [ -99.644171416643104, 51.536499370637692 ], [ -99.621793256349321, 51.537076626189688 ], [ -99.585293072657109, 51.536620943022406 ], [ -99.551346445741601, 51.536508729100404 ], [ -99.433829294573698, 51.536328853711808 ], [ -99.433645057054505, 51.44899013551629 ], [ -99.434221164416002, 51.318115344778484 ], [ -99.433693797006697, 51.302311152317898 ], [ -99.430721204917802, 51.302306708692903 ], [ -99.430592719066411, 51.184427620754292 ], [ -99.547767925415997, 51.184504499485094 ], [ -99.548097308541003, 51.125354793177415 ], [ -99.594896267351302, 51.12524668473911 ], [ -99.59427940012722, 50.948577805985494 ], [ -99.578309029981298, 50.948566865996305 ], [ -99.57877785749308, 50.860272438207801 ], [ -99.683410224395828, 50.860155720112509 ], [ -99.834251809028103, 50.859876484384195 ], [ -99.834248716686119, 50.948501700516196 ], [ -99.852694214514898, 50.948526285837097 ], [ -99.852387982785402, 51.154768819592299 ], [ -99.84543953519902, 51.155062584717101 ], [ -99.845805380404798, 51.154782801849805 ] ] ] } },
{ "type": "Feature", "properties": { "OBJECTID": 151, "MUNI_NO": 428, "MUNI_NAME": "TOWN OF LEAF RAPIDS", "MUNI_TYPE": "TOWN", "MUNI_LIST_NAME": "LEAF RAPIDS", "MUNI_LIST_NAME_WITH_TYPE": "LEAF RAPIDS (TOWN)", "Shape__Area": 4650932437.296875, "Shape__Length": 286894.68164601846 }, "geometry": { "type": "Polygon", "coordinates": [ [ [ -100.174340326814004, 56.594621352177292 ], [ -99.3768360908077, 56.594687993180592 ], [ -99.3768113213048, 56.507485289796399 ], [ -99.359245132873397, 56.507476407882109 ], [ -99.359242236002103, 56.333026336276092 ], [ -100.149388443562998, 56.333041356219702 ], [ -100.149413451841994, 56.507440498600602 ], [ -100.174341649498999, 56.507452633488803 ], [ -100.174340326814004, 56.594621352177292 ] ] ] } },
{ "type": "Feature", "properties": { "OBJECTID": 147, "MUNI_NO": 760, "MUNI_NAME": "LITTLE GRAND RAPIDS-NORTHERN AFFAIRS ACT", "MUNI_TYPE": "NORTHERN SETTLEMENT", "MUNI_LIST_NAME": "LITTLE GRAND RAPIDS", "MUNI_LIST_NAME_WITH_TYPE": "LITTLE GRAND RAPIDS (NORTHERN SETTLEMENT)", "Shape__Area": 3960956.9609375, "Shape__Length": 10681.071227771343 }, "geometry": { "type": "Polygon", "coordinates": [ [ [ -95.451021804956099, 52.048957468144899 ], [ -95.451038420568096, 52.039227771177799 ], [ -95.459130038372791, 52.040961287484492 ], [ -95.457680805829497, 52.037332872092506 ], [ -95.460672961727596, 52.034815765694205 ], [ -95.4660454203417, 52.034651327221603 ], [ -95.464162957048899, 52.036503573532002 ], [ -95.464960302588196, 52.037877645656209 ], [ -95.472342015261901, 52.04191670992131 ], [ -95.471054741324707, 52.0438800160006 ], [ -95.467327277509, 52.0442337501905 ], [ -95.46920545211232, 52.047223121232896 ], [ -95.467710217141004, 52.048947375083301 ], [ -95.451021804956099, 52.048957468144899 ] ] ] } },
{ "type": "Feature", "properties": { "OBJECTID": 149, "MUNI_NO": 761, "MUNI_NAME": "LOON STRAITS-NORTHERN AFFAIRS ACT", "MUNI_TYPE": "NORTHERN SETTLEMENT", "MUNI_LIST_NAME": "LOON STRAITS", "MUNI_LIST_NAME_WITH_TYPE": "LOON STRAITS (NORTHERN SETTLEMENT)", "Shape__Area": 5717253.09375, "Shape__Length": 29740.469354985056 }, "geometry": { "type": "Polygon", "coordinates": [ [ [ -96.593435714308086, 51.535466263070802 ], [ -96.591481638614695, 51.533237219385406 ], [ -96.592465005059708, 51.531691724879991 ], [ -96.589244980399499, 51.53174717579671 ], [ -96.587585804976499, 51.529478523456902 ], [ -96.587103934142419, 51.531216710053499 ], [ -96.586010246993098, 51.53161982432399 ], [ -96.5867580367416, 51.530844770498099 ], [ -96.579917841984113, 51.524258612975316 ], [ -96.580819704384595, 51.523334767328897 ], [ -96.577563206838505, 51.521793043423806 ], [ -96.5783298138562, 51.51928552561899 ], [ -96.574680663890206, 51.51642832596049 ], [ -96.571637086705095, 51.516434618688415 ], [ -96.571653866859506, 51.503445581849896 ], [ -96.575854381357104, 51.503443732548696 ], [ -96.578863182536196, 51.507394205305005 ], [ -96.580380925316305, 51.511849013930203 ], [ -96.577618694314594, 51.513403274396708 ], [ -96.579521518995705, 51.512895340153499 ], [ -96.5832846778153, 51.520041399283201 ], [ -96.589612390434993, 51.52202616339531 ], [ -96.590167215989894, 51.524439308468892 ], [ -96.5932091237093, 51.5245169879937 ], [ -96.591131115653994, 51.526952058914389 ], [ -96.594402689308097, 51.526836813202777 ], [ -96.592888928887504, 51.527352978875896 ], [ -96.593932804069496, 51.527891233231806 ], [ -96.590220562776594, 51.52804301416721 ], [ -96.591872307741397, 51.529992257633801 ], [ -96.595361132500898, 51.530383072783494 ], [ -96.592955921851797, 51.531625798389008 ], [ -96.593081964962096, 51.532008407381902 ], [ -96.593075962646793, 51.532052093162797 ], [ -96.593079561299007, 51.53205396032709 ], [ -96.593167329191203, 51.532238172759008 ], [ -96.593161160162893, 51.532241048156791 ], [ -96.594876848500206, 51.534021347249201 ], [ -96.602540142973396, 51.533828654856798 ], [ -96.608362958148703, 51.53619727937479 ], [ -96.605935100334705, 51.5383366557869 ], [ -96.6068935053123, 51.542369232050305 ], [ -96.599883127896007, 51.541709136763401 ], [ -96.601269972918502, 51.540369438467302 ], [ -96.599908053072483, 51.538456669820086 ], [ -96.595110311530505, 51.539300829394882 ], [ -96.596472070247103, 51.537975873193297 ], [ -96.595099830159512, 51.534877167940792 ], [ -96.593435714308086, 51.535466263070802 ] ] ] } },
{ "type": "Feature", "properties": { "OBJECTID": 172, "MUNI_NO": 144, "MUNI_NAME": "MUNICIPALITY OF LORNE", "MUNI_TYPE": "MUNICIPALITY", "MUNI_LIST_NAME": "LORNE", "MUNI_LIST_NAME_WITH_TYPE": "LORNE (MUNICIPALITY)", "Shape__Area": 2300374435.4414063, "Shape__Length": 214289.42317179116 }, "geometry": { "type": "Polygon", "coordinates": [ [ [ -99.088542865346696, 49.354859098522191 ], [ -99.088749892153501, 49.532215292638504 ], [ -99.04303173805161, 49.532352302693177 ], [ -98.732924059605907, 49.53234460466561 ], [ -98.567681256619821, 49.532509574050906 ], [ -98.567685675279904, 49.539938117888696 ], [ -98.544824165240598, 49.539975336855512 ], [ -98.544717031575104, 49.532855081603294 ], [ -98.544717031013164, 49.532855081598363 ], [ -98.414745884826303, 49.531569182068694 ], [ -98.410172568516018, 49.531579566279397 ], [ -98.409796114898398, 49.487204302621095 ], [ -98.408383380189605, 49.399377489474894 ], [ -98.409541145082997, 49.354826453251398 ], [ -98.817366420535393, 49.354574502044905 ], [ -98.953431715868206, 49.354456992755203 ], [ -99.088542865346696, 49.354859098522191 ] ] ] } },
{ "type": "Feature", "properties": { "OBJECTID": 37, "MUNI_NO": 145, "MUNI_NAME": "MUNICIPALITY OF LOUISE", "MUNI_TYPE": "MUNICIPALITY", "MUNI_LIST_NAME": "LOUISE", "MUNI_LIST_NAME_WITH_TYPE": "LOUISE (MUNICIPALITY)", "Shape__Area": 2277848626.5, "Shape__Length": 215770.66728474875 }, "geometry": { "type": "Polygon", "coordinates": [ [ [ -98.953294129739604, 49.324808593352508 ], [ -98.953431715868206, 49.354456992755203 ], [ -98.817366420535393, 49.354574502044905 ], [ -98.817578667311807, 49.339851149298603 ], [ -98.817575813071045, 49.339851086125698 ], [ -98.795210257851394, 49.339353494024891 ], [ -98.795127493516603, 49.32463573430239 ], [ -98.772330295215113, 49.324781613709689 ], [ -98.771973188864195, 49.310235153231098 ], [ -98.73786363991691, 49.309802113488907 ], [ -98.737792607995303, 49.295318129226217 ], [ -98.726531232704801, 49.295375863204022 ], [ -98.726097941256, 49.250991416594694 ], [ -98.703598325807903, 49.251061367553497 ], [ -98.703410799656297, 49.19937858126039 ], [ -98.680731662030794, 49.1994308291601 ], [ -98.6809667367895, 49.177307684403509 ], [ -98.672649679723193, 49.177321218903991 ], [ -98.671860088869593, 49.000151506982291 ], [ -99.075316822019204, 48.999889503548793 ], [ -99.077691920478898, 49.088527074162997 ], [ -99.0773258994804, 49.177245276324797 ], [ -99.088236046293105, 49.177297198565697 ], [ -99.088515030102684, 49.206618144792571 ], [ -99.065663515758402, 49.206539721829408 ], [ -99.065734836302695, 49.214150775166708 ], [ -99.021117370552105, 49.213843179202691 ], [ -99.020671069885793, 49.236114007591993 ], [ -99.008913314795407, 49.236165616638708 ], [ -99.009068820648906, 49.243684727175697 ], [ -99.020811614553097, 49.243670075544607 ], [ -99.020952225075504, 49.250954837412813 ], [ -99.009224323290098, 49.250932261842301 ], [ -99.009223927586106, 49.265770315449004 ], [ -98.998021434539993, 49.265786408293906 ], [ -98.998005718814397, 49.280572700948809 ], [ -98.975329878263096, 49.280624775322394 ], [ -98.975435238464598, 49.295490569892415 ], [ -98.963886025464703, 49.295491045867806 ], [ -98.964111615385093, 49.324991191326099 ], [ -98.953294129739604, 49.324808593352508 ] ] ] } },
{ "type": "Feature", "properties": { "OBJECTID": 150, "MUNI_NO": 614, "MUNI_NAME": "TOWN OF LYNN LAKE", "MUNI_TYPE": "TOWN", "MUNI_LIST_NAME": "LYNN LAKE", "MUNI_LIST_NAME_WITH_TYPE": "LYNN LAKE (TOWN)", "Shape__Area": 3440680907.25, "Shape__Length": 234642.26127958921 }, "geometry": { "type": "Polygon", "coordinates": [ [ [ -100.800013040042998, 56.966675704622503 ], [ -100.800013686127997, 56.681827110701796 ], [ -101.33334719334502, 56.681795764965408 ], [ -101.333346372202996, 56.966676313240292 ], [ -100.800013040042998, 56.966675704622503 ] ] ] } },
{ "type": "Feature", "properties": { "OBJECTID": 64, "MUNI_NO": 146, "MUNI_NAME": "RM OF MACDONALD", "MUNI_TYPE": "RM", "MUNI_LIST_NAME": "MACDONALD", "MUNI_LIST_NAME_WITH_TYPE": "MACDONALD (RM)", "Shape__Area": 2767178317.65625, "Shape__Length": 229662.22886175901 }, "geometry": { "type": "Polygon", "coordinates": [ [ [ -97.368215972262703, 49.809330538391507 ], [ -97.349143545712934, 49.80921990236574 ], [ -97.299375333591499, 49.808913773396206 ], [ -97.299377561665693, 49.810718007130077 ], [ -97.276546639604803, 49.810664536938503 ], [ -97.276549466211492, 49.812475004948091 ], [ -97.253709924663696, 49.812411577589799 ], [ -97.253712880300796, 49.814450623279299 ], [ -97.219669833730705, 49.8143762620955 ], [ -97.219694220125106, 49.797530316887205 ], [ -97.214093766752001, 49.797498021163904 ], [ -97.214053161293691, 49.753517562706897 ], [ -97.219654834404196, 49.753522751411204 ], [ -97.219762547496231, 49.713682501731604 ], [ -97.219774184229394, 49.709374104136607 ], [ -97.208651885381002, 49.709348657341394 ], [ -97.208378227068394, 49.695782121500095 ], [ -97.169544760774897, 49.709349971158176 ], [ -97.162581019168101, 49.709355727047402 ], [ -97.162447082395801, 49.664775332217914 ], [ -97.168045731636099, 49.664774788520198 ], [ -97.168083758271194, 49.650258974941003 ], [ -97.162438610314297, 49.650272892285805 ], [ -97.162422952447102, 49.620475314183409 ], [ -97.179197450216904, 49.620470751759903 ], [ -97.179199478067204, 49.6057198255101 ], [ -97.185200703240298, 49.605708842397505 ], [ -97.185187624344394, 49.598173727947795 ], [ -97.190755087235601, 49.598173372564304 ], [ -97.190767620528106, 49.590925164828306 ], [ -97.196358132347598, 49.590954834936902 ], [ -97.196420952988106, 49.583432771446809 ], [ -97.213448253936207, 49.58347980014581 ], [ -97.213677991742784, 49.576234806225997 ], [ -97.225102889874705, 49.576272008020986 ], [ -97.225262087190004, 49.56148198264399 ], [ -97.236841922922807, 49.561538443460115 ], [ -97.236913229292696, 49.5540103692191 ], [ -97.247782145893893, 49.553985538192215 ], [ -97.247838369106503, 49.546733693029203 ], [ -97.253839723618896, 49.546747548376999 ], [ -97.253937139412457, 49.532125272805303 ], [ -97.72631122735217, 49.532279716821961 ], [ -97.730846924426899, 49.532270132475297 ], [ -97.731699974443387, 49.532272299977286 ], [ -97.732564898665601, 49.797981252734509 ], [ -97.459264339843003, 49.79803349044829 ], [ -97.459257119342794, 49.8058228993687 ], [ -97.454320112831894, 49.805819717902402 ], [ -97.413849295054149, 49.80667871973656 ], [ -97.368216912273198, 49.807517604994295 ], [ -97.368215972262703, 49.809330538391507 ] ] ] } },
{ "type": "Feature", "properties": { "OBJECTID": 72, "MUNI_NO": 728, "MUNI_NAME": "MALLARD-NORTHERN AFFAIRS ACT", "MUNI_TYPE": "NORTHERN COMMUNITY", "MUNI_LIST_NAME": "MALLARD", "MUNI_LIST_NAME_WITH_TYPE": "MALLARD (NORTHERN COMMUNITY)", "Shape__Area": 26862802.9921875, "Shape__Length": 48841.506687261979 }, "geometry": { "type": "Polygon", "coordinates": [ [ [ -99.546611037257307, 51.915147206741601 ], [ -99.546934115966906, 51.921493886320008 ], [ -99.550415011115007, 51.923995070664006 ], [ -99.549836705656702, 51.927496543174392 ], [ -99.558190548201807, 51.933397238185897 ], [ -99.560324922258204, 51.937507824472306 ], [ -99.560072099095521, 51.9476235222523 ], [ -99.562008678393198, 51.954029497737707 ], [ -99.559903696539806, 51.955397488115899 ], [ -99.562238543601097, 51.957259412825209 ], [ -99.559623003363498, 51.957201632929007 ], [ -99.562298989744406, 51.959061934251501 ], [ -99.561787186698794, 51.960562816400795 ], [ -99.560531054753596, 51.960123954100609 ], [ -99.562451351051294, 51.962151738146503 ], [ -99.562416873968303, 51.974537423010702 ], [ -99.560013879544996, 51.982485895197016 ], [ -99.556234193606798, 51.980396634007107 ], [ -99.550201555744806, 51.970778797481508 ], [ -99.548035818118905, 51.970367460486393 ], [ -99.549495316375797, 51.965724871259397 ], [ -99.547400497161604, 51.964891756761197 ], [ -99.547831609277893, 51.962946465748402 ], [ -99.542992184326494, 51.963928817445407 ], [ -99.540387650016498, 51.967967846273012 ], [ -99.542030975290004, 51.972221470205596 ], [ -99.540978052775102, 51.972928703426106 ], [ -99.543137363553697, 51.97593904624091 ], [ -99.542857297753002, 51.980997551124098 ], [ -99.5409902120916, 51.980233512149901 ], [ -99.541318633505796, 51.982315761602898 ], [ -99.537451864154306, 51.982380295887808 ], [ -99.538832829438803, 51.986869281703491 ], [ -99.536443662223107, 51.986856774791789 ], [ -99.5349478676888, 51.994987877087802 ], [ -99.537863644486904, 51.998329854788899 ], [ -99.533846436005206, 51.998342002090894 ], [ -99.5335160955362, 51.971182086680599 ], [ -99.537929673905595, 51.971187400761607 ], [ -99.537996737585999, 51.958743794338197 ], [ -99.526002227245897, 51.958732325452708 ], [ -99.526020887607203, 51.951497626213609 ], [ -99.538001665136903, 51.95150908695819 ], [ -99.536965546448599, 51.914971318405208 ], [ -99.5380537545783, 51.915154563375694 ], [ -99.546805574621118, 51.914979979706793 ], [ -99.546611037257307, 51.915147206741601 ] ] ] } },
{ "type": "Feature", "properties": { "OBJECTID": 73, "MUNI_NO": 762, "MUNI_NAME": "MANIGOTAGAN-NORTHERN AFFAIRS ACT", "MUNI_TYPE": "NORTHERN COMMUNITY", "MUNI_LIST_NAME": "MANIGOTAGAN", "MUNI_LIST_NAME_WITH_TYPE": "MANIGOTAGAN (NORTHERN COMMUNITY)", "Shape__Area": 94365332.0390625, "Shape__Length": 94203.443894600219 }, "geometry": { "type": "Polygon", "coordinates": [ [ [ -96.261093501225716, 51.140141155839515 ], [ -96.250962900784302, 51.140134764379802 ], [ -96.251015637967299, 51.102980506449107 ], [ -96.251016614943097, 51.102425496991003 ], [ -96.25103341514928, 51.092854963092698 ], [ -96.343827287725006, 51.091409105334897 ], [ -96.343832627339495, 51.103774983832992 ], [ -96.407495594687404, 51.103716524989906 ], [ -96.4073668341385, 51.105461860741002 ], [ -96.409121950270517, 51.106301626307499 ], [ -96.405717742317805, 51.106515291228405 ], [ -96.405692491395499, 51.108227635724994 ], [ -96.400483674104393, 51.107222057645188 ], [ -96.398729878213402, 51.110764563343395 ], [ -96.394331170065612, 51.109176111678302 ], [ -96.383922220439899, 51.109521932637215 ], [ -96.380839923885119, 51.107161588880601 ], [ -96.3721758034971, 51.107278508255796 ], [ -96.366901871592106, 51.109918250066308 ], [ -96.364094116995403, 51.113303027831201 ], [ -96.3646573651789, 51.114583733918799 ], [ -96.359696601550297, 51.115428319371297 ], [ -96.356351396340301, 51.1139734575437 ], [ -96.350655745684591, 51.117159078480803 ], [ -96.347008311448505, 51.115430146682002 ], [ -96.338598671827299, 51.115394643451403 ], [ -96.3310794291843, 51.112175479361682 ], [ -96.335027029629401, 51.111131039934996 ], [ -96.336013687400893, 51.109952265604399 ], [ -96.330776436892904, 51.111300972431316 ], [ -96.324926433783418, 51.109006174783708 ], [ -96.319476992976107, 51.1093071430763 ], [ -96.323570309803898, 51.106353291329199 ], [ -96.316234017498999, 51.109165967756809 ], [ -96.306517924020596, 51.107608446083297 ], [ -96.3088220945464, 51.111024674487901 ], [ -96.315522902844094, 51.110845522180007 ], [ -96.317019739639207, 51.112425122584405 ], [ -96.325012506222706, 51.113214332285906 ], [ -96.325472247828998, 51.115254851027807 ], [ -96.329584666949003, 51.114894423646895 ], [ -96.337509584513498, 51.117711212447396 ], [ -96.3409762265523, 51.122728770737083 ], [ -96.344959548461802, 51.12378888077091 ], [ -96.343756390090803, 51.125458244434206 ], [ -96.345102239194503, 51.126337178644107 ], [ -96.340107605981302, 51.129465526245205 ], [ -96.341799970979196, 51.1310189449459 ], [ -96.344880384899895, 51.126847209037599 ], [ -96.349511817106105, 51.127528004493101 ], [ -96.349744457993495, 51.125988069340302 ], [ -96.348059737974694, 51.125980150635201 ], [ -96.351419191130304, 51.125329175747602 ], [ -96.350278594686102, 51.125909285862903 ], [ -96.350272140234296, 51.131908192030302 ], [ -96.355090191754002, 51.140558482641502 ], [ -96.354153760159505, 51.140152380121691 ], [ -96.262503935685999, 51.140141965195035 ], [ -96.261093501225716, 51.140141155839515 ] ], [ [ -96.301422005200905, 51.106222060743001 ], [ -96.299198025012004, 51.107681874192899 ], [ -96.306517924020596, 51.107608446083297 ], [ -96.301422005200905, 51.106222060743001 ] ], [ [ -96.293863509179005, 51.100135284775504 ], [ -96.297204666138498, 51.104727116874599 ], [ -96.300656708539805, 51.105776471310996 ], [ -96.297867755659581, 51.10233586529521 ], [ -96.296544694860302, 51.0983677246317 ], [ -96.298000179591995, 51.095220219693211 ], [ -96.295662966945201, 51.092695021963699 ], [ -96.295083062660396, 51.09375122434551 ], [ -96.297654145978697, 51.095701627887713 ], [ -96.292115313734783, 51.099800126179098 ], [ -96.293863509179005, 51.100135284775504 ] ], [ [ -96.2894565043093, 51.099790742700598 ], [ -96.291265215202117, 51.100953738620198 ], [ -96.292115313734783, 51.099800126179098 ], [ -96.2894565043093, 51.099790742700598 ] ], [ [ -96.287368619431518, 51.098199538850892 ], [ -96.285562205250898, 51.101894915155604 ], [ -96.2894565043093, 51.099790742700598 ], [ -96.287368619431518, 51.098199538850892 ] ], [ [ -96.283178353462105, 51.100971915442003 ], [ -96.282962168947904, 51.10139722746591 ], [ -96.285374252334506, 51.102937929690505 ], [ -96.285562205250898, 51.101894915155604 ], [ -96.283178353462105, 51.100971915442003 ] ] ] } },
{ "type": "Feature", "properties": { "OBJECTID": 58, "MUNI_NO": 763, "MUNI_NAME": "MATHESON ISLAND-NORTHERN AFFAIRS ACT", "MUNI_TYPE": "NORTHERN COMMUNITY", "MUNI_LIST_NAME": "MATHESON ISLAND", "MUNI_LIST_NAME_WITH_TYPE": "MATHESON ISLAND (NORTHERN COMMUNITY)", "Shape__Area": 55606167.15625, "Shape__Length": 78901.739622014124 }, "geometry": { "type": "MultiPolygon", "coordinates": [ [ [ [ -96.896215661720305, 51.697251174752502 ], [ -96.960582124759298, 51.697456237314498 ], [ -96.948179077530696, 51.703566460141587 ], [ -96.940987405826405, 51.710404497772195 ], [ -96.934071927770603, 51.709964977449701 ], [ -96.930561014744399, 51.71345994905019 ], [ -96.920353772025507, 51.715766523008291 ], [ -96.911420373132188, 51.726302031701692 ], [ -96.883616179421892, 51.736366665892703 ], [ -96.883639314918398, 51.70688682501369 ], [ -96.895912371947006, 51.707014304482506 ], [ -96.896215661720305, 51.697251174752502 ] ] ], [ [ [ -96.934097884761997, 51.726341743877605 ], [ -96.937037092614204, 51.722238883039807 ], [ -96.936266359538095, 51.721536882126507 ], [ -96.942136342869503, 51.720215459922692 ], [ -96.943207174431507, 51.724412467530001 ], [ -96.944306810040999, 51.722081450027105 ], [ -96.950238240101498, 51.718552873963702 ], [ -96.947826147705698, 51.716113010312206 ], [ -96.943367258777513, 51.714990459015098 ], [ -96.936768870430498, 51.718055914411998 ], [ -96.940372002263601, 51.714463173992208 ], [ -96.947590725950903, 51.710340055772392 ], [ -96.946237217859604, 51.714067332044699 ], [ -96.948738232201407, 51.714538357076187 ], [ -96.958824570854588, 51.7095149967083 ], [ -96.974798249128298, 51.714634467676895 ], [ -96.97703137184952, 51.716833287589402 ], [ -96.974862110409404, 51.720902923043901 ], [ -96.962004023402699, 51.728039941856316 ], [ -96.948833974035111, 51.733532064840801 ], [ -96.940501362145397, 51.733481240248487 ], [ -96.936136146929115, 51.735303836650601 ], [ -96.934661203127106, 51.739978444682201 ], [ -96.924269385159008, 51.750620762092908 ], [ -96.9239282916147, 51.754721761316098 ], [ -96.9151898823838, 51.758412923360204 ], [ -96.911653800005595, 51.757115646019109 ], [ -96.914669361936902, 51.748124240923197 ], [ -96.930164368208793, 51.732112562185492 ], [ -96.933691233888297, 51.7266022648217 ], [ -96.932726042145902, 51.726246388960611 ], [ -96.934097884761997, 51.726341743877605 ] ] ], [ [ [ -96.912149977447996, 51.774549641908905 ], [ -96.917277032078601, 51.77290760122181 ], [ -96.912424630163898, 51.770257581780378 ], [ -96.9149033232856, 51.768782228491204 ], [ -96.9243276954127, 51.766029058119607 ], [ -96.930426595504088, 51.768202006171407 ], [ -96.918398998625307, 51.773473499817996 ], [ -96.916300248192385, 51.779988537295992 ], [ -96.913694205398699, 51.781722800368797 ], [ -96.903368154041303, 51.786500694398605 ], [ -96.896424501034801, 51.786827678026711 ], [ -96.888970714029398, 51.784961007243908 ], [ -96.882216761888401, 51.780423842913706 ], [ -96.905886726751802, 51.770141255432698 ], [ -96.908607870297104, 51.7700472749612 ], [ -96.907219402598997, 51.770283696081201 ], [ -96.912149977447996, 51.774549641908905 ] ] ] ] } },
{ "type": "Feature", "properties": { "OBJECTID": 27, "MUNI_NO": 147, "MUNI_NAME": "MUNICIPALITY OF MCCREARY", "MUNI_TYPE": "MUNICIPALITY", "MUNI_LIST_NAME": "MCCREARY", "MUNI_LIST_NAME_WITH_TYPE": "MCCREARY (MUNICIPALITY)", "Shape__Area": 1324645283.6953125, "Shape__Length": 171354.99762334049 }, "geometry": { "type": "Polygon", "coordinates": [ [ [ -99.329526008673113, 50.638915906023819 ], [ -99.415332507244898, 50.638783827202602 ], [ -99.504393255941494, 50.638868220407765 ], [ -99.555093469747007, 50.638880841435679 ], [ -99.555595861848801, 50.742011552263108 ], [ -99.567051822430301, 50.742013963891509 ], [ -99.566967192479893, 50.763991668325502 ], [ -99.578941664255694, 50.763556038978294 ], [ -99.578570461745002, 50.793134298440108 ], [ -99.589458425153694, 50.793154881331091 ], [ -99.589511552264099, 50.800085089991811 ], [ -99.601246817440995, 50.800055685874192 ], [ -99.601331132096703, 50.807641935077996 ], [ -99.589502381840106, 50.807803382847304 ], [ -99.589581400680999, 50.815118158930289 ], [ -99.625873937722005, 50.815097918071899 ], [ -99.625611688606497, 50.838283771794302 ], [ -99.637002350506421, 50.837974485909392 ], [ -99.636787335473798, 50.845518958821202 ], [ -99.672036608254402, 50.844924528927301 ], [ -99.672012079690802, 50.852738116686893 ], [ -99.683328521857405, 50.852737964225504 ], [ -99.683410224395828, 50.860155720112509 ], [ -99.57877785749308, 50.860272438207801 ], [ -99.276527033200125, 50.859997742551158 ], [ -99.276522558202203, 50.859997731754611 ], [ -99.275163462461293, 50.66859031130469 ], [ -99.27639053845941, 50.638960789439189 ], [ -99.276394302540496, 50.638869837912701 ], [ -99.329526008673113, 50.638915906023819 ] ] ] } },
{ "type": "Feature", "properties": { "OBJECTID": 74, "MUNI_NO": 729, "MUNI_NAME": "MEADOW PORTAGE-NORTHERN AFFAIRS ACT", "MUNI_TYPE": "NORTHERN COMMUNITY", "MUNI_LIST_NAME": "MEADOW PORTAGE", "MUNI_LIST_NAME_WITH_TYPE": "MEADOW PORTAGE (NORTHERN COMMUNITY)", "Shape__Area": 309176558.8125, "Shape__Length": 214143.64424209439 }, "geometry": { "type": "MultiPolygon", "coordinates": [ [ [ [ -99.714952505283307, 51.6146383711257 ], [ -99.714559273514695, 51.614781139218394 ], [ -99.708174077939304, 51.611623698157999 ], [ -99.707926041364416, 51.604838470844022 ], [ -99.705295853194698, 51.600595962212303 ], [ -99.702917463895005, 51.598791561528593 ], [ -99.697223347874001, 51.599047307553391 ], [ -99.696557976923302, 51.602111939114806 ], [ -99.693180415315496, 51.604837749337406 ], [ -99.684961770748814, 51.603067326776376 ], [ -99.675608006047611, 51.606359637131199 ], [ -99.674528780551199, 51.610446742064696 ], [ -99.671154513071215, 51.613526752438297 ], [ -99.668166240436705, 51.613809942369187 ], [ -99.666353992867684, 51.611691080177806 ], [ -99.661596415420505, 51.612782568243901 ], [ -99.658482976988807, 51.619187553021398 ], [ -99.657781295259895, 51.624869241333698 ], [ -99.652321598374002, 51.626807068934703 ], [ -99.649912233784704, 51.622783904232492 ], [ -99.644340349835701, 51.621838750556897 ], [ -99.641127587084895, 51.616356014093597 ], [ -99.645604479616495, 51.605463889426609 ], [ -99.645261087328194, 51.60134052247291 ], [ -99.640662824565396, 51.598526821791204 ], [ -99.640391671635911, 51.599504168236209 ], [ -99.635167794087593, 51.597758245528624 ], [ -99.634116200082502, 51.598961585964894 ], [ -99.635213585119899, 51.601040459644103 ], [ -99.632157756629596, 51.60154488770619 ], [ -99.628222451657905, 51.605425119895706 ], [ -99.628878843398297, 51.606530543298803 ], [ -99.624462456372996, 51.606554118027198 ], [ -99.626043592850607, 51.60756591976071 ], [ -99.624500186525694, 51.609304082332294 ], [ -99.6211284664479, 51.607592027386197 ], [ -99.622008730468494, 51.609450381326297 ], [ -99.620021957586587, 51.610037537972687 ], [ -99.623478427516488, 51.612725039137494 ], [ -99.6209252214488, 51.613581361755003 ], [ -99.624121360044398, 51.61804451605709 ], [ -99.615330127236604, 51.621329008417305 ], [ -99.621880447242305, 51.626129451423601 ], [ -99.621554439134101, 51.628349045382301 ], [ -99.624242426273597, 51.632060801525689 ], [ -99.622101558694894, 51.637084538222993 ], [ -99.623007969726302, 51.64080574276489 ], [ -99.621020652662096, 51.641452056770603 ], [ -99.623119228755414, 51.6489225237993 ], [ -99.621510297118917, 51.651193265323592 ], [ -99.619796627952894, 51.651024893726401 ], [ -99.623946747142796, 51.65206748968891 ], [ -99.619693337317798, 51.653908653891406 ], [ -99.622780786426702, 51.655444822268706 ], [ -99.621282695523604, 51.65540839924531 ], [ -99.620386567877318, 51.657675350352612 ], [ -99.622440431754796, 51.661834051305291 ], [ -99.620585537343004, 51.661799509362609 ], [ -99.620888999342895, 51.663128618240812 ], [ -99.623501600070199, 51.666397201286898 ], [ -99.621652589280501, 51.666806216119902 ], [ -99.620978740995994, 51.6696929881495 ], [ -99.626659467790802, 51.678135006561106 ], [ -99.628674304543793, 51.679366236545818 ], [ -99.628289338310793, 51.677327875075008 ], [ -99.631175555042816, 51.674517910841999 ], [ -99.632464267019884, 51.669720419359017 ], [ -99.633469706984798, 51.67020292914281 ], [ -99.636401000175695, 51.665573948407605 ], [ -99.6360040104977, 51.662692887253399 ], [ -99.638204956633118, 51.661971233836013 ], [ -99.638060751916498, 51.656782232031198 ], [ -99.632719244802999, 51.657299058654004 ], [ -99.633110031242296, 51.654635523017703 ], [ -99.64367888676, 51.650630282585297 ], [ -99.645261360530611, 51.651597457997909 ], [ -99.642905870701, 51.651432947144009 ], [ -99.642101008704699, 51.655030283005317 ], [ -99.638045180621504, 51.655673387831392 ], [ -99.641806494565117, 51.65942325234829 ], [ -99.640696109142695, 51.661602814572092 ], [ -99.648565400501994, 51.668257549393594 ], [ -99.653796639850498, 51.669914117094102 ], [ -99.656593149834407, 51.67584236630919 ], [ -99.657493598111515, 51.673974333113101 ], [ -99.657681244055695, 51.6770782771423 ], [ -99.655744112952505, 51.676335036972596 ], [ -99.655266489283008, 51.677845841207414 ], [ -99.657489698390094, 51.678631845610909 ], [ -99.656828230058295, 51.682228464580412 ], [ -99.6560241462699, 51.680902247291307 ], [ -99.65417931773861, 51.681622247475595 ], [ -99.6530900534502, 51.685265581674209 ], [ -99.654680338185202, 51.686676152863001 ], [ -99.650693091881806, 51.692287280618203 ], [ -99.657278643209409, 51.698549301385505 ], [ -99.655648533101498, 51.699356833922401 ], [ -99.6567461596388, 51.701213691930214 ], [ -99.655203716488799, 51.708097613648498 ], [ -99.656074154773705, 51.711251957331697 ], [ -99.585178251277483, 51.711216827869407 ], [ -99.585099287739681, 51.754982895325611 ], [ -99.538061374141094, 51.754949356655899 ], [ -99.5385518028327, 51.7329975515445 ], [ -99.539013106556098, 51.735745533214597 ], [ -99.540426486033198, 51.734452707239292 ], [ -99.540380444868802, 51.736582025348696 ], [ -99.542024035654293, 51.736618813415404 ], [ -99.540770984860998, 51.739374680675809 ], [ -99.542389437615498, 51.743270581460507 ], [ -99.540333849723993, 51.744655096043999 ], [ -99.543326773340212, 51.743975953388698 ], [ -99.54436384281, 51.747031740995801 ], [ -99.543832242292197, 51.744417179022122 ], [ -99.544969033557905, 51.743879637917999 ], [ -99.545225026198096, 51.747338243647604 ], [ -99.546375786483111, 51.747953888529807 ], [ -99.546117562960006, 51.744317870343608 ], [ -99.5431737696765, 51.743133890409808 ], [ -99.542424236836013, 51.740209832896603 ], [ -99.545143343503796, 51.740552103593011 ], [ -99.543987462434401, 51.73949290623851 ], [ -99.544949768258604, 51.736339145606088 ], [ -99.549045810603005, 51.732416717398799 ], [ -99.546640439467794, 51.728435850321809 ], [ -99.549004933792901, 51.723146407811107 ], [ -99.549044571006306, 51.7028309118216 ], [ -99.550737325665295, 51.701137435805499 ], [ -99.551517873349596, 51.694879481841497 ], [ -99.555354565329907, 51.693441992488601 ], [ -99.556922026019805, 51.687402053955893 ], [ -99.561620791668702, 51.686492548870703 ], [ -99.563098955900699, 51.684844270923499 ], [ -99.559204763755204, 51.68153611142791 ], [ -99.561838145496509, 51.680991264474592 ], [ -99.562516016858297, 51.683871214067999 ], [ -99.567747613277206, 51.685664676603004 ], [ -99.571221772571107, 51.683873561866989 ], [ -99.571476475273613, 51.681432696998897 ], [ -99.569664333866996, 51.679179298538706 ], [ -99.5633610515751, 51.677213638382803 ], [ -99.565404057593597, 51.675119048971908 ], [ -99.566713096610897, 51.677108801185199 ], [ -99.572280119884397, 51.6772592384877 ], [ -99.570935697567407, 51.672475235475297 ], [ -99.572714921290995, 51.666478387419701 ], [ -99.566557029959895, 51.664600902054893 ], [ -99.568110620915405, 51.663351402074007 ], [ -99.566658731793694, 51.661317994309101 ], [ -99.567853962338603, 51.659937155191301 ], [ -99.5669311936268, 51.654574413078798 ], [ -99.571968788590894, 51.646876212532895 ], [ -99.568178458616202, 51.645963112101818 ], [ -99.570384136075205, 51.645597563557089 ], [ -99.571513685532807, 51.64470492939509 ], [ -99.566119202243797, 51.646638414136795 ], [ -99.566360170792905, 51.648810749908108 ], [ -99.563208875857597, 51.653439039337407 ], [ -99.561201342399116, 51.652561508338898 ], [ -99.559801469221213, 51.654697326822301 ], [ -99.555741230272801, 51.655071466196311 ], [ -99.555571772948497, 51.658709542568907 ], [ -99.556713896615193, 51.658792848081113 ], [ -99.558018264536102, 51.660472224321708 ], [ -99.554805727751102, 51.660221300678394 ], [ -99.551110398588094, 51.667202739032014 ], [ -99.549081575532995, 51.664595181885709 ], [ -99.549931464232799, 51.658203802987302 ], [ -99.545938944068695, 51.658311143740399 ], [ -99.546026782317995, 51.659685801163704 ], [ -99.543352005100502, 51.656681931470096 ], [ -99.535728967660503, 51.657337948530099 ], [ -99.533781192962607, 51.661516370102298 ], [ -99.538526654000705, 51.664732764089507 ], [ -99.539460120631404, 51.668099605731605 ], [ -99.5438938834006, 51.672159991797997 ], [ -99.542372171222198, 51.676159145350908 ], [ -99.536391466974905, 51.677206814339186 ], [ -99.538861414829498, 51.66890077750309 ], [ -99.538102911505604, 51.665089560989898 ], [ -99.535297193205196, 51.663061962999606 ], [ -99.532935247232999, 51.66236299308941 ], [ -99.531065071369099, 51.667117653600791 ], [ -99.528687490172416, 51.6650879621847 ], [ -99.525193073863804, 51.665147995309511 ], [ -99.523292842995701, 51.667374320975398 ], [ -99.516985620124998, 51.664740838308795 ], [ -99.515295340078595, 51.660356933735393 ], [ -99.518811494190899, 51.649740141267309 ], [ -99.530238167331902, 51.645164688869698 ], [ -99.540184360320794, 51.648179996772505 ], [ -99.552496903741002, 51.644458381128402 ], [ -99.557766711590105, 51.639980456779398 ], [ -99.562515880092107, 51.632017869177197 ], [ -99.568492254267298, 51.631146299434491 ], [ -99.573873050413908, 51.628281262242204 ], [ -99.575679390724602, 51.62459076623901 ], [ -99.573864396818493, 51.621450677178103 ], [ -99.573875644707897, 51.616397803181883 ], [ -99.574166193248999, 51.616398057803806 ], [ -99.608136495457998, 51.61639162236159 ], [ -99.608121777749204, 51.611580897882909 ], [ -99.608207759887449, 51.61144324712776 ], [ -99.617246982124698, 51.596966735894888 ], [ -99.632413962319902, 51.587415787141303 ], [ -99.632391460024706, 51.558176420646795 ], [ -99.6440533862379, 51.558204714848699 ], [ -99.644343561175702, 51.55820541033129 ], [ -99.644461453531406, 51.536500066310204 ], [ -99.71442149946833, 51.536001268007148 ], [ -99.714425507806439, 51.536595963863988 ], [ -99.714586480116523, 51.560464754888272 ], [ -99.714952505283307, 51.6146383711257 ] ], [ [ -99.565245700421301, 51.685321886509094 ], [ -99.563765396614997, 51.686792774332098 ], [ -99.564630529499098, 51.687498328065203 ], [ -99.567747613277206, 51.685664676603004 ], [ -99.565245700421301, 51.685321886509094 ] ], [ [ -99.563719792903797, 51.687063082981794 ], [ -99.563233606678082, 51.689944656517717 ], [ -99.564630529499098, 51.687498328065203 ], [ -99.563719792903797, 51.687063082981794 ] ] ], [ [ [ -99.562351252086401, 51.676331339420102 ], [ -99.560405849585806, 51.674788146195105 ], [ -99.561308595011596, 51.67278777607391 ], [ -99.56110828520238, 51.673897655099402 ], [ -99.562351252086401, 51.676331339420102 ] ] ], [ [ [ -99.561154329701495, 51.677623412339003 ], [ -99.5629483884601, 51.678457608485097 ], [ -99.559532542516607, 51.679183638078399 ], [ -99.561154329701495, 51.677623412339003 ] ] ] ] } },
{ "type": "Feature", "properties": { "OBJECTID": 163, "MUNI_NO": 429, "MUNI_NAME": "TOWN OF MELITA", "MUNI_TYPE": "TOWN", "MUNI_LIST_NAME": "MELITA", "MUNI_LIST_NAME_WITH_TYPE": "MELITA (TOWN)", "Shape__Area": 7179759.203125, "Shape__Length": 11342.840544424173 }, "geometry": { "type": "Polygon", "coordinates": [ [ [ -101.002588380011005, 49.274040912974201 ], [ -100.997057490412999, 49.275046361262092 ], [ -100.997061256790005, 49.281294191153798 ], [ -100.974404527125998, 49.281273032309699 ], [ -100.974141292921999, 49.266504390473401 ], [ -101.002549250380994, 49.266508884373806 ], [ -101.002588380011005, 49.274040912974201 ] ] ] } },
{ "type": "Feature", "properties": { "OBJECTID": 120, "MUNI_NO": 149, "MUNI_NAME": "MUNICIPALITY OF MINITONAS-BOWSMAN", "MUNI_TYPE": "MUNICIPALITY", "MUNI_LIST_NAME": "MINITONAS-BOWSMAN", "MUNI_LIST_NAME_WITH_TYPE": "MINITONAS-BOWSMAN (MUNICIPALITY)", "Shape__Area": 3193644192.328125, "Shape__Length": 231076.10084811316 }, "geometry": { "type": "Polygon", "coordinates": [ [ [ -100.751627261906989, 52.230926416736999 ], [ -100.751590236661997, 51.970786886971524 ], [ -101.153051077677006, 51.968419222567803 ], [ -101.204051027065006, 51.96837871335601 ], [ -101.204022872752006, 52.230818594139009 ], [ -101.221664034658005, 52.230834395216 ], [ -101.221542491476001, 52.245456083817601 ], [ -101.203561767105001, 52.245461109457416 ], [ -101.203972245957004, 52.318011387663702 ], [ -101.094272753670239, 52.318212017071325 ], [ -100.822984655115903, 52.318210273496739 ], [ -100.751982128565999, 52.318092740381509 ], [ -100.751627261906989, 52.230926416736999 ] ] ] } },
{ "type": "Feature", "properties": { "OBJECTID": 85, "MUNI_NO": 431, "MUNI_NAME": "TOWN OF MINNEDOSA", "MUNI_TYPE": "TOWN", "MUNI_LIST_NAME": "MINNEDOSA", "MUNI_LIST_NAME_WITH_TYPE": "MINNEDOSA (TOWN)", "Shape__Area": 37658016.015625, "Shape__Length": 25563.266820530007 }, "geometry": { "type": "Polygon", "coordinates": [ [ [ -99.884524931238204, 50.240368662813694 ], [ -99.884452477506002, 50.262583877739402 ], [ -99.815644475773382, 50.262587981591388 ], [ -99.815689334599497, 50.240370938099097 ], [ -99.820826048806197, 50.2403709158719 ], [ -99.821027637540794, 50.233116669058006 ], [ -99.878175233740095, 50.233179109545212 ], [ -99.878053787643296, 50.24036946250299 ], [ -99.884524931238204, 50.240368662813694 ] ] ] } },
{ "type": "Feature", "properties": { "OBJECTID": 175, "MUNI_NO": 159, "MUNI_NAME": "RM OF MINTO-ODANAH", "MUNI_TYPE": "RM", "MUNI_LIST_NAME": "MINTO-ODANAH", "MUNI_LIST_NAME_WITH_TYPE": "MINTO-ODANAH (RM)", "Shape__Area": 1853171183.3828125, "Shape__Length": 214080.50116647434 }, "geometry": { "type": "Polygon", "coordinates": [ [ [ -99.935485252990389, 50.063666026202235 ], [ -99.9353648879963, 50.240363165800289 ], [ -99.953904586008207, 50.240370696265906 ], [ -99.953917221920591, 50.329015699717225 ], [ -99.953929854190804, 50.417277494005795 ], [ -99.677557056035695, 50.41733641262379 ], [ -99.677316103772498, 50.240408038546605 ], [ -99.660409616109192, 50.240391364134815 ], [ -99.660409534970881, 50.240385491652205 ], [ -99.660409732921394, 50.234552491848667 ], [ -99.660413142924398, 50.063415380142992 ], [ -99.660415517346905, 50.063415385611599 ], [ -99.935485252990389, 50.063666026202235 ] ], [ [ -99.878053787643296, 50.24036946250299 ], [ -99.878175233740095, 50.233179109545212 ], [ -99.821027637540794, 50.233116669058006 ], [ -99.820826048806197, 50.2403709158719 ], [ -99.815689334599497, 50.240370938099097 ], [ -99.815644475773382, 50.262587981591388 ], [ -99.884452477506002, 50.262583877739402 ], [ -99.884524931238204, 50.240368662813694 ], [ -99.878053787643296, 50.24036946250299 ] ] ] } },
{ "type": "Feature", "properties": { "OBJECTID": 4, "MUNI_NO": 151, "MUNI_NAME": "RM OF MONTCALM", "MUNI_TYPE": "RM", "MUNI_LIST_NAME": "MONTCALM", "MUNI_LIST_NAME_WITH_TYPE": "MONTCALM (RM)", "Shape__Area": 1103740996.2148438, "Shape__Length": 225875.08954054158 }, "geometry": { "type": "Polygon", "coordinates": [ [ [ -97.278457740695501, 49.236378056436905 ], [ -97.267414928630302, 49.23639835323921 ], [ -97.267382641563103, 49.192056003408915 ], [ -97.303076620221603, 49.192089737820417 ], [ -97.311050540963294, 49.188196413286832 ], [ -97.311205032526601, 49.188120968558302 ], [ -97.311126512031578, 49.188076798843632 ], [ -97.308471385685806, 49.186583136512702 ], [ -97.302573355946507, 49.19009493515 ], [ -97.298247643798902, 49.190562018722702 ], [ -97.290093069084293, 49.185835641206403 ], [ -97.288429242985416, 49.182945791486993 ], [ -97.289342500223597, 49.180737336023704 ], [ -97.301962876265407, 49.179862119572007 ], [ -97.304716110802403, 49.178400263052097 ], [ -97.305145126629697, 49.175883209512001 ], [ -97.302231711054404, 49.175012779871395 ], [ -97.295642330658893, 49.176507970054701 ], [ -97.292199255363997, 49.175283123599108 ], [ -97.282279111032807, 49.16219530268561 ], [ -97.272848744889899, 49.154889321299798 ], [ -97.271507438275407, 49.150276804938102 ], [ -97.276981239300198, 49.145874146860095 ], [ -97.277037554458204, 49.14345956858751 ], [ -97.272976350467005, 49.14313349773829 ], [ -97.264862886286309, 49.1489041908061 ], [ -97.259311500835111, 49.147849047240094 ], [ -97.254239359531198, 49.141943050113497 ], [ -97.254605146846799, 49.13270069460421 ], [ -97.2512528171535, 49.127841585812497 ], [ -97.246487505607405, 49.124589195576903 ], [ -97.234331941218102, 49.122199854437106 ], [ -97.234529864787007, 49.118941818811898 ], [ -97.242846034573503, 49.115344368796301 ], [ -97.239907096720202, 49.108354639813207 ], [ -97.239639838311604, 49.102741523651716 ], [ -97.234004763278705, 49.100343442826485 ], [ -97.224939810355693, 49.104243604668397 ], [ -97.221395294138404, 49.103743727096905 ], [ -97.225245276424005, 49.098945119343576 ], [ -97.21589434747392, 49.096097613086904 ], [ -97.213073551413601, 49.082708261331604 ], [ -97.213990565345398, 49.079479361567209 ], [ -97.218680599781294, 49.076619126234995 ], [ -97.2189856863926, 49.074406294128892 ], [ -97.208429230429005, 49.075137987583297 ], [ -97.2032653123036, 49.073280960778007 ], [ -97.205478017309701, 49.0683045512774 ], [ -97.198790082371815, 49.062991578834108 ], [ -97.200017029571896, 49.0532813909971 ], [ -97.197303764887806, 49.051286862858504 ], [ -97.189061822254814, 49.050411108443598 ], [ -97.187381027794515, 49.048643955133009 ], [ -97.188049595491194, 49.046441398691897 ], [ -97.195114303373003, 49.042580326262289 ], [ -97.196604794089993, 49.040152176766505 ], [ -97.188576579203698, 49.037210597217197 ], [ -97.187590920086905, 49.035152981855489 ], [ -97.195699807829797, 49.032828628506003 ], [ -97.199000044242311, 49.030208586028103 ], [ -97.202240224855004, 49.032002959199993 ], [ -97.224088703058996, 49.032025866935605 ], [ -97.224058327885004, 49.037459083316108 ], [ -97.257638597511601, 49.037493693445313 ], [ -97.2575127976082, 49.000469806416895 ], [ -97.325124805196396, 49.000480512168501 ], [ -97.324754589272501, 49.089003886549911 ], [ -97.459925031276796, 49.088583736926203 ], [ -97.459654218412794, 49.265962540935597 ], [ -97.368734997020198, 49.266001059922104 ], [ -97.368621607550097, 49.319601398952003 ], [ -97.3254225611322, 49.320152265362914 ], [ -97.317946397814296, 49.318244531246705 ], [ -97.315751440332505, 49.31945846039811 ], [ -97.316195906943705, 49.319891265107913 ], [ -97.318728730923766, 49.322357435196075 ], [ -97.319920517472497, 49.32351774226121 ], [ -97.320976319428127, 49.323910204943289 ], [ -97.330902358273804, 49.3275990169574 ], [ -97.33496462506038, 49.332025022646299 ], [ -97.337296568480298, 49.341863867972791 ], [ -97.334275834186002, 49.348760506492702 ], [ -97.334646923999244, 49.348712586093662 ], [ -97.340742689472648, 49.348086754736663 ], [ -97.341171312032714, 49.348027596849207 ], [ -97.341919955407775, 49.34835625907079 ], [ -97.345511252861499, 49.349178285047493 ], [ -97.346955485189568, 49.350566634491102 ], [ -97.347757140588897, 49.350918481750099 ], [ -97.351088735418799, 49.354539361010303 ], [ -97.352247774385816, 49.354996603334286 ], [ -97.188181304150305, 49.354671107924794 ], [ -97.188216822145321, 49.266061435817072 ], [ -97.188216850591445, 49.266061435744582 ], [ -97.278465995839596, 49.265789552947709 ], [ -97.278457740695501, 49.236378056436905 ] ] ] } },
{ "type": "Feature", "properties": { "OBJECTID": 183, "MUNI_NO": 787, "MUNI_NAME": "MOOSE LAKE-NORTHERN AFFAIRS ACT", "MUNI_TYPE": "NORTHERN COMMUNITY", "MUNI_LIST_NAME": "MOOSE LAKE", "MUNI_LIST_NAME_WITH_TYPE": "MOOSE LAKE (NORTHERN COMMUNITY)", "Shape__Area": 34202095.8515625, "Shape__Length": 33314.448654745313 }, "geometry": { "type": "Polygon", "coordinates": [ [ [ -100.346517750190984, 53.716262825685895 ], [ -100.345631450617006, 53.714788424823588 ], [ -100.333726347208994, 53.714774426632509 ], [ -100.333838144590004, 53.708686326033998 ], [ -100.327740143070002, 53.708645526600399 ], [ -100.327869542390999, 53.701464224730799 ], [ -100.324439136036005, 53.702782559981408 ], [ -100.313953499904997, 53.702646742589209 ], [ -100.313737238526002, 53.705374027880708 ], [ -100.310435225340001, 53.705366941133107 ], [ -100.312291780400002, 53.70809372537569 ], [ -100.308475911426996, 53.708417939035208 ], [ -100.305240834065017, 53.706204486758409 ], [ -100.309525103884013, 53.701261723753397 ], [ -100.313617330993992, 53.701237662948593 ], [ -100.333506545437004, 53.693641074476098 ], [ -100.360801341257002, 53.677861057087 ], [ -100.363658677990998, 53.677843324591812 ], [ -100.363613015039007, 53.687331959343901 ], [ -100.376528666018004, 53.691829384194293 ], [ -100.376626043365007, 53.702918718228297 ], [ -100.395994915459994, 53.703441308032609 ], [ -100.396008570513999, 53.714862084918998 ], [ -100.351818838393001, 53.714899651830699 ], [ -100.346517750190984, 53.716262825685895 ] ] ] } },
{ "type": "Feature", "properties": { "OBJECTID": 164, "MUNI_NO": 433, "MUNI_NAME": "CITY OF MORDEN", "MUNI_TYPE": "CITY", "MUNI_LIST_NAME": "MORDEN", "MUNI_LIST_NAME_WITH_TYPE": "MORDEN (CITY)", "Shape__Area": 55463229.3828125, "Shape__Length": 43975.574266841963 }, "geometry": { "type": "MultiPolygon", "coordinates": [ [ [ [ -98.069003289938209, 49.206955079263594 ], [ -98.069320773666504, 49.188893466683517 ], [ -98.085925588868506, 49.188742428822607 ], [ -98.085883571858105, 49.177537904678097 ], [ -98.088609850805682, 49.177536513132701 ], [ -98.088572905539806, 49.1703080421576 ], [ -98.111082930676005, 49.170270602789913 ], [ -98.111099823868614, 49.177792398259321 ], [ -98.148444225849204, 49.17779750847351 ], [ -98.148507931467179, 49.184988355140703 ], [ -98.148507931491196, 49.1849883578518 ], [ -98.160040954211198, 49.185019949380603 ], [ -98.160049688410993, 49.199774172796722 ], [ -98.148519527013903, 49.199718614299293 ], [ -98.1484876123492, 49.214516236001693 ], [ -98.092870095331904, 49.214476714434902 ], [ -98.091922006637603, 49.2069512886357 ], [ -98.069003289938209, 49.206955079263594 ] ] ], [ [ [ -98.069003289938209, 49.206955079263594 ], [ -98.065109874282854, 49.207171670468767 ], [ -98.063902118562496, 49.208474693322913 ], [ -98.069419172719705, 49.208458515450907 ], [ -98.069422461760297, 49.211198860805098 ], [ -98.063903921665201, 49.209046228506402 ], [ -98.063921154569101, 49.214508262379503 ], [ -98.063500317232624, 49.211738266511162 ], [ -98.063066976053705, 49.208885611537298 ], [ -98.051823320868095, 49.208912355290593 ], [ -98.051278950745996, 49.206998000766404 ], [ -98.051668982048398, 49.206126290775501 ], [ -98.069003289938209, 49.206955079263594 ] ] ] ] } },
{ "type": "Feature", "properties": { "OBJECTID": 123, "MUNI_NO": 152, "MUNI_NAME": "RM OF MORRIS", "MUNI_TYPE": "RM", "MUNI_LIST_NAME": "MORRIS", "MUNI_LIST_NAME_WITH_TYPE": "MORRIS (RM)", "Shape__Area": 2459781701.2148438, "Shape__Length": 239447.13443820804 }, "geometry": { "type": "Polygon", "coordinates": [ [ [ -97.730792225650006, 49.4435993894487 ], [ -97.730846924426899, 49.532270132475297 ], [ -97.72631122735217, 49.532279716821961 ], [ -97.253937139412457, 49.532125272805303 ], [ -97.253937663888493, 49.53204652217179 ], [ -97.253937608895839, 49.532046522105404 ], [ -97.202677988235493, 49.531971183935298 ], [ -97.165925295679514, 49.524886070928503 ], [ -97.177397582132798, 49.524924722194207 ], [ -97.177401613235006, 49.502530606376197 ], [ -97.182955225612801, 49.502521284637396 ], [ -97.1830052961311, 49.487695429141297 ], [ -97.188079341096, 49.48767470265571 ], [ -97.188181304150305, 49.354671107924794 ], [ -97.352247774385816, 49.354996603334286 ], [ -97.35477689796889, 49.357292983170417 ], [ -97.355009755775995, 49.3575043970284 ], [ -97.354867601344097, 49.357584152649984 ], [ -97.349943082319399, 49.360346746896106 ], [ -97.347414585755502, 49.363873589545314 ], [ -97.371894511470899, 49.3638968026751 ], [ -97.373056596649604, 49.35912023915261 ], [ -97.387873397311154, 49.357024040814736 ], [ -97.388348105774696, 49.356956841200187 ], [ -97.389861344943256, 49.355850594236514 ], [ -97.39120006883428, 49.354871860889929 ], [ -97.391605125045402, 49.354575714590702 ], [ -97.391603412489204, 49.347319119525395 ], [ -97.389719731542101, 49.347319296470708 ], [ -97.389718675364989, 49.342463125427813 ], [ -97.385849466311797, 49.340724137537904 ], [ -97.387026054603197, 49.339809010719492 ], [ -97.3623950398472, 49.340054869146698 ], [ -97.359529295383425, 49.340970353096459 ], [ -97.357268415056197, 49.341065494515895 ], [ -97.356269027768263, 49.342011722549913 ], [ -97.355665474704907, 49.342583147247467 ], [ -97.355428232333907, 49.342807755718411 ], [ -97.355287703532611, 49.350925807744694 ], [ -97.346955485189568, 49.350566634491102 ], [ -97.345511252861499, 49.349178285047493 ], [ -97.341919955407775, 49.34835625907079 ], [ -97.341171312032714, 49.348027596849207 ], [ -97.340742689472648, 49.348086754736663 ], [ -97.334646923999244, 49.348712586093662 ], [ -97.334275834186002, 49.348760506492702 ], [ -97.337296568480298, 49.341863867972791 ], [ -97.33496462506038, 49.332025022646299 ], [ -97.330902358273804, 49.3275990169574 ], [ -97.320976319428127, 49.323910204943289 ], [ -97.319920517472497, 49.32351774226121 ], [ -97.318728730923766, 49.322357435196075 ], [ -97.316195906943705, 49.319891265107913 ], [ -97.315751440332505, 49.31945846039811 ], [ -97.317946397814296, 49.318244531246705 ], [ -97.3254225611322, 49.320152265362914 ], [ -97.368621607550097, 49.319601398952003 ], [ -97.368734997020198, 49.266001059922104 ], [ -97.459654218412794, 49.265962540935597 ], [ -97.730669204093203, 49.266299188595198 ], [ -97.730792225650006, 49.4435993894487 ] ] ] } },
{ "type": "Feature", "properties": { "OBJECTID": 139, "MUNI_NO": 435, "MUNI_NAME": "TOWN OF MORRIS", "MUNI_TYPE": "TOWN", "MUNI_LIST_NAME": "MORRIS", "MUNI_LIST_NAME_WITH_TYPE": "MORRIS (TOWN)", "Shape__Area": 14493212.37109375, "Shape__Length": 18364.91219995635 }, "geometry": { "type": "Polygon", "coordinates": [ [ [ -97.3623950398472, 49.340054869146698 ], [ -97.387026054603197, 49.339809010719492 ], [ -97.385849466311797, 49.340724137537904 ], [ -97.389718675364989, 49.342463125427813 ], [ -97.389719731542101, 49.347319296470708 ], [ -97.391603412489204, 49.347319119525395 ], [ -97.391605125045402, 49.354575714590702 ], [ -97.39120006883428, 49.354871860889929 ], [ -97.389861344943256, 49.355850594236514 ], [ -97.388348105774696, 49.356956841200187 ], [ -97.387873397311154, 49.357024040814736 ], [ -97.373056596649604, 49.35912023915261 ], [ -97.371894511470899, 49.3638968026751 ], [ -97.347414585755502, 49.363873589545314 ], [ -97.349943082319399, 49.360346746896106 ], [ -97.354867601344097, 49.357584152649984 ], [ -97.355009755775995, 49.3575043970284 ], [ -97.35477689796889, 49.357292983170417 ], [ -97.352247774385816, 49.354996603334286 ], [ -97.351088735418799, 49.354539361010303 ], [ -97.347757140588897, 49.350918481750099 ], [ -97.346955485189568, 49.350566634491102 ], [ -97.355287703532611, 49.350925807744694 ], [ -97.355428232333907, 49.342807755718411 ], [ -97.355665474704907, 49.342583147247467 ], [ -97.356269027768263, 49.342011722549913 ], [ -97.357268415056197, 49.341065494515895 ], [ -97.359529295383425, 49.340970353096459 ], [ -97.3623950398472, 49.340054869146698 ] ] ] } },
{ "type": "Feature", "properties": { "OBJECTID": 178, "MUNI_NO": 154, "MUNI_NAME": "MOSSEY RIVER MUNICIPALITY", "MUNI_TYPE": "MUNICIPALITY", "MUNI_LIST_NAME": "MOSSEY RIVER", "MUNI_LIST_NAME_WITH_TYPE": "MOSSEY RIVER (MUNICIPALITY)", "Shape__Area": 2944474013.4296875, "Shape__Length": 565019.79030419444 }, "geometry": { "type": "Polygon", "coordinates": [ [ [ -100.275904386213995, 51.448720929878206 ], [ -100.276049044030998, 51.623854828150783 ], [ -100.297751146253006, 51.6238020895847 ], [ -100.297740661458008, 51.710997810202208 ], [ -100.038129524788999, 51.711155985182899 ], [ -100.037250326841999, 51.708016090456198 ], [ -100.017990913587013, 51.705950095546804 ], [ -100.000767901599005, 51.709519415757107 ], [ -99.9960278016421, 51.713142894544816 ], [ -99.986809525965498, 51.715234820024492 ], [ -99.983977450204904, 51.719471182995207 ], [ -99.983342775181882, 51.723581204519704 ], [ -99.986215457151403, 51.726519891635306 ], [ -99.979946793854396, 51.741952591977096 ], [ -99.982224095473711, 51.746447394366903 ], [ -99.983900167750619, 51.746586233156592 ], [ -99.98378007129692, 51.745058656602581 ], [ -99.986235404396794, 51.745730436099592 ], [ -99.985715802218607, 51.744484954383097 ], [ -99.987514298018283, 51.743930356591704 ], [ -99.985545569848199, 51.74098862477971 ], [ -99.986433693600205, 51.740203394413008 ], [ -99.984896957089205, 51.741133433045114 ], [ -99.985950449480598, 51.7399601786869 ], [ -99.987128864623003, 51.740202053228899 ], [ -99.986523625087401, 51.74134008546131 ], [ -99.989595491161595, 51.744052221747104 ], [ -99.983986740671995, 51.762235467290402 ], [ -99.988099438793796, 51.770082131379901 ], [ -99.987507261749712, 51.778143597442906 ], [ -99.992289944032407, 51.779757782646023 ], [ -99.998461514312496, 51.779260444029816 ], [ -100.000628550635994, 51.784825811957099 ], [ -100.004253594348, 51.784201456318499 ], [ -100.005338975691004, 51.781179988316197 ], [ -100.005857917357005, 51.787892285412298 ], [ -100.000801336177005, 51.798855733431999 ], [ -99.996540449383005, 51.801940070345907 ], [ -99.993769484181598, 51.801900580881608 ], [ -99.991971587845299, 51.804235589231503 ], [ -99.994108277475107, 51.808731314729009 ], [ -99.999726916008598, 51.811583462897403 ], [ -99.988100728156894, 51.8394610967514 ], [ -99.9868604326156, 51.838167738881708 ], [ -99.986019469673494, 51.839869693295093 ], [ -99.984596864352895, 51.827886912974797 ], [ -99.979090391524196, 51.8285847684337 ], [ -99.975799833269392, 51.8327796880492 ], [ -99.973764491904106, 51.840353926113515 ], [ -99.976620601802793, 51.841872290890407 ], [ -99.977069891027796, 51.843851187399899 ], [ -99.973775015018703, 51.856313749317898 ], [ -99.977510311187999, 51.858485685173392 ], [ -99.984687325381501, 51.857980752113207 ], [ -99.985697105200799, 51.866311898662815 ], [ -99.983788947406396, 51.877373891105513 ], [ -99.981839692856411, 51.881256499877601 ], [ -99.977771113762117, 51.883574207643413 ], [ -99.97546652432942, 51.89054372000161 ], [ -99.976424632503495, 51.891839532124692 ], [ -99.969564023496019, 51.888394095096707 ], [ -99.965083190754996, 51.892216321920401 ], [ -99.966269656449484, 51.913313927042594 ], [ -99.9710229407616, 51.920009362737495 ], [ -99.971565781042798, 51.926294357532292 ], [ -99.977903565992804, 51.922474484488909 ], [ -99.989450973716501, 51.89705815207671 ], [ -99.986611423652207, 51.890504754813705 ], [ -99.989572360368697, 51.875126978817001 ], [ -99.9872608810402, 51.875047490767784 ], [ -99.992357169182199, 51.870971941907598 ], [ -99.993190050298921, 51.875811318354799 ], [ -99.996300767887504, 51.877214662786088 ], [ -99.996083950808085, 51.881536898247994 ], [ -99.999746197927607, 51.881582266200802 ], [ -100.00103793600401, 51.879233502004801 ], [ -100.000062794651996, 51.878171809222607 ], [ -100.001736525062995, 51.8779822377331 ], [ -100.002023543293006, 51.886971259705703 ], [ -99.998651269195094, 51.896094779919302 ], [ -100.004604051135999, 51.897783957744203 ], [ -100.004607229087995, 51.922357499222599 ], [ -100.007146863025994, 51.925698582775794 ], [ -100.012119780186012, 51.927926258651098 ], [ -100.009178606458008, 51.945929794188402 ], [ -100.013043910516998, 51.953139148795401 ], [ -100.013186793920994, 51.961414467908703 ], [ -100.016533036046994, 51.963930180308893 ], [ -100.015380852527016, 51.973488931316503 ], [ -100.019299525822007, 51.977766424057499 ], [ -100.014942908910996, 51.988575658889594 ], [ -100.015566799666999, 51.992656832892507 ], [ -100.013439146232997, 51.993893482018507 ], [ -100.009307583928006, 52.006417868972797 ], [ -100.011715102999005, 52.009162035960294 ], [ -100.016903351816012, 52.004077742712802 ], [ -100.020036422370993, 51.991939363741793 ], [ -100.021301551351002, 51.995052881482302 ], [ -100.026041440187996, 51.994364310943503 ], [ -100.030058817818016, 51.978063928726101 ], [ -100.030240630217008, 51.97615167773349 ], [ -100.028867577450001, 51.97786304578829 ], [ -100.028474389642994, 51.976270516992095 ], [ -100.031610739919003, 51.973999742507303 ], [ -100.032523474154004, 51.981405106632096 ], [ -100.035821920949985, 51.984577057813809 ], [ -100.032679478843008, 51.981223911966801 ], [ -100.033007674548983, 51.978716945005502 ], [ -100.034796294583003, 51.9792497138884 ], [ -100.038276672238993, 51.986511057678499 ], [ -100.039379429465001, 51.99105544062121 ], [ -100.037309844782015, 51.991622157533804 ], [ -100.037517091702, 51.993342170963103 ], [ -100.039461477239001, 51.996170780783004 ], [ -100.040937404342998, 51.995748640803512 ], [ -100.038633370865995, 51.993431236918489 ], [ -100.040754031429998, 51.993808135143496 ], [ -100.043312673771993, 51.999553432108996 ], [ -100.039984859898013, 52.007755963774414 ], [ -100.041202031493995, 52.011548532405399 ], [ -100.032885026428019, 52.020851308492908 ], [ -100.032137721439994, 52.026374005996395 ], [ -100.028937463353998, 52.032367703794201 ], [ -100.03068300920998, 52.036007393654202 ], [ -100.028468654891, 52.03830153043009 ], [ -100.029186480123997, 52.039720375854692 ], [ -100.020849118507002, 52.041105626660396 ], [ -100.013627523506003, 52.046072689871593 ], [ -100.014837083681996, 52.037992643742285 ], [ -100.021587031747998, 52.031262803533693 ], [ -100.020193621084005, 52.031526632507003 ], [ -100.023468056946001, 52.026818281885397 ], [ -100.021630127872001, 52.026757808163808 ], [ -100.024412271884998, 52.024126182068208 ], [ -100.024450363734005, 52.019414423516203 ], [ -100.019662958859001, 52.021335133678811 ], [ -100.01957348841502, 52.019002672796709 ], [ -100.021440631406989, 52.019400097128504 ], [ -100.02277133728002, 52.016084256915093 ], [ -100.021091497806012, 52.016867583761915 ], [ -100.021222443721001, 52.0146186286118 ], [ -100.019284873456002, 52.014639905147696 ], [ -100.012049944541999, 52.026907928011092 ], [ -100.012894163417982, 52.029436207220897 ], [ -100.011246538479, 52.030061765811503 ], [ -100.009204848413006, 52.034876102682496 ], [ -100.007465489088005, 52.042780798430599 ], [ -100.001008126247015, 52.049723107950406 ], [ -100.000287403433006, 52.04716223547549 ], [ -99.999006901215296, 52.047285488702499 ], [ -99.99983961777032, 52.051926884495295 ], [ -99.994688659660795, 52.051799643054999 ], [ -99.98668299664071, 52.055481409186498 ], [ -99.985150565738905, 52.058088189656992 ], [ -99.977111645114903, 52.05799327558799 ], [ -99.975311039292095, 52.055014125204998 ], [ -99.974876834480099, 52.049807320481307 ], [ -99.977066793354894, 52.039557188060584 ], [ -99.974965780429898, 52.037142467585205 ], [ -99.975667138541482, 52.032861336208292 ], [ -99.971377662101304, 52.030675946598507 ], [ -99.973321815507191, 52.0238760175518 ], [ -99.971324659395904, 52.022175174231897 ], [ -99.966578311445616, 52.021724189022194 ], [ -99.957043862574395, 52.010999057332604 ], [ -99.96092392239018, 52.007798054663908 ], [ -99.961968923594299, 51.999117455361493 ], [ -99.955841648217699, 52.002444651879784 ], [ -99.961186120698201, 51.995554312402604 ], [ -99.956426873141695, 51.996411260122692 ], [ -99.953598870216993, 51.999733983372991 ], [ -99.950302264398687, 51.998834526671608 ], [ -99.950359949581099, 52.000182749998515 ], [ -99.949462255199606, 51.99217877445939 ], [ -99.950660984406881, 51.987574564556091 ], [ -99.946829903319809, 51.986490508053997 ], [ -99.944227695020004, 51.988089367813906 ], [ -99.939166428143594, 51.980055671720287 ], [ -99.940272356512594, 51.975155588118099 ], [ -99.946813082145596, 51.972225967761005 ], [ -99.947005643182095, 51.967548943130296 ], [ -99.951024873320705, 51.966594942015398 ], [ -99.953368117435602, 51.964179809240996 ], [ -99.953010484317502, 51.951091338715791 ], [ -99.950343209938509, 51.94606426421079 ], [ -99.951580733184699, 51.939571509468806 ], [ -99.947228282284811, 51.933568918338501 ], [ -99.946527162267401, 51.929627351928701 ], [ -99.949101234324203, 51.922031398923004 ], [ -99.943997636026396, 51.906458905361106 ], [ -99.945330934998907, 51.900032840284702 ], [ -99.942661938125312, 51.898206515906509 ], [ -99.943042472931495, 51.895209328483084 ], [ -99.941174382613696, 51.8899643075546 ], [ -99.9398091237329, 51.889300862910098 ], [ -99.939599391999593, 51.887953825150198 ], [ -99.940401063243399, 51.887376466067607 ], [ -99.940425133704494, 51.886441165975697 ], [ -99.940104489756493, 51.886394275301797 ], [ -99.940194606182004, 51.886186752616297 ], [ -99.939945008953401, 51.886062866743202 ], [ -99.940334789377999, 51.886985868921307 ], [ -99.939500365261395, 51.887734326069797 ], [ -99.939386383926902, 51.889236802757409 ], [ -99.940801718196695, 51.8909068904794 ], [ -99.937028778995199, 51.8911617794286 ], [ -99.929179805717894, 51.9044593539966 ], [ -99.930117247097201, 51.905508437002595 ], [ -99.928476641534701, 51.910187918526702 ], [ -99.926111008745806, 51.911798030220908 ], [ -99.922199843801096, 51.919588289623 ], [ -99.924586162830707, 51.922851415292989 ], [ -99.921894315346407, 51.923839099219506 ], [ -99.921373927757799, 51.928253431032502 ], [ -99.917995082575786, 51.933368928499299 ], [ -99.9117340023449, 51.923356276122803 ], [ -99.914721167074802, 51.91542520288629 ], [ -99.913785958301304, 51.902660224354122 ], [ -99.917103926317395, 51.901780233927106 ], [ -99.9209258761109, 51.90245171659349 ], [ -99.913989486519696, 51.903377954322401 ], [ -99.914433242672203, 51.905545925117806 ], [ -99.9172706122759, 51.90354124591579 ], [ -99.916034596149899, 51.910663050945914 ], [ -99.918940762813705, 51.913441207991795 ], [ -99.922741062067203, 51.909814926569084 ], [ -99.922713714266393, 51.905643141330408 ], [ -99.925590029305098, 51.900954025690403 ], [ -99.925938761537296, 51.892818564101503 ], [ -99.924268484080798, 51.886843418100099 ], [ -99.918315080454406, 51.893458248489907 ], [ -99.916023679658196, 51.888688187067196 ], [ -99.9175756496616, 51.883910649638899 ], [ -99.915155397416285, 51.882783092862503 ], [ -99.9152528686962, 51.880786241073807 ], [ -99.916444551043597, 51.880089122358697 ], [ -99.915560643283996, 51.877699790671699 ], [ -99.917557485848803, 51.870886718138998 ], [ -99.910647550690896, 51.868571162053883 ], [ -99.912048178054604, 51.864932269314899 ], [ -99.911071569218095, 51.859365143427191 ], [ -99.899726282485602, 51.859164731464404 ], [ -99.897391009931496, 51.863678284574114 ], [ -99.896386400848996, 51.878162126324114 ], [ -99.894159925379, 51.884562961830504 ], [ -99.892814268837, 51.884478769935001 ], [ -99.899493147423598, 51.852935444745611 ], [ -99.905465200549301, 51.842311178324699 ], [ -99.90875749156892, 51.839646792447105 ], [ -99.904145745570801, 51.842748422369588 ], [ -99.901558399622601, 51.836397826401701 ], [ -99.894946061012305, 51.834874816341802 ], [ -99.893730744650099, 51.835801187103698 ], [ -99.894898007209804, 51.833548939794994 ], [ -99.897701086759895, 51.832556499824591 ], [ -99.895920411250984, 51.829121845340502 ], [ -99.902002118224104, 51.828459444163499 ], [ -99.907098474771317, 51.824625839416278 ], [ -99.90991659350972, 51.816498231348717 ], [ -99.906331094790303, 51.812416799437109 ], [ -99.911140669704182, 51.808135636815692 ], [ -99.912762168227502, 51.800084635865197 ], [ -99.9155999328908, 51.7951981503928 ], [ -99.923147890315306, 51.7920145679456 ], [ -99.925552037002404, 51.789397107652185 ], [ -99.927247222657599, 51.792166637412194 ], [ -99.93255256328051, 51.790681532680502 ], [ -99.932439803011917, 51.795056819163591 ], [ -99.937343918646505, 51.798340204615791 ], [ -99.934464542342198, 51.801460711207113 ], [ -99.938451019172021, 51.805214402731409 ], [ -99.936143883506801, 51.818818994507794 ], [ -99.938074520894702, 51.820264732314712 ], [ -99.93761430587891, 51.82150923175822 ], [ -99.943528910800907, 51.8226488090705 ], [ -99.944206911909205, 51.820377504482103 ], [ -99.946809040845295, 51.819232643399211 ], [ -99.949826127366407, 51.809884093221704 ], [ -99.959089656259906, 51.795952914602907 ], [ -99.959767413273099, 51.790309668215798 ], [ -99.956574660182994, 51.790515519216704 ], [ -99.955756780251704, 51.787492009413008 ], [ -99.963781695402503, 51.776267933707906 ], [ -99.965205153537482, 51.770632006067608 ], [ -99.962642151916782, 51.769376213877898 ], [ -99.95630381673358, 51.772566017535794 ], [ -99.9537759985636, 51.780535122691603 ], [ -99.945493085470602, 51.786509495648993 ], [ -99.949106544952897, 51.773892161249798 ], [ -99.945569328712807, 51.77212684300131 ], [ -99.9537825577315, 51.769502381228094 ], [ -99.945448823545291, 51.771215165249494 ], [ -99.944971188744603, 51.767429046684704 ], [ -99.942426243381803, 51.767004393282605 ], [ -99.940650013104701, 51.7680032003855 ], [ -99.943009874541602, 51.769975932079198 ], [ -99.942190564338489, 51.772041576946499 ], [ -99.942225371320703, 51.769537138679588 ], [ -99.939785350500401, 51.767888729684095 ], [ -99.94025648137432, 51.761617814806307 ], [ -99.938663782349806, 51.7571347390776 ], [ -99.942124017995397, 51.750745483667309 ], [ -99.943284769246205, 51.744226232930806 ], [ -99.950788701800207, 51.732539564075608 ], [ -99.949754015543306, 51.725318634245198 ], [ -99.954382664552611, 51.719261205807797 ], [ -99.951171162634694, 51.71764626504681 ], [ -99.948485664154504, 51.712102121845902 ], [ -99.956526857680188, 51.699097875359818 ], [ -99.954102735062619, 51.694608243099111 ], [ -99.954903687786597, 51.687291465043003 ], [ -99.95212778007479, 51.681163653304516 ], [ -99.9529689711663, 51.678859442925898 ], [ -99.950039170708806, 51.676743141799584 ], [ -99.947400852758705, 51.677146600191506 ], [ -99.942163345163394, 51.685420655511102 ], [ -99.937326402178982, 51.6872621902655 ], [ -99.937598103332903, 51.679756428931391 ], [ -99.929074144944906, 51.675287831607903 ], [ -99.931178515347483, 51.667533777513391 ], [ -99.930130393940303, 51.664367996471491 ], [ -99.921751887966195, 51.659762838656206 ], [ -99.919984369095104, 51.657438842483707 ], [ -99.920838157549895, 51.655696742726697 ], [ -99.917427266443497, 51.654662410649806 ], [ -99.919769038398599, 51.65465758121411 ], [ -99.918175639584405, 51.654139536094306 ], [ -99.918961719108282, 51.653337617145702 ], [ -99.904370778927017, 51.65270906626332 ], [ -99.900677614956507, 51.653811962453617 ], [ -99.900203454375699, 51.650308815947511 ], [ -99.896424902808903, 51.648543865406111 ], [ -99.896844837836298, 51.647484128129207 ], [ -99.889376200084499, 51.648053458877904 ], [ -99.888844716483305, 51.644896882415686 ], [ -99.887062835524489, 51.644312404595617 ], [ -99.878943446132297, 51.644467870823497 ], [ -99.872349666862206, 51.649188248357497 ], [ -99.868346334244407, 51.649213422414498 ], [ -99.86872317087709, 51.646998668009893 ], [ -99.867337691452093, 51.645970363214303 ], [ -99.866131817930793, 51.646779528168715 ], [ -99.864540152618801, 51.651624313460196 ], [ -99.863178456588386, 51.65299208087221 ], [ -99.869062130458801, 51.639024977967999 ], [ -99.869473356928694, 51.634836272041404 ], [ -99.866264311164898, 51.633254961710499 ], [ -99.867113182327898, 51.6315492534371 ], [ -99.855843343708301, 51.629249122918608 ], [ -99.852844684927206, 51.626128321889595 ], [ -99.847959572601894, 51.625242048540798 ], [ -99.844419536675289, 51.622484611631599 ], [ -99.841744878239012, 51.616119663536196 ], [ -99.836059074911702, 51.611282255122596 ], [ -99.835682840755496, 51.604163443729604 ], [ -99.825418122615616, 51.603080622938002 ], [ -99.820686270784194, 51.604521012272293 ], [ -99.818756470981882, 51.608018799973394 ], [ -99.812018297199117, 51.60834434553859 ], [ -99.807090563962504, 51.604493883032397 ], [ -99.806757304135104, 51.605651616170306 ], [ -99.806951882983398, 51.602372778148009 ], [ -99.804304309616697, 51.600853354608596 ], [ -99.806609601486201, 51.593648607760692 ], [ -99.803113473071093, 51.591051473953897 ], [ -99.804904526417005, 51.590292887258705 ], [ -99.807159367164587, 51.583533555439097 ], [ -99.804874515755301, 51.581242848462509 ], [ -99.806406790081979, 51.578525796692006 ], [ -99.807575166466293, 51.57971367384431 ], [ -99.807104333813896, 51.578390620696901 ], [ -99.809253403359193, 51.578726503052017 ], [ -99.809826065673704, 51.576843264327294 ], [ -99.818454543591002, 51.5775701944563 ], [ -99.817558366113005, 51.57668625061919 ], [ -99.821582283593699, 51.576954881384594 ], [ -99.820655085721882, 51.57635442046459 ], [ -99.822968760178696, 51.575416557925514 ], [ -99.82383833960219, 51.5744258524104 ], [ -99.825700396755195, 51.574853366235402 ], [ -99.827713530363894, 51.574857169394299 ], [ -99.827877500583497, 51.574748110955298 ], [ -99.824397720613604, 51.574237592050117 ], [ -99.824903505058401, 51.573878861038786 ], [ -99.825032354993695, 51.573423868090401 ], [ -99.819122296730797, 51.575780659938495 ], [ -99.810291084723005, 51.575401364334077 ], [ -99.807165893700699, 51.571682303167805 ], [ -99.808034674454305, 51.5705879681867 ], [ -99.80310695874789, 51.568985627333802 ], [ -99.799993975104996, 51.5720686030321 ], [ -99.790627848042405, 51.576569530799013 ], [ -99.788121002866703, 51.576393067457694 ], [ -99.788429154106495, 51.575019747532806 ], [ -99.784988228378396, 51.572970201251799 ], [ -99.774382295294501, 51.574672672472907 ], [ -99.767885382184488, 51.574054462877108 ], [ -99.763191284420898, 51.577677302555507 ], [ -99.765529816669698, 51.5794334553092 ], [ -99.762868738009701, 51.587287118992698 ], [ -99.762728835358303, 51.58367333350639 ], [ -99.7589357989673, 51.586881009380903 ], [ -99.753390873811298, 51.585005979230203 ], [ -99.7491559372681, 51.585527632975293 ], [ -99.7411230498669, 51.591711010824191 ], [ -99.740196808451103, 51.594675142859799 ], [ -99.742282344463604, 51.596410869411002 ], [ -99.740022336582697, 51.600817607205407 ], [ -99.740982269091703, 51.602133338197405 ], [ -99.740431064650807, 51.603310238370099 ], [ -99.739748991244895, 51.601322867674398 ], [ -99.736729622678396, 51.600775375914509 ], [ -99.725109136192387, 51.604116225177997 ], [ -99.727778632091301, 51.606257721700999 ], [ -99.726684985334998, 51.607401950197399 ], [ -99.728921544522706, 51.614505033800206 ], [ -99.726044311281797, 51.620196632905198 ], [ -99.722602424713202, 51.622672602001813 ], [ -99.719988272007299, 51.617684777390394 ], [ -99.714559273514695, 51.614781139218394 ], [ -99.714952505283307, 51.6146383711257 ], [ -99.714586480116523, 51.560464754888272 ], [ -99.714425507806439, 51.536595963863988 ], [ -99.71442149946833, 51.536001268007148 ], [ -99.713833507852698, 51.448582530584297 ], [ -99.872441298799799, 51.448672602350797 ], [ -99.8774587066831, 51.452376192094 ], [ -99.894787697042005, 51.45574312614751 ], [ -99.912851209997697, 51.45322997874181 ], [ -99.929647247048294, 51.448486298695897 ], [ -100.275614933968441, 51.448721225617554 ], [ -100.275904386213995, 51.448720929878206 ] ] ] } },
{ "type": "Feature", "properties": { "OBJECTID": 6, "MUNI_NO": 617, "MUNI_NAME": "RM OF MOUNTAIN", "MUNI_TYPE": "RM", "MUNI_LIST_NAME": "MOUNTAIN", "MUNI_LIST_NAME_WITH_TYPE": "MOUNTAIN (RM)", "Shape__Area": 6972321273.25, "Shape__Length": 746696.9872792114 }, "geometry": { "type": "MultiPolygon", "coordinates": [ [ [ [ -100.465510067235016, 52.056133439745686 ], [ -100.465612486121998, 52.012426420802498 ], [ -100.250267693316999, 52.012574104969403 ], [ -100.250126116672007, 52.005188851469896 ], [ -100.243275643413995, 52.005169482874692 ], [ -100.243250776143995, 52.004065410274997 ], [ -100.188758866086005, 52.004081070574593 ], [ -100.190357839867417, 51.996677955267444 ], [ -100.192889796764007, 51.987889637916204 ], [ -100.179844780500986, 51.987884312519398 ], [ -100.179900394832458, 51.983425213260098 ], [ -100.190799804958985, 51.983405904198698 ], [ -100.190672802457982, 51.971164235402298 ], [ -100.1800529869721, 51.971185640366876 ], [ -100.125551456284711, 51.971278259729608 ], [ -100.125428804167981, 51.971278435634702 ], [ -100.124797219892002, 51.96919478401761 ], [ -100.121932450917001, 51.968732081822083 ], [ -100.119741727985001, 51.971072720418903 ], [ -100.117095808922002, 51.969461413633617 ], [ -100.112903062669005, 51.970332820580303 ], [ -100.112854363574996, 51.9736556067053 ], [ -100.108660301330019, 51.976262213168006 ], [ -100.112629076285003, 51.968968714979191 ], [ -100.117142518044005, 51.966071205515696 ], [ -100.120114655500998, 51.957420188237798 ], [ -100.127231886558008, 51.9522226435571 ], [ -100.134117428139007, 51.934443325796288 ], [ -100.135609385943994, 51.923823480041897 ], [ -100.131258151656994, 51.920232815341997 ], [ -100.135768642217002, 51.912847810573197 ], [ -100.134019120016006, 51.910347056820598 ], [ -100.129128081320005, 51.909809634793305 ], [ -100.134859537604996, 51.907929228886395 ], [ -100.137057094482003, 51.909175821981286 ], [ -100.136743261581998, 51.907973989850099 ], [ -100.139543277811001, 51.907461369051504 ], [ -100.137959729311007, 51.902900004360809 ], [ -100.138066094381998, 51.892154087580991 ], [ -100.132637845320005, 51.8895359730734 ], [ -100.129775335836996, 51.892440784924311 ], [ -100.126954815714001, 51.892391402867403 ], [ -100.12556769032598, 51.890966033206801 ], [ -100.125358376308, 51.885204456222105 ], [ -100.122368584976996, 51.883007605002298 ], [ -100.117547747553999, 51.883417648880219 ], [ -100.117010170577998, 51.875797919654815 ], [ -100.112342980530002, 51.875046384372396 ], [ -100.115086001969004, 51.864666635135293 ], [ -100.112480990955007, 51.859741437425207 ], [ -100.111374653078002, 51.852855352866101 ], [ -100.108271500735981, 51.850951439421102 ], [ -100.097398554958005, 51.851323124575593 ], [ -100.093812125209993, 51.857003234247408 ], [ -100.091209219826993, 51.858052445910303 ], [ -100.091018767796996, 51.854381157943799 ], [ -100.094758502467002, 51.843345217094587 ], [ -100.092300451159005, 51.841349458001098 ], [ -100.088428711598993, 51.841214509271296 ], [ -100.08951334564, 51.83593539546451 ], [ -100.086602359863008, 51.832280266595312 ], [ -100.088616728044997, 51.827644451029002 ], [ -100.087721543342994, 51.823615501598013 ], [ -100.090942584226994, 51.823005706856591 ], [ -100.091605470755994, 51.821916066036302 ], [ -100.093157073482999, 51.82247711701401 ], [ -100.092629204668995, 51.823448621247806 ], [ -100.094039371592004, 51.824757278645208 ], [ -100.093290934085005, 51.822911966061795 ], [ -100.096066280342995, 51.81888935677491 ], [ -100.093480494771001, 51.816058588084395 ], [ -100.094714374218995, 51.815489627309702 ], [ -100.096849578673996, 51.813505059532005 ], [ -100.094043516004007, 51.815644232376606 ], [ -100.091990844918996, 51.813550278848602 ], [ -100.088777075839005, 51.82316064939149 ], [ -100.088248084724995, 51.82017583377641 ], [ -100.084022497464005, 51.818218721915287 ], [ -100.086515941341005, 51.805468061535109 ], [ -100.085314954756001, 51.801662201861497 ], [ -100.082302251018007, 51.799707314455709 ], [ -100.084988047774999, 51.798617051462017 ], [ -100.086392074041001, 51.795488480402504 ], [ -100.084150629381995, 51.791818096208402 ], [ -100.079386007492005, 51.789330784291906 ], [ -100.081678120315999, 51.786958399413102 ], [ -100.080771673803994, 51.786036098727408 ], [ -100.081967051453006, 51.78540018306861 ], [ -100.081356538142984, 51.784726929460803 ], [ -100.082038896992003, 51.784464388711378 ], [ -100.082558013243002, 51.783439055575414 ], [ -100.082499731509017, 51.781609787668117 ], [ -100.080505128564994, 51.786105986208703 ], [ -100.081396538386997, 51.787005948082196 ], [ -100.078993006708998, 51.789266954288216 ], [ -100.081536263260006, 51.79163536660451 ], [ -100.081095227679995, 51.793505190786092 ], [ -100.07584234382, 51.794263714040184 ], [ -100.07378827019798, 51.797222758736204 ], [ -100.071400283708982, 51.7965072285348 ], [ -100.070798461064001, 51.797731078073895 ], [ -100.074483933634994, 51.783477159989104 ], [ -100.075371983699995, 51.773267990742987 ], [ -100.069712510789998, 51.768688913346899 ], [ -100.061865770579985, 51.768112657152408 ], [ -100.060977521544999, 51.767005709879598 ], [ -100.061696419811, 51.766145009532011 ], [ -100.062292742528996, 51.766854460405305 ], [ -100.061517723997994, 51.767176170507717 ], [ -100.061857615443998, 51.767456338446003 ], [ -100.064513396943994, 51.767306434210482 ], [ -100.066478727410995, 51.766146676235316 ], [ -100.061665355648003, 51.767291729025601 ], [ -100.062432286377998, 51.766934124347408 ], [ -100.062990585655001, 51.764173126871292 ], [ -100.064429131617985, 51.763724012215206 ], [ -100.064720528224001, 51.763483093453402 ], [ -100.064619907796015, 51.763209758448802 ], [ -100.064081172862004, 51.762792027464116 ], [ -100.064598545128007, 51.763533652585707 ], [ -100.062942793201998, 51.763989229569013 ], [ -100.062772394012995, 51.764755063322504 ], [ -100.061461572648, 51.764164465024599 ], [ -100.06104887490001, 51.764177182756299 ], [ -100.062391938814002, 51.764906865287507 ], [ -100.060079692184999, 51.766415863699805 ], [ -100.060290418210997, 51.767987506441109 ], [ -100.054858865884995, 51.771848841029197 ], [ -100.055088654351991, 51.765853830603596 ], [ -100.058580183378993, 51.759307965509102 ], [ -100.055635913675005, 51.757630520606007 ], [ -100.055397306486, 51.755164444733424 ], [ -100.046070513434003, 51.761276744595492 ], [ -100.046746307263007, 51.762929692377398 ], [ -100.042602178257994, 51.768285094226904 ], [ -100.045675854837, 51.761442106358899 ], [ -100.044911338521004, 51.758139968048908 ], [ -100.046327761355982, 51.757987996605415 ], [ -100.043936579307001, 51.757024669584212 ], [ -100.042751792211007, 51.753393555222708 ], [ -100.049273892233003, 51.746632202755897 ], [ -100.050990793709005, 51.746648332839584 ], [ -100.050498864722002, 51.746985423785297 ], [ -100.050439902148995, 51.747565915391704 ], [ -100.052069313390007, 51.74849097338079 ], [ -100.052475883355996, 51.748532291739991 ], [ -100.052652532953999, 51.748341884031703 ], [ -100.050636253660002, 51.74760012708191 ], [ -100.051703186674004, 51.746448638525102 ], [ -100.048472612427005, 51.742993218807293 ], [ -100.048746832009002, 51.740135905253418 ], [ -100.052758391919994, 51.737317102667696 ], [ -100.051759048628, 51.731076805748607 ], [ -100.053451896024001, 51.730706469018401 ], [ -100.061658610397998, 51.737039217164515 ], [ -100.062674097723018, 51.737421178748505 ], [ -100.063582567577001, 51.736945390664395 ], [ -100.055035770955001, 51.731254242335098 ], [ -100.055221441604999, 51.725547322253398 ], [ -100.051775203627997, 51.726158186044408 ], [ -100.052472068216005, 51.724056872617695 ], [ -100.050649164811006, 51.72317850833069 ], [ -100.052971294344999, 51.720617556174389 ], [ -100.047274533042994, 51.721243939776407 ], [ -100.046925553221996, 51.72399852009579 ], [ -100.0452151458, 51.724854473452204 ], [ -100.049237396072996, 51.725672841135804 ], [ -100.050824275074007, 51.726360015919504 ], [ -100.042344643557996, 51.725949986925208 ], [ -100.038457546144997, 51.727234252396904 ], [ -100.041838052472997, 51.715564532176003 ], [ -100.038129524788999, 51.711155985182899 ], [ -100.297740661458008, 51.710997810202208 ], [ -100.652131181194989, 51.71129621611351 ], [ -100.652371293854983, 51.725809670760796 ], [ -100.699653135931996, 51.725660495469207 ], [ -100.699452254416997, 51.740096473547808 ], [ -100.676104083664015, 51.740316476947505 ], [ -100.676054390776017, 51.754854224563807 ], [ -100.652194574787998, 51.754850395772202 ], [ -100.651666165259016, 51.885769872197102 ], [ -100.723107495567007, 51.885345601619491 ], [ -100.722874285314006, 51.970864131083701 ], [ -100.751590236661997, 51.970786886971524 ], [ -100.751627261906989, 52.230926416736999 ], [ -100.608701748071994, 52.230752467248401 ], [ -100.608826331277996, 52.056225839563297 ], [ -100.465510067235016, 52.056133439745686 ] ] ], [ [ [ -100.776729949455003, 52.667409742169795 ], [ -100.776390417453015, 52.637214847559697 ], [ -100.820219403147988, 52.612774551261502 ], [ -100.821497682586013, 52.6092303411735 ], [ -100.833807519613018, 52.600197474174607 ], [ -100.834882534526002, 52.595357015296301 ], [ -100.831804996244998, 52.593080428474607 ], [ -100.831848781199994, 52.59041384428501 ], [ -100.860762350273006, 52.571229578942898 ], [ -100.867393550100005, 52.558676650314418 ], [ -100.867231315412994, 52.553293391321596 ], [ -100.863700266072016, 52.552292562174692 ], [ -100.864796105718, 52.542479216538204 ], [ -100.855591021899997, 52.538919468085105 ], [ -100.854376638044002, 52.529349215392408 ], [ -100.852029365416996, 52.530676237667016 ], [ -100.850580852671996, 52.529160876718393 ], [ -100.847107759639002, 52.529171737127101 ], [ -100.844675532240018, 52.533389606153797 ], [ -100.841447773525005, 52.53482904124629 ], [ -100.843810544977003, 52.534562970937408 ], [ -100.845255230834994, 52.537192899985804 ], [ -100.836736559494, 52.543830651915805 ], [ -100.831008616988981, 52.54440044597051 ], [ -100.82830202436601, 52.544037680659805 ], [ -100.830943437488003, 52.541771493412611 ], [ -100.828245499239983, 52.538774137007792 ], [ -100.83048250153, 52.534414727966009 ], [ -100.829764428493988, 52.529026168792797 ], [ -100.860192787463006, 52.528695612445304 ], [ -100.877791639094013, 52.511391800617517 ], [ -100.876887357892002, 52.497587482898403 ], [ -100.845954441342002, 52.49832311147361 ], [ -100.841273293835997, 52.490122144041393 ], [ -100.823659064685998, 52.480479280985506 ], [ -100.822984655115903, 52.318210273496739 ], [ -101.094272753670239, 52.318212017071325 ], [ -101.203972245957004, 52.318011387663702 ], [ -101.205655921913618, 52.318014823806372 ], [ -101.223373209900686, 52.318049326377079 ], [ -101.218662811900003, 52.321452558403891 ], [ -101.206516485769001, 52.325326451707703 ], [ -101.206718631794999, 52.332746235375815 ], [ -101.158811683256999, 52.332855050589302 ], [ -101.158924707450993, 52.347326681570308 ], [ -101.134969268524998, 52.347398030931714 ], [ -101.134951028948009, 52.391200263375502 ], [ -101.122870326352, 52.3912298069109 ], [ -101.123046993423003, 52.4055854731347 ], [ -101.111204058949994, 52.405623820000599 ], [ -101.111430371677997, 52.478635011374408 ], [ -101.087179004019006, 52.478544703358608 ], [ -101.087074208009, 52.522055483670584 ], [ -101.099067321161016, 52.521944555702099 ], [ -101.099068244033006, 52.529370439397105 ], [ -101.099017475948003, 52.536670269092397 ], [ -101.087063467052019, 52.536726522700988 ], [ -101.086826664653998, 52.638376709044486 ], [ -101.110536599737998, 52.638459426975608 ], [ -101.110832698638006, 52.653093354343611 ], [ -101.139576531244998, 52.652901144105904 ], [ -101.139652449427999, 52.667625389344309 ], [ -101.163742686776004, 52.667479460378999 ], [ -101.163474948475013, 52.732906342226308 ], [ -101.187199932276997, 52.732889544540697 ], [ -101.187668994473015, 52.754340435910088 ], [ -101.115353792462997, 52.754459069033814 ], [ -101.115252186423007, 52.842020401822701 ], [ -100.946115114256997, 52.841802104486497 ], [ -100.945619494742004, 52.667195028900785 ], [ -100.776729949455003, 52.667409742169795 ] ] ] ] } },
{ "type": "Feature", "properties": { "OBJECTID": 11, "MUNI_NO": 608, "MUNI_NAME": "LGD OF MYSTERY LAKE", "MUNI_TYPE": "LGD", "MUNI_LIST_NAME": "MYSTERY LAKE", "MUNI_LIST_NAME_WITH_TYPE": "MYSTERY LAKE (LGD)", "Shape__Area": 11641376262.890625, "Shape__Length": 865417.11094577576 }, "geometry": { "type": "Polygon", "coordinates": [ [ [ -97.322822435536096, 55.951757135575313 ], [ -97.329973667351197, 55.944997608571811 ], [ -97.3347696656907, 55.943858337557501 ], [ -97.342389112162294, 55.945187750232698 ], [ -97.3607446273531, 55.941546722406699 ], [ -97.373117488149603, 55.934085782075513 ], [ -97.380301309006398, 55.931817030867698 ], [ -97.394302316421403, 55.930872645458102 ], [ -97.405477274542207, 55.927692772452488 ], [ -97.419485738829806, 55.927644171669598 ], [ -97.442595441874488, 55.918350165027206 ], [ -97.462700484824097, 55.914067883431692 ], [ -97.462682774693704, 55.547733360664509 ], [ -97.385004422169899, 55.547757292162302 ], [ -97.385119104376713, 55.416707471763203 ], [ -97.616548257077497, 55.416911106421608 ], [ -97.616548204338201, 55.460505351819016 ], [ -97.860517328256407, 55.460546107913999 ], [ -97.772898809446289, 55.523298443695303 ], [ -97.773104998648094, 55.562280193508684 ], [ -97.928320877575501, 55.562460574653905 ], [ -97.928316168093303, 55.533291719740603 ], [ -97.997925303690195, 55.533340057581505 ], [ -98.057581566820204, 55.495926864502195 ], [ -98.096035548100105, 55.513265682430308 ], [ -98.109267574858904, 55.508085578814502 ], [ -98.109276616438393, 55.497125627398404 ], [ -98.083548799390798, 55.497069756534998 ], [ -98.083548233697201, 55.460524384922394 ], [ -98.078165217930419, 55.460521061701108 ], [ -98.0781648389857, 55.402417690016996 ], [ -97.989593499631198, 55.402236288016603 ], [ -97.960669016901704, 55.408028872218097 ], [ -97.955794562512111, 55.415993769653198 ], [ -97.924287121187305, 55.428801431000906 ], [ -97.924285714884107, 55.2859890877967 ], [ -98.078163706566215, 55.285989520853697 ], [ -98.078162878375593, 55.198712929535695 ], [ -98.232023032082097, 55.198709261195702 ], [ -98.232022360461599, 55.11152425260169 ], [ -98.488697023475297, 55.111551869477701 ], [ -98.488508480241293, 55.12632249259709 ], [ -98.514054336377299, 55.126306060684698 ], [ -98.514235081000592, 55.111544273315786 ], [ -98.693622085290301, 55.111559238961604 ], [ -98.693624211443705, 55.285984145463601 ], [ -98.539763586363719, 55.285986492432599 ], [ -98.539765610833882, 55.460503046894893 ], [ -98.238780465890201, 55.460525875396002 ], [ -98.238782745788995, 55.634963198486098 ], [ -98.116339987890782, 55.634985967530596 ], [ -98.101573430282002, 55.645658442503688 ], [ -98.099271474647495, 55.648602416774793 ], [ -98.098255734170607, 55.65490302354371 ], [ -98.094388200325, 55.658760936304404 ], [ -98.093674660871514, 55.661685043878308 ], [ -98.086259657313093, 55.666698095190291 ], [ -98.0867697415908, 55.670736623703213 ], [ -98.083563782182296, 55.673950990540504 ], [ -98.083564688167499, 55.809484042901893 ], [ -98.089161096871194, 55.809486900400501 ], [ -98.089161367155995, 55.896726181582608 ], [ -98.024578800826518, 55.89675587297409 ], [ -98.023786672515499, 55.908823027780201 ], [ -98.018755882788696, 55.914709037537897 ], [ -98.014025657790583, 55.917443313589885 ], [ -98.017684790357904, 55.919660523084893 ], [ -98.015713639273201, 55.920799429075998 ], [ -98.005287145052918, 55.919987857525406 ], [ -98.005234753804501, 55.917965669228614 ], [ -98.002016272748904, 55.917319637441203 ], [ -97.998827979225695, 55.917792470625997 ], [ -97.991351629631197, 55.922799330826386 ], [ -97.985778037365492, 55.923966621522119 ], [ -97.968170609164801, 55.924103536486697 ], [ -97.964129800730404, 55.922564444992304 ], [ -97.959366788054098, 55.92417314710741 ], [ -97.949680742732696, 55.920878592904792 ], [ -97.939645107968403, 55.919606510682307 ], [ -97.93448108070649, 55.921219800656296 ], [ -97.928981555399503, 55.9255301349748 ], [ -97.921372172303705, 55.925364901583997 ], [ -97.917417996930695, 55.927414881263893 ], [ -97.913341766331797, 55.924301411739798 ], [ -97.913442338951498, 55.928570491640507 ], [ -97.906175433306203, 55.925927292670607 ], [ -97.908692642454596, 55.93085119399651 ], [ -97.902283089708305, 55.930673123419403 ], [ -97.903963101565097, 55.934030660189599 ], [ -97.902154694271005, 55.942362221920689 ], [ -97.897043301684704, 55.946440983543191 ], [ -97.892674960572606, 55.948046188681602 ], [ -97.888654900442205, 55.947403466524698 ], [ -97.885893607403503, 55.949220597009408 ], [ -97.882228071260698, 55.946550103119307 ], [ -97.877084016984298, 55.949284395203904 ], [ -97.871868489223402, 55.948868355227106 ], [ -97.866377481250098, 55.954079060900099 ], [ -97.854332825785306, 55.952813017084615 ], [ -97.849145966413104, 55.953748531517206 ], [ -97.843505104689498, 55.952213164506901 ], [ -97.83238368614029, 55.956560720100207 ], [ -97.825304029424288, 55.962675599160498 ], [ -97.820115325178307, 55.9636099745941 ], [ -97.814205683119397, 55.968365115777502 ], [ -97.804636181722501, 55.970676357123814 ], [ -97.809519963744108, 55.974241525525109 ], [ -97.808530720115911, 55.984023612029908 ], [ -97.207456894420901, 55.984029970093296 ], [ -97.226076036023898, 55.982084442181694 ], [ -97.2272565344052, 55.978484330621406 ], [ -97.225632896552, 55.974893285356501 ], [ -97.228813298488802, 55.970616488225417 ], [ -97.241228152414806, 55.9694732667609 ], [ -97.272418983617982, 55.960415682104205 ], [ -97.300032183578793, 55.956755811033908 ], [ -97.322822435536096, 55.951757135575313 ] ], [ [ -97.883906135060897, 55.755198610069392 ], [ -97.888824967110097, 55.753017814938715 ], [ -97.889439325033806, 55.749200297002496 ], [ -97.895044884217299, 55.744630738076317 ], [ -97.866243169337096, 55.733007300652403 ], [ -97.890116460815904, 55.742210134211199 ], [ -97.898045030048593, 55.736723836536207 ], [ -97.868974229164095, 55.725720422553998 ], [ -97.860076141436394, 55.731397297438001 ], [ -97.855438524266603, 55.729045944920102 ], [ -97.85492973528801, 55.730847389043902 ], [ -97.838384706604103, 55.739561251823503 ], [ -97.834583849713994, 55.738152824930495 ], [ -97.831242282192093, 55.73759872940439 ], [ -97.830370286832306, 55.738314559272411 ], [ -97.828264755370697, 55.736416375946902 ], [ -97.819481283681299, 55.74182260717329 ], [ -97.823700988262203, 55.743950859894703 ], [ -97.832985465399005, 55.738341275962917 ], [ -97.8380942130851, 55.73971549050691 ], [ -97.8295575135717, 55.744247971567511 ], [ -97.833948980773698, 55.748215887458592 ], [ -97.832365617416301, 55.748151673491101 ], [ -97.829276791381503, 55.744547289913697 ], [ -97.8208792768949, 55.749002144895094 ], [ -97.821464320169, 55.752387171911501 ], [ -97.822901443065604, 55.752575707803004 ], [ -97.830940395087495, 55.749383966366892 ], [ -97.828759816700696, 55.751205780693503 ], [ -97.830060426341205, 55.752505596541297 ], [ -97.823233016204398, 55.756504102934706 ], [ -97.799782070898303, 55.780672914659398 ], [ -97.792727589267201, 55.785724596096799 ], [ -97.81713174124171, 55.794963599835896 ], [ -97.864725003885084, 55.754995802220506 ], [ -97.865601280790713, 55.754257897612398 ], [ -97.883906135060897, 55.755198610069392 ] ] ] } },
{ "type": "Feature", "properties": { "OBJECTID": 170, "MUNI_NO": 788, "MUNI_NAME": "NATIONAL MILLS-NORTHERN AFFAIRS ACT", "MUNI_TYPE": "NORTHERN COMMUNITY", "MUNI_LIST_NAME": "NATIONAL MILLS", "MUNI_LIST_NAME_WITH_TYPE": "NATIONAL MILLS (NORTHERN COMMUNITY)", "Shape__Area": 7172759.2578125, "Shape__Length": 10712.947490392839 }, "geometry": { "type": "Polygon", "coordinates": [ [ [ -101.562874047736003, 52.834362615206402 ], [ -101.562867728892996, 52.8198988953515 ], [ -101.587045941265004, 52.819916505423798 ], [ -101.587058038701002, 52.834379179293606 ], [ -101.562874047736003, 52.834362615206402 ] ] ] } },
{ "type": "Feature", "properties": { "OBJECTID": 77, "MUNI_NO": 437, "MUNI_NAME": "TOWN OF NEEPAWA", "MUNI_TYPE": "TOWN", "MUNI_LIST_NAME": "NEEPAWA", "MUNI_LIST_NAME_WITH_TYPE": "NEEPAWA (TOWN)", "Shape__Area": 43313569.71875, "Shape__Length": 31656.333287683232 }, "geometry": { "type": "Polygon", "coordinates": [ [ [ -99.431942145873023, 50.226456297724866 ], [ -99.43196865049201, 50.22645635648847 ], [ -99.431969050293404, 50.226456357374794 ], [ -99.431989267831, 50.226113994548598 ], [ -99.431989214782703, 50.226108121828005 ], [ -99.431880629969896, 50.21128094958322 ], [ -99.431880576962897, 50.2112750768474 ], [ -99.489742680402898, 50.210669676493794 ], [ -99.48974258399187, 50.210675550865723 ], [ -99.489607715868914, 50.218901127118855 ], [ -99.489607619734201, 50.218906982459494 ], [ -99.494718215449197, 50.219468148638207 ], [ -99.494717998895425, 50.219482078445878 ], [ -99.494614582137601, 50.226143123141213 ], [ -99.489489315468802, 50.2261120900733 ], [ -99.488650952714366, 50.240431647455253 ], [ -99.488650608791303, 50.240437519873318 ], [ -99.492672623198104, 50.240433967588338 ], [ -99.493058586156167, 50.240434181676981 ], [ -99.492687185288602, 50.240701290127092 ], [ -99.493061015827209, 50.247562463811903 ], [ -99.470011618533519, 50.247713277629401 ], [ -99.43518453872278, 50.247678476116903 ], [ -99.4349259311564, 50.24042999391591 ], [ -99.431266236175105, 50.2404297948829 ], [ -99.431266183188697, 50.240423922176397 ], [ -99.431542969257904, 50.23367056207541 ], [ -99.431542675905192, 50.233670560719922 ], [ -99.419434803830072, 50.233608002463917 ], [ -99.419434547290507, 50.233608001247191 ], [ -99.419699588587804, 50.2260235720533 ], [ -99.419699537048899, 50.226017699323208 ], [ -99.42976015150731, 50.226451435706508 ], [ -99.430627943999312, 50.226991392669014 ], [ -99.431865236707424, 50.228096121082409 ], [ -99.431871905145499, 50.228102043471416 ], [ -99.431871831078794, 50.228096170830902 ], [ -99.431936875843292, 50.227001194987089 ], [ -99.431939460919395, 50.226957408313808 ], [ -99.431939407875703, 50.226951535594097 ], [ -99.431942145873023, 50.226456297724866 ] ] ] } },
{ "type": "Feature", "properties": { "OBJECTID": 45, "MUNI_NO": 706, "MUNI_NAME": "INCORPORATED COMMUNITY OF NELSON HOUSE", "MUNI_TYPE": "NORTHERN COMMUNITY", "MUNI_LIST_NAME": "NELSON HOUSE ", "MUNI_LIST_NAME_WITH_TYPE": "NELSON HOUSE  (NORTHERN COMMUNITY)", "Shape__Area": 9708998.546875, "Shape__Length": 24823.261355677674 }, "geometry": { "type": "Polygon", "coordinates": [ [ [ -98.846047398172203, 55.825416955819584 ], [ -98.8571912137091, 55.826161995301703 ], [ -98.855543053078307, 55.83275950031301 ], [ -98.856554667921102, 55.834794200793297 ], [ -98.852135904966303, 55.843569583243806 ], [ -98.850248476147797, 55.844793807472591 ], [ -98.829827817670903, 55.840355558153504 ], [ -98.822166835293501, 55.833894185119391 ], [ -98.826039054851805, 55.831845763687092 ], [ -98.835384978399006, 55.832365715260103 ], [ -98.828016105138204, 55.829682514741712 ], [ -98.83488697179591, 55.828317389561498 ], [ -98.830666053044396, 55.825995867432603 ], [ -98.832243508247799, 55.822795657457604 ], [ -98.836128574708894, 55.822089642710701 ], [ -98.842020343660096, 55.8244871722613 ], [ -98.841536420278203, 55.82674563219809 ], [ -98.84392796951046, 55.828182524252504 ], [ -98.847784420191005, 55.82671216115029 ], [ -98.846047398172203, 55.825416955819584 ] ], [ [ -98.843324957913509, 55.828412414293517 ], [ -98.840508161972906, 55.828349213217393 ], [ -98.841494593466095, 55.831204379652497 ], [ -98.838666190562094, 55.832525322168401 ], [ -98.840241546908217, 55.837439748605711 ], [ -98.842309128198494, 55.836808561203505 ], [ -98.841283737328894, 55.835064143899118 ], [ -98.843247434906701, 55.833327517110995 ], [ -98.846260758595093, 55.832786638840105 ], [ -98.853068479750206, 55.834437821579307 ], [ -98.854699658425716, 55.833158324428894 ], [ -98.851424280781302, 55.832528649322199 ], [ -98.844578866353999, 55.828573568514415 ], [ -98.843324957913509, 55.828412414293517 ] ] ] } },
{ "type": "Feature", "properties": { "OBJECTID": 26, "MUNI_NO": 340, "MUNI_NAME": "TOWN OF NIVERVILLE", "MUNI_TYPE": "TOWN", "MUNI_LIST_NAME": "NIVERVILLE", "MUNI_LIST_NAME_WITH_TYPE": "NIVERVILLE (TOWN)", "Shape__Area": 24587574.62890625, "Shape__Length": 29471.136039817055 }, "geometry": { "type": "Polygon", "coordinates": [ [ [ -97.071628719965005, 49.591062920954187 ], [ -97.071683818987097, 49.620812773032803 ], [ -97.049032090389929, 49.620737183527048 ], [ -97.049022582171105, 49.620559501944918 ], [ -97.049002156864006, 49.613321048013191 ], [ -97.037280279655405, 49.613319440132393 ], [ -97.037259554606905, 49.60968781400959 ], [ -97.026119551767707, 49.60967235824851 ], [ -97.026119633472803, 49.609679314074299 ], [ -97.026192387662903, 49.620535562516395 ], [ -97.026192452724203, 49.620547555526102 ], [ -97.013229303912397, 49.620535044624305 ], [ -97.013229249314307, 49.620521340825917 ], [ -97.013200452664407, 49.613287949143711 ], [ -97.025735241264599, 49.613306402819603 ], [ -97.025696173164306, 49.60616005667719 ], [ -97.014564770925006, 49.606136648478703 ], [ -97.014541805807298, 49.602147307273697 ], [ -97.025674603144097, 49.602170689999809 ], [ -97.025621358310204, 49.591297135063598 ], [ -97.048935809739959, 49.591181149883781 ], [ -97.048935546964614, 49.591045519962883 ], [ -97.071628719965005, 49.591062920954187 ] ] ] } },
{ "type": "Feature", "properties": { "OBJECTID": 154, "MUNI_NO": 188, "MUNI_NAME": "MUNICIPALITY OF NORFOLK TREHERNE", "MUNI_TYPE": "MUNICIPALITY", "MUNI_LIST_NAME": "NORFOLK TREHERNE", "MUNI_LIST_NAME_WITH_TYPE": "NORFOLK TREHERNE (MUNICIPALITY)", "Shape__Area": 1778172217.8867188, "Shape__Length": 175248.21970968368 }, "geometry": { "type": "Polygon", "coordinates": [ [ [ -98.544717031013164, 49.532855081598363 ], [ -98.544717031575104, 49.532855081603294 ], [ -98.544824165240598, 49.539975336855512 ], [ -98.567685675279904, 49.539938117888696 ], [ -98.567681256619821, 49.532509574050906 ], [ -98.732924059605907, 49.53234460466561 ], [ -98.732927307792792, 49.532717080495978 ], [ -98.733439415903007, 49.591363978598103 ], [ -98.744534647892195, 49.591229431802297 ], [ -98.744546909896997, 49.620801100038094 ], [ -98.779081443413205, 49.620778606854891 ], [ -98.779540185353, 49.798235215802301 ], [ -98.772578971804592, 49.798250411769473 ], [ -98.551579117681086, 49.798476495913924 ], [ -98.4150905924309, 49.798367851378501 ], [ -98.415090369942959, 49.798196676677108 ], [ -98.414860853244292, 49.620908548381784 ], [ -98.414745957753595, 49.531625965623242 ], [ -98.414745884826303, 49.531569182068694 ], [ -98.544717031013164, 49.532855081598363 ] ] ] } },
{ "type": "Feature", "properties": { "OBJECTID": 67, "MUNI_NO": 155, "MUNI_NAME": "MUNICIPALITY OF NORTH CYPRESS-LANGFORD", "MUNI_TYPE": "MUNICIPALITY", "MUNI_LIST_NAME": "NORTH CYPRESS-LANGFORD", "MUNI_LIST_NAME_WITH_TYPE": "NORTH CYPRESS-LANGFORD (MUNICIPALITY)", "Shape__Area": 4283137950.71875, "Shape__Length": 331908.07715175947 }, "geometry": { "type": "MultiPolygon", "coordinates": [ [ [ [ -99.660409732921394, 50.234552491848667 ], [ -99.660409534970881, 50.240385491652205 ], [ -99.493058586156167, 50.240434181676981 ], [ -99.492672623198104, 50.240433967588338 ], [ -99.488650608791303, 50.240437519873318 ], [ -99.488650952714366, 50.240431647455253 ], [ -99.489489315468802, 50.2261120900733 ], [ -99.494614582137601, 50.226143123141213 ], [ -99.494717998895425, 50.219482078445878 ], [ -99.494718215449197, 50.219468148638207 ], [ -99.489607619734201, 50.218906982459494 ], [ -99.489607715868914, 50.218901127118855 ], [ -99.48974258399187, 50.210675550865723 ], [ -99.489742680402898, 50.210669676493794 ], [ -99.431880576962897, 50.2112750768474 ], [ -99.431880629969896, 50.21128094958322 ], [ -99.431989214782703, 50.226108121828005 ], [ -99.431989267831, 50.226113994548598 ], [ -99.431969050293404, 50.226456357374794 ], [ -99.43196865049201, 50.22645635648847 ], [ -99.431942145873023, 50.226456297724866 ], [ -99.431939407875703, 50.226951535594097 ], [ -99.431939460919395, 50.226957408313808 ], [ -99.431936875843292, 50.227001194987089 ], [ -99.430823821650392, 50.226698396588631 ], [ -99.430627943999312, 50.226991392669014 ], [ -99.42976015150731, 50.226451435706508 ], [ -99.419699537048899, 50.226017699323208 ], [ -99.419699588587804, 50.2260235720533 ], [ -99.419434547290507, 50.233608001247191 ], [ -99.419434803830072, 50.233608002463917 ], [ -99.431542675905192, 50.233670560719922 ], [ -99.431542969257904, 50.23367056207541 ], [ -99.431266183188697, 50.240423922176397 ], [ -99.425569855946591, 50.240429544499229 ], [ -99.400578573369998, 50.240424016571609 ], [ -99.275868174646959, 50.240460020906212 ], [ -99.2480501024218, 50.24044666109711 ], [ -99.248050318251202, 50.240440788483816 ], [ -99.249155467356616, 50.210342868916726 ], [ -99.249155475309806, 50.210342652217697 ], [ -99.248158611369803, 50.06352658556051 ], [ -99.248158581070697, 50.063520712562699 ], [ -99.110691123570689, 50.063428656364756 ], [ -99.110729075920446, 49.886575253009426 ], [ -99.110729077176302, 49.886569379736009 ], [ -99.098013625967198, 49.886618855315611 ], [ -99.098013631238871, 49.886612982033355 ], [ -99.098013642732496, 49.88660017673466 ], [ -99.098093031760797, 49.797974088995502 ], [ -99.098310272416299, 49.753656780004299 ], [ -99.234468021626299, 49.753522602694886 ], [ -99.234467829354898, 49.753533689644698 ], [ -99.234453192861395, 49.797819236172806 ], [ -99.234453056377006, 49.797827805397013 ], [ -99.643750640788596, 49.797828773977599 ], [ -99.643746870274498, 49.886624768517194 ], [ -99.643746950164498, 49.886624768573533 ], [ -99.66042144475793, 49.886658075104613 ], [ -99.660421251349078, 49.892447953668906 ], [ -99.660413142924398, 50.063415380142992 ], [ -99.660409732921394, 50.234552491848667 ] ], [ [ -99.3706579974736, 49.873214265143304 ], [ -99.375042308128002, 49.873329288063509 ], [ -99.375074113419913, 49.870194316422307 ], [ -99.382258251474397, 49.870757010803409 ], [ -99.382262389727302, 49.867490450100007 ], [ -99.370658320981619, 49.866223015615809 ], [ -99.370658359186606, 49.864416049704815 ], [ -99.349352758594705, 49.862698680760211 ], [ -99.349423761477695, 49.869201592388883 ], [ -99.346076429473797, 49.869216517086599 ], [ -99.346022614019802, 49.864507897227909 ], [ -99.314828517207204, 49.861981891142506 ], [ -99.314862930770204, 49.871194194487416 ], [ -99.349442670512701, 49.870933102605001 ], [ -99.349393729406501, 49.874028852438009 ], [ -99.360524625004402, 49.880058445018904 ], [ -99.370648738334296, 49.880246474926416 ], [ -99.3706579974736, 49.873214265143304 ] ] ], [ [ [ -99.431871905145499, 50.228102043471416 ], [ -99.431865236707424, 50.228096121082409 ], [ -99.431871831078794, 50.228096170830902 ], [ -99.431871905145499, 50.228102043471416 ] ] ] ] } },
{ "type": "Feature", "properties": { "OBJECTID": 176, "MUNI_NO": 156, "MUNI_NAME": "MUNICIPALITY OF NORTH NORFOLK", "MUNI_TYPE": "MUNICIPALITY", "MUNI_LIST_NAME": "NORTH NORFOLK", "MUNI_LIST_NAME_WITH_TYPE": "NORTH NORFOLK (MUNICIPALITY)", "Shape__Area": 2806564892.4335938, "Shape__Length": 216398.66700608321 }, "geometry": { "type": "Polygon", "coordinates": [ [ [ -98.772578971804592, 49.798250411769473 ], [ -98.779540185353, 49.798235215802301 ], [ -99.098093031760797, 49.797974088995502 ], [ -99.098013642732496, 49.88660017673466 ], [ -99.098013631238871, 49.886612982033355 ], [ -99.098013625967198, 49.886618855315611 ], [ -99.110729077176302, 49.886569379736009 ], [ -99.110729075920446, 49.886575253009426 ], [ -99.110691123570689, 50.063428656364756 ], [ -99.1106911223048, 50.063434529386704 ], [ -98.560813212960568, 50.063486132335377 ], [ -98.5601917890435, 50.063484459576593 ], [ -98.560525138748801, 49.886789381485613 ], [ -98.55150947168282, 49.886794983924702 ], [ -98.551579117681086, 49.798476495913924 ], [ -98.772578971804592, 49.798250411769473 ] ] ] } },
{ "type": "Feature", "properties": { "OBJECTID": 180, "MUNI_NO": 710, "MUNI_NAME": "NORWAY HOUSE-NORTHERN AFFAIRS ACT", "MUNI_TYPE": "NORTHERN COMMUNITY", "MUNI_LIST_NAME": "NORWAY HOUSE", "MUNI_LIST_NAME_WITH_TYPE": "NORWAY HOUSE (NORTHERN COMMUNITY)", "Shape__Area": 612188629.1796875, "Shape__Length": 137865.73792115273 }, "geometry": { "type": "Polygon", "coordinates": [ [ [ -97.788985039131916, 54.031933816789 ], [ -97.786893166126205, 54.027931065227392 ], [ -97.783382569630007, 54.009574176074509 ], [ -97.792146295920901, 54.001903929102198 ], [ -97.800328234944701, 53.984866711453897 ], [ -97.835616403574917, 53.963480731049081 ], [ -97.845997713758905, 53.955610621277899 ], [ -97.841703810724098, 53.953367492851704 ], [ -97.845133693909006, 53.951239132178898 ], [ -97.847351951303196, 53.950081172192 ], [ -97.8512398168197, 53.952104293240801 ], [ -97.854367542145511, 53.9479999679195 ], [ -97.862335049126202, 53.943241942044203 ], [ -97.866095413939405, 53.946885297087306 ], [ -97.904039998537186, 53.93343745932642 ], [ -97.898916153866097, 53.928243856029006 ], [ -97.901424826557204, 53.926547624187506 ], [ -97.9094592554126, 53.924547382455408 ], [ -97.914644935812106, 53.929791223130806 ], [ -97.943950494291698, 53.919532579182508 ], [ -97.928897040525101, 53.919825402729295 ], [ -97.9100035717059, 53.923018000005676 ], [ -97.909794558313607, 53.889748083839194 ], [ -97.985481216355794, 53.889683956381511 ], [ -97.990427715067796, 53.877517704240489 ], [ -97.998477709716397, 53.872734297613093 ], [ -98.009871641419394, 53.871452390076414 ], [ -98.025155483061994, 53.872711401387093 ], [ -98.051285734464699, 53.878741775455801 ], [ -98.075138060431897, 53.889114620926797 ], [ -98.083354169236102, 53.895160285550411 ], [ -98.085603068300216, 53.898734681566999 ], [ -98.085397348446904, 53.901886127396914 ], [ -98.078695599976214, 53.907817526610124 ], [ -98.068951021308607, 53.915018541277007 ], [ -98.062329961885396, 53.917149875634692 ], [ -98.063131617991985, 53.918045443135803 ], [ -98.060333123583405, 53.920691509092507 ], [ -98.061677130383501, 53.921833866782009 ], [ -98.058025643937498, 53.925847597892115 ], [ -98.054886631885694, 53.925337857966497 ], [ -98.044389568787494, 53.929135418070601 ], [ -98.043680924679407, 53.936163409308797 ], [ -98.033972248221801, 53.941259880626902 ], [ -98.033199376028705, 53.945053437490998 ], [ -98.029590025144699, 53.947045489893995 ], [ -98.026042021012984, 53.95227178135881 ], [ -98.028549970666901, 53.956415242874598 ], [ -98.056776027433202, 53.976889189163892 ], [ -97.9097602681193, 54.049824662931499 ], [ -97.860357359852699, 54.049867864122504 ], [ -97.860191942528004, 54.035164064804185 ], [ -97.793772678276298, 54.035351464792001 ], [ -97.788985039131916, 54.031933816789 ] ], [ [ -97.835600640297102, 53.965495099222395 ], [ -97.848959477909801, 53.965426692322396 ], [ -97.847926476896006, 53.962721592187798 ], [ -97.838137514094598, 53.96262053748309 ], [ -97.835616403574917, 53.963480731049081 ], [ -97.835600640297102, 53.965495099222395 ] ], [ [ -97.8624441329668, 53.993816308009599 ], [ -97.866189905283903, 53.992337813268001 ], [ -97.864238764317193, 53.996861060304489 ], [ -97.873769828064098, 53.993398934579098 ], [ -97.869661257430309, 53.991861030373009 ], [ -97.861026694263714, 53.992347219617201 ], [ -97.8624441329668, 53.993816308009599 ] ], [ [ -97.832327690347597, 54.018999696219801 ], [ -97.833116257364921, 54.019756690683799 ], [ -97.830624540600695, 54.020331949136398 ], [ -97.834227153767401, 54.020571301943697 ], [ -97.8339206920203, 54.018293070021706 ], [ -97.832327690347597, 54.018999696219801 ] ] ] } },
{ "type": "Feature", "properties": { "OBJECTID": 119, "MUNI_NO": 157, "MUNI_NAME": "MUNICIPALITY OF OAKLAND-WAWANESA", "MUNI_TYPE": "MUNICIPALITY", "MUNI_LIST_NAME": "OAKLAND-WAWANESA", "MUNI_LIST_NAME_WITH_TYPE": "OAKLAND-WAWANESA (MUNICIPALITY)", "Shape__Area": 1382581784.0390625, "Shape__Length": 151814.08719307368 }, "geometry": { "type": "Polygon", "coordinates": [ [ [ -99.644047745732394, 49.532890383318936 ], [ -99.760210547361794, 49.533030294503099 ], [ -99.901470214507398, 49.532685349418905 ], [ -99.959143264235308, 49.532949194325965 ], [ -100.053350118085291, 49.533306965688048 ], [ -100.053358604406398, 49.533306993825832 ], [ -100.053337322314334, 49.543441269284557 ], [ -100.053127021530059, 49.709344392936096 ], [ -100.053126975667979, 49.709380438454502 ], [ -100.052987737075412, 49.709380706925714 ], [ -100.052987547016997, 49.709344079329398 ], [ -99.643939204966017, 49.70931616872344 ], [ -99.643850294467384, 49.70931597721966 ], [ -99.643991572233531, 49.583224383983861 ], [ -99.644012282155444, 49.533160980051157 ], [ -99.644012393994501, 49.532890319723002 ], [ -99.644047745732394, 49.532890383318936 ] ] ] } },
{ "type": "Feature", "properties": { "OBJECTID": 43, "MUNI_NO": 107, "MUNI_NAME": "RM OF OAKVIEW", "MUNI_TYPE": "RM", "MUNI_LIST_NAME": "OAKVIEW", "MUNI_LIST_NAME_WITH_TYPE": "OAKVIEW (RM)", "Shape__Area": 2831838754.65625, "Shape__Length": 219684.39376335597 }, "geometry": { "type": "Polygon", "coordinates": [ [ [ -99.999767364707694, 50.063614214675944 ], [ -100.072809787798988, 50.063504585570897 ], [ -100.485430168031996, 50.063506564231595 ], [ -100.485229876942, 50.240498794484097 ], [ -100.507712299759007, 50.240512111137697 ], [ -100.507639217616003, 50.328726397987502 ], [ -100.330516800201821, 50.329078221826975 ], [ -100.230935629084982, 50.3288608034362 ], [ -99.953917221920591, 50.329015699717225 ], [ -99.953904586008207, 50.240370696265906 ], [ -99.9353648879963, 50.240363165800289 ], [ -99.935485252990389, 50.063666026202235 ], [ -99.999767364707694, 50.063614214675944 ] ] ] } },
{ "type": "Feature", "properties": { "OBJECTID": 126, "MUNI_NO": 789, "MUNI_NAME": "PELICAN RAPIDS-NORTHERN AFFAIRS ACT", "MUNI_TYPE": "NORTHERN COMMUNITY", "MUNI_LIST_NAME": "PELICAN RAPIDS", "MUNI_LIST_NAME_WITH_TYPE": "PELICAN RAPIDS (NORTHERN COMMUNITY)", "Shape__Area": 9083271.390625, "Shape__Length": 16424.840685238138 }, "geometry": { "type": "Polygon", "coordinates": [ [ [ -100.703565255867986, 52.756790447176108 ], [ -100.702472945384002, 52.754884692761003 ], [ -100.705627130655003, 52.756005960225806 ], [ -100.703925081296006, 52.754417789299502 ], [ -100.705436385091019, 52.754018639775616 ], [ -100.705721360599, 52.749505913296289 ], [ -100.694044784653002, 52.748530301812096 ], [ -100.694025482135004, 52.735279600446596 ], [ -100.722262490665983, 52.735229544730892 ], [ -100.722676335228002, 52.743714101148704 ], [ -100.716632914730994, 52.743870365768196 ], [ -100.716639552310994, 52.757047971662303 ], [ -100.715634183389, 52.755930240157703 ], [ -100.703565255867986, 52.756790447176108 ] ] ] } },
{ "type": "Feature", "properties": { "OBJECTID": 137, "MUNI_NO": 161, "MUNI_NAME": "MUNICIPALITY OF PEMBINA", "MUNI_TYPE": "MUNICIPALITY", "MUNI_LIST_NAME": "PEMBINA", "MUNI_LIST_NAME_WITH_TYPE": "PEMBINA (MUNICIPALITY)", "Shape__Area": 2674983669.0625, "Shape__Length": 242863.21346853115 }, "geometry": { "type": "Polygon", "coordinates": [ [ [ -98.267917519092094, 49.177625355341711 ], [ -98.267762321279221, 49.000276207934306 ], [ -98.671860088869593, 49.000151506982291 ], [ -98.672649679723193, 49.177321218903991 ], [ -98.6809667367895, 49.177307684403509 ], [ -98.680731662030794, 49.1994308291601 ], [ -98.703410799656297, 49.19937858126039 ], [ -98.703598325807903, 49.251061367553497 ], [ -98.726097941256, 49.250991416594694 ], [ -98.726531232704801, 49.295375863204022 ], [ -98.737792607995303, 49.295318129226217 ], [ -98.73786363991691, 49.309802113488907 ], [ -98.771973188864195, 49.310235153231098 ], [ -98.772330295215113, 49.324781613709689 ], [ -98.795127493516603, 49.32463573430239 ], [ -98.795210257851394, 49.339353494024891 ], [ -98.817575813071045, 49.339851086125698 ], [ -98.817578667311807, 49.339851149298603 ], [ -98.817366420535393, 49.354574502044905 ], [ -98.409541145082997, 49.354826453251398 ], [ -98.409078518378905, 49.265946089566803 ], [ -98.273339724461479, 49.266159872894512 ], [ -98.2734346637953, 49.177625057133397 ], [ -98.267917519092094, 49.177625355341711 ] ] ] } },
{ "type": "Feature", "properties": { "OBJECTID": 181, "MUNI_NO": 712, "MUNI_NAME": "PIKWITONEI-NORTHERN AFFAIRS ACT", "MUNI_TYPE": "NORTHERN COMMUNITY", "MUNI_LIST_NAME": "PIKWITONEI", "MUNI_LIST_NAME_WITH_TYPE": "PIKWITONEI (NORTHERN COMMUNITY)", "Shape__Area": 23775942.6953125, "Shape__Length": 33744.672054286144 }, "geometry": { "type": "MultiPolygon", "coordinates": [ [ [ [ -97.167975944893996, 55.598157365837416 ], [ -97.167391823336999, 55.600417120802703 ], [ -97.164599932226096, 55.598773087414799 ], [ -97.161093258210286, 55.599851994179005 ], [ -97.160604876634395, 55.598748387822809 ], [ -97.1515142361106, 55.598575406972678 ], [ -97.151761834953902, 55.591347368058713 ], [ -97.139100697551598, 55.591155825795617 ], [ -97.139771092076515, 55.576703553998108 ], [ -97.130850433904385, 55.576566027070292 ], [ -97.130959621897205, 55.569662575332217 ], [ -97.1526455117327, 55.569597888034899 ], [ -97.152469167769496, 55.576898447087608 ], [ -97.178338980323204, 55.577285674642603 ], [ -97.177898338250799, 55.5878143203619 ], [ -97.190843184617592, 55.587807311941283 ], [ -97.190859557226787, 55.589993674668399 ], [ -97.177970967255604, 55.594660846523283 ], [ -97.183848017015805, 55.59406350793742 ], [ -97.187399493169806, 55.597384208823307 ], [ -97.1937489757251, 55.597544164954705 ], [ -97.191822850108906, 55.599569398934904 ], [ -97.194757467420004, 55.601909169938708 ], [ -97.179138122807316, 55.602296497836306 ], [ -97.178314275315103, 55.600716434356805 ], [ -97.174812883920396, 55.600857666462403 ], [ -97.170704736197095, 55.597456218225297 ], [ -97.167975944893996, 55.598157365837416 ] ] ], [ [ [ -97.164283629368697, 55.605999008976994 ], [ -97.164434366709315, 55.602555842441603 ], [ -97.166512564268501, 55.60359982726051 ], [ -97.172373723429303, 55.604914311144114 ], [ -97.164283629368697, 55.605999008976994 ] ] ] ] } },
{ "type": "Feature", "properties": { "OBJECTID": 62, "MUNI_NO": 616, "MUNI_NAME": "LGD OF PINAWA", "MUNI_TYPE": "LGD", "MUNI_LIST_NAME": "PINAWA", "MUNI_LIST_NAME_WITH_TYPE": "PINAWA (LGD)", "Shape__Area": 332654533.6171875, "Shape__Length": 97991.970943992652 }, "geometry": { "type": "Polygon", "coordinates": [ [ [ -95.958118676963394, 50.134531072666 ], [ -96.037185568131903, 50.134327363375888 ], [ -96.037498546897936, 50.134327799005774 ], [ -96.051813549394595, 50.14178799320279 ], [ -96.053527662722601, 50.155784757639609 ], [ -96.060501060295394, 50.160793627143505 ], [ -96.061647378650889, 50.163440234481406 ], [ -96.085971726110699, 50.16343418686639 ], [ -96.083978213437504, 50.165760620385903 ], [ -96.085947178229503, 50.165752011877899 ], [ -96.085972673042406, 50.164457088968 ], [ -96.0972259889881, 50.164491170056088 ], [ -96.097187261838101, 50.194275447440006 ], [ -96.085794946931699, 50.194235108293384 ], [ -96.085815574976905, 50.192562751427403 ], [ -96.066202096706903, 50.192545964348412 ], [ -96.067330450511605, 50.201775464348209 ], [ -96.064929605629203, 50.207216143658009 ], [ -95.9581521678885, 50.207278737828396 ], [ -95.958026609391496, 50.192638563264403 ], [ -95.933427092143603, 50.1925202800672 ], [ -95.934365432016406, 50.194863443989099 ], [ -95.931335471064102, 50.196686423129798 ], [ -95.929902309433501, 50.202482171959502 ], [ -95.926887455307394, 50.203905498778298 ], [ -95.927362688363999, 50.207172216277399 ], [ -95.844585044024001, 50.207063585947793 ], [ -95.844399056464297, 50.158150656300904 ], [ -95.839052468800205, 50.153349577675783 ], [ -95.822039877202499, 50.148931185528411 ], [ -95.822051332022596, 50.131831584417505 ], [ -95.825874552063098, 50.129915897510799 ], [ -95.827985355022093, 50.126705295867097 ], [ -95.844814895187397, 50.117142545306798 ], [ -95.850561890671202, 50.117723405778705 ], [ -95.853869767649201, 50.121718016834322 ], [ -95.859147479936411, 50.123805703945202 ], [ -95.859851319923109, 50.124930390613699 ], [ -95.858075591061194, 50.126462213333809 ], [ -95.859501359367499, 50.128577599562497 ], [ -95.866133068176197, 50.130224609177702 ], [ -95.864500707002804, 50.134413668534307 ], [ -95.890219038962499, 50.13441795488589 ], [ -95.890215521810504, 50.138871874868194 ], [ -95.890470731849092, 50.138722936647042 ], [ -95.894031895281103, 50.136644500632208 ], [ -95.908580021999796, 50.135185738408019 ], [ -95.92281669699932, 50.137367227140501 ], [ -95.922888433920392, 50.137356136625996 ], [ -95.92391456511082, 50.137197490632829 ], [ -95.931402945903599, 50.136039385554504 ], [ -95.931581562820838, 50.135747318042313 ], [ -95.931740834797708, 50.135486879088717 ], [ -95.931348997808016, 50.134468117993684 ], [ -95.936501813188599, 50.12770026161251 ], [ -95.943462329703721, 50.127009110132704 ], [ -95.958033680591896, 50.128132973250793 ], [ -95.958118676963394, 50.134531072666 ] ] ] } },
{ "type": "Feature", "properties": { "OBJECTID": 57, "MUNI_NO": 765, "MUNI_NAME": "PINE DOCK-NORTHERN AFFAIRS ACT", "MUNI_TYPE": "NORTHERN COMMUNITY", "MUNI_LIST_NAME": "PINE DOCK", "MUNI_LIST_NAME_WITH_TYPE": "PINE DOCK (NORTHERN COMMUNITY)", "Shape__Area": 24689893.2265625, "Shape__Length": 36032.546227499508 }, "geometry": { "type": "Polygon", "coordinates": [ [ [ -96.793474225976809, 51.646427684993604 ], [ -96.803058053992402, 51.6396414880411 ], [ -96.809995782867304, 51.639832404364306 ], [ -96.810992263444902, 51.637591338970189 ], [ -96.809094549247007, 51.635006462690498 ], [ -96.810498907959996, 51.627752131691111 ], [ -96.803921287505702, 51.625892267127902 ], [ -96.798602790211021, 51.627724714179095 ], [ -96.799393714708501, 51.629076777882425 ], [ -96.798665830092503, 51.629738881683693 ], [ -96.794812801462797, 51.627827371803207 ], [ -96.786174519253706, 51.6288900396315 ], [ -96.783638824953101, 51.623340958744002 ], [ -96.773399384584295, 51.619169687355495 ], [ -96.772340810815393, 51.614405016232105 ], [ -96.790223768161098, 51.612439839679098 ], [ -96.803813424534695, 51.614036946344207 ], [ -96.806123258282213, 51.61670226882611 ], [ -96.811313913094395, 51.615904530128809 ], [ -96.816145855657098, 51.612225555544903 ], [ -96.818701536803999, 51.613480973877905 ], [ -96.8169863810473, 51.611593993655802 ], [ -96.8189008738387, 51.610111540451697 ], [ -96.829383414318102, 51.610096506258706 ], [ -96.829356456309014, 51.624644274652006 ], [ -96.822015100366499, 51.623080621333706 ], [ -96.819929248101701, 51.62735814154999 ], [ -96.821756378969994, 51.631540914924003 ], [ -96.824352227006514, 51.632264812745206 ], [ -96.824343380462494, 51.638653908573701 ], [ -96.820199468027099, 51.639424092867792 ], [ -96.816535521685594, 51.642458737390207 ], [ -96.818200888387395, 51.644253318094897 ], [ -96.824338011927196, 51.644676550807297 ], [ -96.824340350724185, 51.653818299145598 ], [ -96.792584864089605, 51.653823077478002 ], [ -96.794525896689507, 51.649502611334803 ], [ -96.793474225976809, 51.646427684993604 ] ] ] } },
{ "type": "Feature", "properties": { "OBJECTID": 52, "MUNI_NO": 610, "MUNI_NAME": "RM OF PINEY", "MUNI_TYPE": "RM", "MUNI_LIST_NAME": "PINEY", "MUNI_LIST_NAME_WITH_TYPE": "PINEY (RM)", "Shape__Area": 5756628516.4179688, "Shape__Length": 380702.1513736755 }, "geometry": { "type": "Polygon", "coordinates": [ [ [ -96.374705506957028, 49.266899779050561 ], [ -96.374922188465817, 49.414303011146309 ], [ -95.697560250932099, 49.413747727556085 ], [ -95.697782291449997, 49.17790810619131 ], [ -95.4425299039371, 49.177591924930404 ], [ -95.441476669553595, 49.089589484657203 ], [ -95.306727872740794, 49.089327044468007 ], [ -95.306858286171405, 48.998936538756702 ], [ -96.247695883190303, 49.000026651567715 ], [ -96.247604649444696, 49.178068870837386 ], [ -96.239008248368805, 49.178069966735215 ], [ -96.239723347603103, 49.26674027129711 ], [ -96.374705506957028, 49.266899779050561 ] ] ] } },
{ "type": "Feature", "properties": { "OBJECTID": 29, "MUNI_NO": 162, "MUNI_NAME": "RM OF PIPESTONE", "MUNI_TYPE": "RM", "MUNI_LIST_NAME": "PIPESTONE", "MUNI_LIST_NAME_WITH_TYPE": "PIPESTONE (RM)", "Shape__Area": 2771798020.828125, "Shape__Length": 212745.58132473245 }, "geometry": { "type": "Polygon", "coordinates": [ [ [ -100.872354066064005, 49.532730975064297 ], [ -100.929177321210005, 49.532871930686902 ], [ -101.392575942092009, 49.532599304581709 ], [ -101.417780554345001, 49.532720474972315 ], [ -101.417666155381994, 49.7981479760059 ], [ -100.872387078605001, 49.798173313194006 ], [ -100.872354068925304, 49.532754119156685 ], [ -100.872354066064005, 49.532730975064297 ] ] ] } },
{ "type": "Feature", "properties": { "OBJECTID": 75, "MUNI_NO": 550, "MUNI_NAME": "CITY OF PORTAGE LA PRAIRIE", "MUNI_TYPE": "CITY", "MUNI_LIST_NAME": "PORTAGE LA PRAIRIE", "MUNI_LIST_NAME_WITH_TYPE": "PORTAGE LA PRAIRIE (CITY)", "Shape__Area": 63728653.390625, "Shape__Length": 42936.339567899653 }, "geometry": { "type": "Polygon", "coordinates": [ [ [ -98.333970831609392, 49.974832665596317 ], [ -98.338630886634107, 49.977495433863908 ], [ -98.319139149966546, 49.978198542603081 ], [ -98.319139145445504, 49.978198542765703 ], [ -98.319175982005802, 49.996943985926904 ], [ -98.274142404989803, 49.996801007106605 ], [ -98.274113032256821, 49.989668212520876 ], [ -98.245795034275901, 49.989736274528809 ], [ -98.257187764726595, 49.980628306837005 ], [ -98.259033424800407, 49.952786399679511 ], [ -98.257805055568696, 49.94913470105751 ], [ -98.263971971474902, 49.951175718679693 ], [ -98.268256581960799, 49.948323346701201 ], [ -98.266541984056801, 49.943955737150503 ], [ -98.258508956039293, 49.940228397712708 ], [ -98.257815218658607, 49.938150016847693 ], [ -98.259336392278897, 49.936332099433699 ], [ -98.271563330131215, 49.937359051995905 ], [ -98.284779932414693, 49.935326519489017 ], [ -98.289594949131711, 49.942362489712409 ], [ -98.2953465500931, 49.942677598099998 ], [ -98.298492718332696, 49.946641966912409 ], [ -98.313705390539297, 49.950938232984988 ], [ -98.311152041372196, 49.952565266283123 ], [ -98.305519644172307, 49.950829610831704 ], [ -98.303982502254001, 49.951964465333511 ], [ -98.317913988750107, 49.957598643798107 ], [ -98.320028898182414, 49.961032733830201 ], [ -98.31928837013632, 49.964101536365099 ], [ -98.338761476214501, 49.975220312510004 ], [ -98.333970831609392, 49.974832665596317 ] ] ] } },
{ "type": "Feature", "properties": { "OBJECTID": 17, "MUNI_NO": 163, "MUNI_NAME": "RM OF PORTAGE LA PRAIRIE", "MUNI_TYPE": "RM", "MUNI_LIST_NAME": "PORTAGE LA PRAIRIE", "MUNI_LIST_NAME_WITH_TYPE": "PORTAGE LA PRAIRIE (RM)", "Shape__Area": 5049002825.3476563, "Shape__Length": 385115.86904088338 }, "geometry": { "type": "Polygon", "coordinates": [ [ [ -98.010378199776397, 50.240832499862897 ], [ -98.010367827324401, 50.064827027406203 ], [ -97.973159158724997, 50.066689951932894 ], [ -97.94713610027577, 50.076742410114754 ], [ -97.9502045119645, 50.042842950370996 ], [ -97.950115258417199, 50.04225188265471 ], [ -97.949853452692096, 50.012082111391891 ], [ -97.941371723899906, 50.012089655885397 ], [ -97.941453379782502, 50.026897781688405 ], [ -97.872281855583793, 50.026867144191499 ], [ -97.872830082430497, 49.886262865091609 ], [ -97.868901976084999, 49.886257564300792 ], [ -97.869169734492857, 49.798438094408233 ], [ -98.4150905924309, 49.798367851378501 ], [ -98.551579117681086, 49.798476495913924 ], [ -98.55150947168282, 49.886794983924702 ], [ -98.560525138748801, 49.886789381485613 ], [ -98.5601917890435, 50.063484459576593 ], [ -98.561097576684091, 50.236528206275707 ], [ -98.528303841699, 50.218198420277709 ], [ -98.501383960034403, 50.205436260783095 ], [ -98.4995370566253, 50.202182055163803 ], [ -98.499639611898303, 50.203396163459303 ], [ -98.496408219573496, 50.203535096788599 ], [ -98.450187622339214, 50.191291829896706 ], [ -98.382358396628405, 50.184515911986296 ], [ -98.344474562240521, 50.185117762993499 ], [ -98.321334851642007, 50.187548138376215 ], [ -98.246933331754093, 50.202950380951798 ], [ -98.19967629333, 50.215886945584494 ], [ -98.173823826761605, 50.224349113473679 ], [ -98.125223922673598, 50.244049741868501 ], [ -98.115396737770496, 50.247231130749689 ], [ -98.110404083693396, 50.245894901242799 ], [ -98.107517055621798, 50.250084895578603 ], [ -98.076609783083398, 50.274374175778107 ], [ -98.070929343769393, 50.284662825390306 ], [ -98.071437392801201, 50.286326245785304 ], [ -98.069444420160494, 50.287749320114607 ], [ -98.071138294580308, 50.293037742203701 ], [ -98.062869708832096, 50.298727418731197 ], [ -98.058251393337613, 50.297246590209596 ], [ -98.050279034297503, 50.298171051320388 ], [ -98.014610966790698, 50.307089677699096 ], [ -98.014594395908404, 50.240832077647298 ], [ -98.010378199776397, 50.240832499862897 ] ], [ [ -98.333970831609392, 49.974832665596317 ], [ -98.338761476214501, 49.975220312510004 ], [ -98.31928837013632, 49.964101536365099 ], [ -98.320028898182414, 49.961032733830201 ], [ -98.317913988750107, 49.957598643798107 ], [ -98.303982502254001, 49.951964465333511 ], [ -98.305519644172307, 49.950829610831704 ], [ -98.311152041372196, 49.952565266283123 ], [ -98.313705390539297, 49.950938232984988 ], [ -98.298492718332696, 49.946641966912409 ], [ -98.2953465500931, 49.942677598099998 ], [ -98.289594949131711, 49.942362489712409 ], [ -98.284779932414693, 49.935326519489017 ], [ -98.271563330131215, 49.937359051995905 ], [ -98.259336392278897, 49.936332099433699 ], [ -98.257815218658607, 49.938150016847693 ], [ -98.258508956039293, 49.940228397712708 ], [ -98.266541984056801, 49.943955737150503 ], [ -98.268256581960799, 49.948323346701201 ], [ -98.263971971474902, 49.951175718679693 ], [ -98.257805055568696, 49.94913470105751 ], [ -98.259033424800407, 49.952786399679511 ], [ -98.257187764726595, 49.980628306837005 ], [ -98.245795034275901, 49.989736274528809 ], [ -98.274113032256821, 49.989668212520876 ], [ -98.274142404989803, 49.996801007106605 ], [ -98.319175982005802, 49.996943985926904 ], [ -98.319139145445504, 49.978198542765703 ], [ -98.319139149966546, 49.978198542603081 ], [ -98.338630886634107, 49.977495433863908 ], [ -98.333970831609392, 49.974832665596317 ] ] ] } },
{ "type": "Feature", "properties": { "OBJECTID": 99, "MUNI_NO": 347, "MUNI_NAME": "TOWN OF POWERVIEW - PINE FALLS", "MUNI_TYPE": "TOWN", "MUNI_LIST_NAME": "POWERVIEW-PINE FALLS", "MUNI_LIST_NAME_WITH_TYPE": "POWERVIEW-PINE FALLS (TOWN)", "Shape__Area": 14819778.40625, "Shape__Length": 17478.686136396584 }, "geometry": { "type": "Polygon", "coordinates": [ [ [ -96.216127863886001, 50.555111664546601 ], [ -96.216117536603804, 50.560381214787313 ], [ -96.233751357460704, 50.560221071537008 ], [ -96.233703972775402, 50.576836063926997 ], [ -96.228297680252396, 50.576025488661415 ], [ -96.225044595633705, 50.573780827145406 ], [ -96.217531813731696, 50.574643624251991 ], [ -96.215915711894795, 50.573987078010489 ], [ -96.21452897311039, 50.572602786812922 ], [ -96.213507207990403, 50.571908294539732 ], [ -96.213223536896393, 50.571715477916392 ], [ -96.202148967769702, 50.573335563113403 ], [ -96.185303122527401, 50.56990079824191 ], [ -96.185235352955004, 50.561952415591499 ], [ -96.191317444083296, 50.557306965725203 ], [ -96.191305301770697, 50.555154663780407 ], [ -96.216127863886001, 50.555111664546601 ] ] ] } },
{ "type": "Feature", "properties": { "OBJECTID": 117, "MUNI_NO": 192, "MUNI_NAME": "RM OF PRAIRIE LAKES", "MUNI_TYPE": "RM", "MUNI_LIST_NAME": "PRAIRIE LAKES", "MUNI_LIST_NAME_WITH_TYPE": "PRAIRIE LAKES (RM)", "Shape__Area": 2590846260.7421875, "Shape__Length": 275140.08221036347 }, "geometry": { "type": "Polygon", "coordinates": [ [ [ -99.901580417139996, 49.266660970912191 ], [ -99.901543893685854, 49.355176770474344 ], [ -99.901543893676163, 49.355176793942377 ], [ -99.901470214507398, 49.532685349418905 ], [ -99.760210547361794, 49.533030294503099 ], [ -99.644047745732394, 49.532890383318936 ], [ -99.644012393994501, 49.532890319723002 ], [ -99.644012282155444, 49.533160980051157 ], [ -99.360128031201796, 49.532899166745388 ], [ -99.360127989039853, 49.532843411071035 ], [ -99.359894632332299, 49.222104429641519 ], [ -99.404928157781399, 49.222167542583804 ], [ -99.404908570603396, 49.2367790221194 ], [ -99.442417369998594, 49.237067547551106 ], [ -99.446321237679939, 49.23932605353729 ], [ -99.447693396605402, 49.2401197981197 ], [ -99.450205146242396, 49.243741177550099 ], [ -99.4504126102443, 49.266671122789099 ], [ -99.472686492554104, 49.266706547559792 ], [ -99.472702469160495, 49.277207876925303 ], [ -99.4727080654296, 49.281480680497303 ], [ -99.486871043530996, 49.281494093091908 ], [ -99.488893924023856, 49.282964199045189 ], [ -99.495630958103263, 49.288277278422086 ], [ -99.4970348905333, 49.289384255860909 ], [ -99.496071111955004, 49.303659287229003 ], [ -99.521097838288895, 49.316511211127285 ], [ -99.525520310960204, 49.315753581286309 ], [ -99.526397113600794, 49.317980395087794 ], [ -99.540997935854605, 49.325666809391812 ], [ -99.545033124881499, 49.330919016979394 ], [ -99.549856124928297, 49.330203545234923 ], [ -99.549279795062006, 49.334069706544504 ], [ -99.554224082640502, 49.337392301514697 ], [ -99.558724077119095, 49.34275423310131 ], [ -99.560037659861706, 49.346899134081191 ], [ -99.569003206464899, 49.356678033302096 ], [ -99.573918281047213, 49.367830169457804 ], [ -99.588526630027104, 49.380628714668397 ], [ -99.596316129695694, 49.378789779542508 ], [ -99.592952569735402, 49.382629995092408 ], [ -99.59361499660389, 49.387295046329811 ], [ -99.600930381149595, 49.394525279522789 ], [ -99.603680165675101, 49.400182347192192 ], [ -99.612432114296794, 49.40349597816121 ], [ -99.6218796675509, 49.401763473252295 ], [ -99.631309322789093, 49.395460793126411 ], [ -99.612301895071582, 49.375836780546599 ], [ -99.604713158240202, 49.370933912449217 ], [ -99.592359724612393, 49.356803572432192 ], [ -99.585444698420801, 49.356622918117701 ], [ -99.588532234951401, 49.35514329369169 ], [ -99.630899918226405, 49.355115451591907 ], [ -99.630900061524201, 49.266733806907105 ], [ -99.901559102498496, 49.266661006324902 ], [ -99.901580417139996, 49.266660970912191 ] ] ] } },
{ "type": "Feature", "properties": { "OBJECTID": 111, "MUNI_NO": 403, "MUNI_NAME": "PRAIRIE VIEW MUNICIPALITY", "MUNI_TYPE": "MUNICIPALITY", "MUNI_LIST_NAME": "PRAIRIE VIEW ", "MUNI_LIST_NAME_WITH_TYPE": "PRAIRIE VIEW  (MUNICIPALITY)", "Shape__Area": 4269606856.7421875, "Shape__Length": 283027.43781873066 }, "geometry": { "type": "Polygon", "coordinates": [ [ [ -101.172678879114898, 50.064529048585136 ], [ -101.172894623576994, 50.240644854058694 ], [ -101.200039146498995, 50.240648898276305 ], [ -101.200407556840986, 50.594213188566599 ], [ -101.147925158276962, 50.59431369195044 ], [ -100.950491187872998, 50.594262109949504 ], [ -100.879450524979163, 50.594396654322409 ], [ -100.784919674364005, 50.594254162552296 ], [ -100.784780978756999, 50.328804013027991 ], [ -100.784765531893001, 50.240518349062199 ], [ -100.760156429568994, 50.240517587128508 ], [ -100.760119750101111, 50.064488698784118 ], [ -100.760119555477004, 50.063550908685407 ], [ -101.172677671654995, 50.063539400338406 ], [ -101.172678879114898, 50.064529048585136 ] ] ] } },
{ "type": "Feature", "properties": { "OBJECTID": 148, "MUNI_NO": 766, "MUNI_NAME": "PRINCESS HARBOUR-NORTHERN AFFAIRS ACT", "MUNI_TYPE": "NORTHERN SETTLEMENT", "MUNI_LIST_NAME": "PRINCESS HARBOUR", "MUNI_LIST_NAME_WITH_TYPE": "PRINCESS HARBOUR (NORTHERN SETTLEMENT)", "Shape__Area": 4921468.4609375, "Shape__Length": 22430.652909461223 }, "geometry": { "type": "MultiPolygon", "coordinates": [ [ [ [ -96.861604910504184, 51.855038535038403 ], [ -96.863947331675902, 51.857730622012802 ], [ -96.865066215010899, 51.856281664333594 ], [ -96.8658623674702, 51.856308158536599 ], [ -96.865256483402305, 51.859657226939206 ], [ -96.861312156040299, 51.861620869644817 ], [ -96.859997408092596, 51.859814552010803 ], [ -96.860511050403503, 51.855548542277404 ], [ -96.861604910504184, 51.855038535038403 ] ] ], [ [ [ -96.865749057279999, 51.862399983070212 ], [ -96.866046619184601, 51.864332299947499 ], [ -96.863464267131306, 51.867103531666601 ], [ -96.859962207900793, 51.867112118228391 ], [ -96.860144420106195, 51.862864169354609 ], [ -96.865749057279999, 51.862399983070212 ] ] ], [ [ [ -96.869463031884209, 51.86325013487469 ], [ -96.871669208289916, 51.862254364482297 ], [ -96.873917706882807, 51.859946606270192 ], [ -96.873286197008284, 51.858490000956103 ], [ -96.878265277558995, 51.858905105716204 ], [ -96.882169974797407, 51.862732971105508 ], [ -96.886157216149982, 51.863984939711393 ], [ -96.886323122433396, 51.867914001616001 ], [ -96.880844952466703, 51.867333692751998 ], [ -96.883885085995217, 51.869291257312803 ], [ -96.880748240837406, 51.870631785796597 ], [ -96.883201446433205, 51.872663090545984 ], [ -96.886989646825796, 51.872369913882203 ], [ -96.885744640768905, 51.872781094182209 ], [ -96.887024474681098, 51.8741168006649 ], [ -96.871799062292794, 51.874336059827002 ], [ -96.871770666002504, 51.867109618792597 ], [ -96.866420955158404, 51.867109034963391 ], [ -96.867801863630703, 51.865881582954508 ], [ -96.867791913525494, 51.86197939610669 ], [ -96.869055074627198, 51.861592821110001 ], [ -96.869463031884209, 51.86325013487469 ] ] ] ] } },
{ "type": "Feature", "properties": { "OBJECTID": 128, "MUNI_NO": 792, "MUNI_NAME": "RED DEER LAKE-NORTHERN AFFAIRS ACT", "MUNI_TYPE": "NORTHERN COMMUNITY", "MUNI_LIST_NAME": "RED DEER LAKE", "MUNI_LIST_NAME_WITH_TYPE": "RED DEER LAKE (NORTHERN COMMUNITY)", "Shape__Area": 18363330.2734375, "Shape__Length": 19180.656986189984 }, "geometry": { "type": "Polygon", "coordinates": [ [ [ -101.458722774940981, 52.895339532933406 ], [ -101.458585260964, 52.891686816661604 ], [ -101.451749014461001, 52.886597681567999 ], [ -101.444368365033995, 52.884082075610308 ], [ -101.433058639481999, 52.884021274559011 ], [ -101.429955209297006, 52.882345387358605 ], [ -101.429941438962004, 52.870780592583799 ], [ -101.478287523809001, 52.870695560886588 ], [ -101.478208336882005, 52.894737510928806 ], [ -101.460821835534986, 52.896294614704516 ], [ -101.458722774940981, 52.895339532933406 ] ] ] } },
{ "type": "Feature", "properties": { "OBJECTID": 95, "MUNI_NO": 611, "MUNI_NAME": "RM OF REYNOLDS", "MUNI_TYPE": "RM", "MUNI_LIST_NAME": "REYNOLDS", "MUNI_LIST_NAME_WITH_TYPE": "REYNOLDS (RM)", "Shape__Area": 8547960839.6679688, "Shape__Length": 563161.92008559592 }, "geometry": { "type": "Polygon", "coordinates": [ [ [ -96.360865617043501, 49.88473831167201 ], [ -96.360863905009381, 49.972874328501497 ], [ -96.360701998226901, 50.061284514769113 ], [ -96.086101557944389, 50.061285776586757 ], [ -96.086267135602895, 49.884523471689498 ], [ -96.092178315022593, 49.884520110128392 ], [ -96.092178744856696, 49.796138372890816 ], [ -95.815923467586003, 49.797441508437601 ], [ -95.817023919634707, 49.886249539965299 ], [ -95.821936692617399, 49.886172792593008 ], [ -95.822135012192817, 50.105478079376397 ], [ -95.685525289355496, 50.105234305590116 ], [ -95.685850538469197, 49.916193060433109 ], [ -95.663232080133895, 49.916220959858592 ], [ -95.662870838918394, 49.901527604981091 ], [ -95.640582479288, 49.90147289722119 ], [ -95.640409893565206, 49.886208355380703 ], [ -95.566962566581495, 49.88635855165829 ], [ -95.567058960070099, 49.871279416147097 ], [ -95.521242781938199, 49.8713272856278 ], [ -95.521227826235602, 49.886484528166001 ], [ -95.498386902920601, 49.886478147138405 ], [ -95.498628639372996, 49.812245926170704 ], [ -95.544325733087604, 49.812444621712899 ], [ -95.543926033593408, 49.664808375806999 ], [ -95.407665603677401, 49.664825082557208 ], [ -95.407857238160105, 49.532142517336901 ], [ -95.697804000660497, 49.531940428158798 ], [ -95.697560250932099, 49.413747727556085 ], [ -96.374922188465817, 49.414303011146309 ], [ -96.37515377723193, 49.532310695390059 ], [ -96.365861407856613, 49.532308447961213 ], [ -96.365945443654496, 49.707275957720817 ], [ -96.365945443741694, 49.707275957873115 ], [ -96.365959180443298, 49.7961338473796 ], [ -96.365948818619401, 49.884703847585889 ], [ -96.360865617043501, 49.88473831167201 ] ] ] } },
{ "type": "Feature", "properties": { "OBJECTID": 136, "MUNI_NO": 164, "MUNI_NAME": "MUNICIPALITY OF RHINELAND", "MUNI_TYPE": "MUNICIPALITY", "MUNI_LIST_NAME": "RHINELAND", "MUNI_LIST_NAME_WITH_TYPE": "RHINELAND (MUNICIPALITY)", "Shape__Area": 2242313359.7851563, "Shape__Length": 233014.1841412177 }, "geometry": { "type": "Polygon", "coordinates": [ [ [ -97.730669204093203, 49.266299188595198 ], [ -97.459654218412794, 49.265962540935597 ], [ -97.459925031276796, 49.088583736926203 ], [ -97.324754589272501, 49.089003886549911 ], [ -97.325124805196396, 49.000480512168501 ], [ -97.864169402180494, 49.000499063515683 ], [ -97.863723644064194, 49.177578639429498 ], [ -97.866124771562795, 49.177579570405207 ], [ -97.866115127630707, 49.266141519006496 ], [ -97.730669204093203, 49.266299188595198 ] ], [ [ -97.559586455333886, 49.132676077708297 ], [ -97.559686762186502, 49.125665220372106 ], [ -97.572539097175707, 49.125642516515498 ], [ -97.572525495478402, 49.118099979603095 ], [ -97.579208403568217, 49.118140584153501 ], [ -97.5791539434979, 49.088614869402086 ], [ -97.561162588869493, 49.088533357430684 ], [ -97.560336539352903, 49.094938828648708 ], [ -97.549914386542497, 49.093772863012198 ], [ -97.549920825175604, 49.100037100642282 ], [ -97.547334767295695, 49.106866806756393 ], [ -97.549939403377707, 49.110941126859785 ], [ -97.549879661975794, 49.125681583627497 ], [ -97.559281246916498, 49.125665922558404 ], [ -97.559586455333886, 49.132676077708297 ] ] ] } },
{ "type": "Feature", "properties": { "OBJECTID": 113, "MUNI_NO": 181, "MUNI_NAME": "RM OF RIDING MOUNTAIN WEST", "MUNI_TYPE": "RM", "MUNI_LIST_NAME": "RIDING MOUNTAIN WEST", "MUNI_LIST_NAME_WITH_TYPE": "RIDING MOUNTAIN WEST (RM)", "Shape__Area": 4380225129.3125, "Shape__Length": 318343.27112311608 }, "geometry": { "type": "Polygon", "coordinates": [ [ [ -100.950491187872998, 50.594262109949504 ], [ -101.147925158276962, 50.59431369195044 ], [ -101.200407556840986, 50.594213188566599 ], [ -101.217722110777657, 50.594238598666458 ], [ -101.229785709824625, 50.594254529329902 ], [ -101.229838667771986, 50.859602864782687 ], [ -101.508817723757005, 50.859708585515008 ], [ -101.508699547419994, 50.948493164298306 ], [ -101.538985491054007, 50.948503597159501 ], [ -101.539058498835999, 51.124943658089201 ], [ -100.976907754042998, 51.125414742339707 ], [ -100.976747434583004, 50.948311230802787 ], [ -100.950452083691005, 50.9482867285842 ], [ -100.950461913911667, 50.859834936840947 ], [ -100.95049116784925, 50.594444882703748 ], [ -100.950491187872998, 50.594262109949504 ] ] ] } },
{ "type": "Feature", "properties": { "OBJECTID": 110, "MUNI_NO": 165, "MUNI_NAME": "RM OF RITCHOT", "MUNI_TYPE": "RM", "MUNI_LIST_NAME": "RITCHOT", "MUNI_LIST_NAME_WITH_TYPE": "RITCHOT (RM)", "Shape__Area": 806287435.578125, "Shape__Length": 171465.2897333992 }, "geometry": { "type": "Polygon", "coordinates": [ [ [ -97.048820848968319, 49.531766049997401 ], [ -97.160396769743301, 49.531985316697607 ], [ -97.160383982777901, 49.528510485554605 ], [ -97.1659454303243, 49.528504224991018 ], [ -97.165945007709198, 49.528428330354004 ], [ -97.165928454090405, 49.525453584269599 ], [ -97.165925295679514, 49.524886070928503 ], [ -97.202677988235493, 49.531971183935298 ], [ -97.253937608895839, 49.532046522105404 ], [ -97.253937663888493, 49.53204652217179 ], [ -97.253937139412457, 49.532125272805303 ], [ -97.253839723618896, 49.546747548376999 ], [ -97.247838369106503, 49.546733693029203 ], [ -97.247782145893893, 49.553985538192215 ], [ -97.236913229292696, 49.5540103692191 ], [ -97.236841922922807, 49.561538443460115 ], [ -97.225262087190004, 49.56148198264399 ], [ -97.225102889874705, 49.576272008020986 ], [ -97.213677991742784, 49.576234806225997 ], [ -97.213448253936207, 49.58347980014581 ], [ -97.196420952988106, 49.583432771446809 ], [ -97.196358132347598, 49.590954834936902 ], [ -97.190767620528106, 49.590925164828306 ], [ -97.190755087235601, 49.598173372564304 ], [ -97.185187624344394, 49.598173727947795 ], [ -97.185200703240298, 49.605708842397505 ], [ -97.179199478067204, 49.6057198255101 ], [ -97.179197450216904, 49.620470751759903 ], [ -97.162422952447102, 49.620475314183409 ], [ -97.162438610314297, 49.650272892285805 ], [ -97.168083758271194, 49.650258974941003 ], [ -97.168045731636099, 49.664774788520198 ], [ -97.162447082395801, 49.664775332217914 ], [ -97.162581019168101, 49.709355727047402 ], [ -97.169544760774897, 49.709349971158176 ], [ -97.208378227068394, 49.695782121500095 ], [ -97.208651885381002, 49.709348657341394 ], [ -97.219774184229394, 49.709374104136607 ], [ -97.219762547496231, 49.713682501731604 ], [ -97.219679909350745, 49.713711398114057 ], [ -97.128167035747595, 49.745645343530214 ], [ -97.127394944061706, 49.742444049056303 ], [ -97.128832180918195, 49.737446498142404 ], [ -97.081941557007696, 49.753253997974198 ], [ -97.0834176342685, 49.753253407237509 ], [ -97.083577569752904, 49.76271676758811 ], [ -97.043450784594796, 49.776154939349595 ], [ -97.043461491324607, 49.783026313309691 ], [ -97.049079600820804, 49.783063903818302 ], [ -97.049116255004293, 49.792816799566801 ], [ -97.038607380129704, 49.797366809490605 ], [ -97.026402029448846, 49.797355630038709 ], [ -97.023355970656482, 49.797352603620283 ], [ -96.981266151915904, 49.797301118406097 ], [ -96.980726727537004, 49.620477515365501 ], [ -97.013229249314307, 49.620521340825917 ], [ -97.013229303912397, 49.620535044624305 ], [ -97.026192452724203, 49.620547555526102 ], [ -97.049022582171105, 49.620559501944918 ], [ -97.049032090389929, 49.620737183527048 ], [ -97.071683818987097, 49.620812773032803 ], [ -97.071628719965005, 49.591062920954187 ], [ -97.048935546964614, 49.591045519962883 ], [ -97.04882127954285, 49.531988878561179 ], [ -97.048820848968319, 49.531766049997401 ] ] ] } },
{ "type": "Feature", "properties": { "OBJECTID": 118, "MUNI_NO": 443, "MUNI_NAME": "RIVERDALE MUNICIPALITY", "MUNI_TYPE": "MUNICIPALITY", "MUNI_LIST_NAME": "RIVERDALE ", "MUNI_LIST_NAME_WITH_TYPE": "RIVERDALE  (MUNICIPALITY)", "Shape__Area": 1406632997.8359375, "Shape__Length": 153104.8042670186 }, "geometry": { "type": "Polygon", "coordinates": [ [ [ -100.072691215640006, 49.886739833237201 ], [ -100.462776739819475, 49.886538983488634 ], [ -100.462776747483232, 49.886538983469514 ], [ -100.485289301386999, 49.886480215115206 ], [ -100.485430168031996, 50.063506564231595 ], [ -100.072809787798988, 50.063504585570897 ], [ -100.072691238378596, 49.886773867297755 ], [ -100.072691215640006, 49.886739833237201 ] ] ] } },
{ "type": "Feature", "properties": { "OBJECTID": 87, "MUNI_NO": 182, "MUNI_NAME": "MUNICIPALITY OF ROBLIN", "MUNI_TYPE": "MUNICIPALITY", "MUNI_LIST_NAME": "ROBLIN", "MUNI_LIST_NAME_WITH_TYPE": "ROBLIN (MUNICIPALITY)", "Shape__Area": 4577520625.34375, "Shape__Length": 309652.24530264083 }, "geometry": { "type": "Polygon", "coordinates": [ [ [ -100.976923991356003, 51.302160971112691 ], [ -100.976907754042998, 51.125414742339707 ], [ -101.539058498835999, 51.124943658089201 ], [ -101.539139813567004, 51.301858967376404 ], [ -101.570536643468998, 51.301882847945208 ], [ -101.570511649477993, 51.56673913033341 ], [ -101.400488448913009, 51.565639707730099 ], [ -101.400680711522, 51.621364609230007 ], [ -101.259860348127006, 51.621606091082498 ], [ -101.259876051453006, 51.449217737592505 ], [ -100.978576500854999, 51.449266828446099 ], [ -100.978123971891961, 51.36193091173498 ], [ -100.977815332104271, 51.302158289755454 ], [ -100.976923991356003, 51.302160971112691 ] ] ] } },
{ "type": "Feature", "properties": { "OBJECTID": 182, "MUNI_NO": 730, "MUNI_NAME": "ROCK RIDGE-NORTHERN AFFAIRS ACT", "MUNI_TYPE": "NORTHERN COMMUNITY", "MUNI_LIST_NAME": "ROCK RIDGE", "MUNI_LIST_NAME_WITH_TYPE": "ROCK RIDGE (NORTHERN COMMUNITY)", "Shape__Area": 2183516.9296875, "Shape__Length": 7868.9074641716124 }, "geometry": { "type": "Polygon", "coordinates": [ [ [ -99.571917953594095, 51.923399230181801 ], [ -99.570356997339204, 51.912606198738793 ], [ -99.566401232902621, 51.911207997141688 ], [ -99.564318120260694, 51.907747303510391 ], [ -99.5764790744973, 51.907749716726585 ], [ -99.576240953725204, 51.923394129461897 ], [ -99.571917953594095, 51.923399230181801 ] ] ] } },
{ "type": "Feature", "properties": { "OBJECTID": 60, "MUNI_NO": 168, "MUNI_NAME": "RM OF ROCKWOOD", "MUNI_TYPE": "RM", "MUNI_LIST_NAME": "ROCKWOOD", "MUNI_LIST_NAME_WITH_TYPE": "ROCKWOOD (RM)", "Shape__Area": 2935841925.0546875, "Shape__Length": 267617.50428632164 }, "geometry": { "type": "Polygon", "coordinates": [ [ [ -97.115285158892021, 50.063716965728624 ], [ -97.120101218375865, 50.063719500529295 ], [ -97.184154730819799, 50.063730891127406 ], [ -97.220152650556287, 50.063820796545066 ], [ -97.459597336921306, 50.064085074740142 ], [ -97.460045795310563, 50.418506443395593 ], [ -97.460045795384431, 50.418506501306148 ], [ -97.460158767072897, 50.506890883291199 ], [ -97.114475319304503, 50.506847515190884 ], [ -97.1134319061848, 50.240747367324182 ], [ -97.117337731814303, 50.240754280181598 ], [ -97.1161200890066, 50.225833506212204 ], [ -97.115285158892021, 50.063716965728624 ] ], [ [ -97.356186197848871, 50.123000734184387 ], [ -97.321954405434496, 50.122759902110893 ], [ -97.321918256364597, 50.115525449781408 ], [ -97.310228895621293, 50.115578795026202 ], [ -97.310415281216905, 50.145078239119002 ], [ -97.344596859078706, 50.145849355795598 ], [ -97.344587227022899, 50.152288135560298 ], [ -97.355896425526595, 50.152301032976602 ], [ -97.356189427830898, 50.123000756349413 ], [ -97.356186197848871, 50.123000734184387 ] ], [ [ -97.269697705225497, 50.392686960558599 ], [ -97.270003650682, 50.374446875517094 ], [ -97.254598834529816, 50.374024680971402 ], [ -97.252677253824501, 50.381521401066692 ], [ -97.240968488928999, 50.381519234481601 ], [ -97.240970353414099, 50.38876162544161 ], [ -97.252672455927609, 50.388764301201597 ], [ -97.252678862817305, 50.392652859148804 ], [ -97.269697705225497, 50.392686960558599 ] ] ] } },
{ "type": "Feature", "properties": { "OBJECTID": 3, "MUNI_NO": 169, "MUNI_NAME": "RM OF ROLAND", "MUNI_TYPE": "RM", "MUNI_LIST_NAME": "ROLAND", "MUNI_LIST_NAME_WITH_TYPE": "ROLAND (RM)", "Shape__Area": 1142974690.890625, "Shape__Length": 136057.89039794475 }, "geometry": { "type": "Polygon", "coordinates": [ [ [ -98.069550285592598, 49.266124885745988 ], [ -98.069550747745609, 49.266381535351783 ], [ -98.069870663702801, 49.443342694500586 ], [ -97.730792225650006, 49.4435993894487 ], [ -97.730669204093203, 49.266299188595198 ], [ -97.866115127630707, 49.266141519006496 ], [ -97.962207752053047, 49.26630795355365 ], [ -98.069550285592598, 49.266124885745988 ] ] ] } },
{ "type": "Feature", "properties": { "OBJECTID": 94, "MUNI_NO": 170, "MUNI_NAME": "RM OF ROSEDALE", "MUNI_TYPE": "RM", "MUNI_LIST_NAME": "ROSEDALE", "MUNI_LIST_NAME_WITH_TYPE": "ROSEDALE (RM)", "Shape__Area": 2138305636.0, "Shape__Length": 207346.54395110009 }, "geometry": { "type": "Polygon", "coordinates": [ [ [ -99.400578573369998, 50.240424016571609 ], [ -99.425569855946591, 50.240429544499229 ], [ -99.431266183188697, 50.240423922176397 ], [ -99.431266236175105, 50.2404297948829 ], [ -99.4349259311564, 50.24042999391591 ], [ -99.43518453872278, 50.247678476116903 ], [ -99.470011618533519, 50.247713277629401 ], [ -99.493061015827209, 50.247562463811903 ], [ -99.492687185288602, 50.240701290127092 ], [ -99.493058586156167, 50.240434181676981 ], [ -99.660409534970881, 50.240385491652205 ], [ -99.660409616109192, 50.240391364134815 ], [ -99.677316103772498, 50.240408038546605 ], [ -99.677557056035695, 50.41733641262379 ], [ -99.676807420640003, 50.594651235280885 ], [ -99.694795878018425, 50.594658406087092 ], [ -99.694774452099793, 50.638782677963498 ], [ -99.555093469747007, 50.638880841435679 ], [ -99.504393255941494, 50.638868220407765 ], [ -99.415332507244898, 50.638783827202602 ], [ -99.415307614746297, 50.594535009194693 ], [ -99.400673975684001, 50.594553479011211 ], [ -99.400578580405494, 50.240450344706673 ], [ -99.400578573369998, 50.240424016571609 ] ] ] } },
{ "type": "Feature", "properties": { "OBJECTID": 173, "MUNI_NO": 353, "MUNI_NAME": "ROSSBURN MUNICIPALITY", "MUNI_TYPE": "MUNICIPALITY", "MUNI_LIST_NAME": "ROSSBURN ", "MUNI_LIST_NAME_WITH_TYPE": "ROSSBURN  (MUNICIPALITY)", "Shape__Area": 1935269055.8671875, "Shape__Length": 186676.79035558001 }, "geometry": { "type": "Polygon", "coordinates": [ [ [ -100.531936466690993, 50.594327006063899 ], [ -100.69528816676906, 50.594510271890215 ], [ -100.784919674364005, 50.594254162552296 ], [ -100.879450524979163, 50.594396654322409 ], [ -100.950491187872998, 50.594262109949504 ], [ -100.95049116784925, 50.594444882703748 ], [ -100.950461913911667, 50.859834936840947 ], [ -100.671277997608996, 50.859834147252407 ], [ -100.671457459161005, 50.771391383844005 ], [ -100.531626384904001, 50.771504738701708 ], [ -100.531704291626355, 50.72712579615964 ], [ -100.531935694130198, 50.594770244352532 ], [ -100.531936466690993, 50.594327006063899 ] ] ] } },
{ "type": "Feature", "properties": { "OBJECTID": 98, "MUNI_NO": 172, "MUNI_NAME": "RM OF ROSSER", "MUNI_TYPE": "RM", "MUNI_LIST_NAME": "ROSSER", "MUNI_LIST_NAME_WITH_TYPE": "ROSSER (RM)", "Shape__Area": 1069891026.9179688, "Shape__Length": 178930.43069307573 }, "geometry": { "type": "Polygon", "coordinates": [ [ [ -97.230008435962205, 49.975642535687101 ], [ -97.229866783047001, 49.916592051266008 ], [ -97.2635610916887, 49.91657071080509 ], [ -97.262317870135504, 49.931349944955798 ], [ -97.298514942314995, 49.931322513080517 ], [ -97.298504065414704, 49.929242000163001 ], [ -97.321201645964095, 49.929374539653089 ], [ -97.321161451187194, 49.92728868680851 ], [ -97.389381820371696, 49.927227201881713 ], [ -97.389378068915704, 49.92541864518271 ], [ -97.412278333866396, 49.925380816941306 ], [ -97.412278341998501, 49.923570742181496 ], [ -97.444728929918668, 49.923520076330995 ], [ -97.444729649990236, 49.923520075088128 ], [ -97.471054948314219, 49.923471119918986 ], [ -97.471056753800113, 49.927096324529096 ], [ -97.476680415811998, 49.927093439792905 ], [ -97.476695093575799, 49.930989792223102 ], [ -97.482316455456598, 49.930986462694101 ], [ -97.482319084988617, 49.934615095472516 ], [ -97.4883639607242, 49.934616324158391 ], [ -97.488363589428502, 49.941873867803508 ], [ -97.493990267285795, 49.941872446343204 ], [ -97.493997237929094, 49.945765111895106 ], [ -97.499622252286798, 49.945765885287805 ], [ -97.499624530971701, 49.949390685810002 ], [ -97.505250397513194, 49.949393126708202 ], [ -97.5052569079227, 49.953019433277206 ], [ -97.511298783773498, 49.953011927059798 ], [ -97.511297571909097, 49.956628920722601 ], [ -97.516924283584501, 49.956622003362583 ], [ -97.516926349980395, 49.960512074580699 ], [ -97.522557362253721, 49.960496911244704 ], [ -97.522565093246499, 49.96412378046881 ], [ -97.528200730308598, 49.964107454177906 ], [ -97.528206561057999, 49.967732955914911 ], [ -97.534258160494105, 49.967732440676095 ], [ -97.534264711320503, 49.971356573913802 ], [ -97.539887878486695, 49.971353617937197 ], [ -97.539896252449196, 49.975251903788497 ], [ -97.545523487321603, 49.975246917932601 ], [ -97.545541227702699, 49.978871311920607 ], [ -97.551160396716497, 49.97886922565641 ], [ -97.551171472530797, 49.982493632591101 ], [ -97.557215812575819, 49.982494489523205 ], [ -97.5571948725146, 49.986124907901598 ], [ -97.562793650255401, 49.986125599938902 ], [ -97.5627757133974, 49.990023331552806 ], [ -97.574042556244706, 49.990023036911701 ], [ -97.574051383065395, 49.99364749652311 ], [ -97.580094028342501, 49.993634993374023 ], [ -97.580102238541897, 49.997270417236521 ], [ -97.585727030683699, 49.997259905543707 ], [ -97.585753400364496, 50.000890498978009 ], [ -97.591371616407102, 50.000882891471399 ], [ -97.591396842195905, 50.004777941742105 ], [ -97.596972154141199, 50.004772490601709 ], [ -97.597001721542497, 50.008410201234298 ], [ -97.603044715386901, 50.008376050956095 ], [ -97.603069857764496, 50.012020762769097 ], [ -97.626030619023894, 50.012030428165701 ], [ -97.626089268214699, 50.015655810268207 ], [ -97.631706066642892, 50.015653214882704 ], [ -97.631750477855405, 50.019547494798999 ], [ -97.642604774133204, 50.019546302792399 ], [ -97.651859584248498, 49.996219092234803 ], [ -97.697249766670808, 50.029951376764799 ], [ -97.735310409055899, 50.043004713208305 ], [ -97.735421863235999, 50.063670333015196 ], [ -97.676161150560702, 50.063824381815678 ], [ -97.459597336921306, 50.064085074740142 ], [ -97.220152650556287, 50.063820796545066 ], [ -97.184154730819799, 50.063730891127406 ], [ -97.184120098665488, 49.975621156705309 ], [ -97.184120093000999, 49.975606716547311 ], [ -97.230008435962205, 49.975642535687101 ] ] ] } },
{ "type": "Feature", "properties": { "OBJECTID": 177, "MUNI_NO": 445, "MUNI_NAME": "MUNICIPALITY OF RUSSELL-BINSCARTH", "MUNI_TYPE": "MUNICIPALITY", "MUNI_LIST_NAME": "RUSSELL-BINSCARTH", "MUNI_LIST_NAME_WITH_TYPE": "RUSSELL-BINSCARTH (MUNICIPALITY)", "Shape__Area": 1449682063.515625, "Shape__Length": 155459.63678285337 }, "geometry": { "type": "Polygon", "coordinates": [ [ [ -101.229785703109982, 50.594220678315303 ], [ -101.273124281938607, 50.594299746150313 ], [ -101.477002972769, 50.594260262475899 ], [ -101.508737078416999, 50.594400736240807 ], [ -101.508817723757005, 50.859708585515008 ], [ -101.229838667771986, 50.859602864782687 ], [ -101.229785709824625, 50.594254529329902 ], [ -101.229785703109982, 50.594220678315303 ] ] ] } },
{ "type": "Feature", "properties": { "OBJECTID": 12, "MUNI_NO": 731, "MUNI_NAME": "SALT POINT-NORTHERN AFFAIRS ACT", "MUNI_TYPE": "NORTHERN SETTLEMENT", "MUNI_LIST_NAME": "SALT POINT", "MUNI_LIST_NAME_WITH_TYPE": "SALT POINT (NORTHERN SETTLEMENT)", "Shape__Area": 77049140.5859375, "Shape__Length": 53995.218817729328 }, "geometry": { "type": "Polygon", "coordinates": [ [ [ -99.82072086254, 51.769309337800216 ], [ -99.713120235656007, 51.769457421256909 ], [ -99.715821782456004, 51.760969801635298 ], [ -99.7151840600295, 51.753838315884501 ], [ -99.716404684899302, 51.751354680207108 ], [ -99.713857180780096, 51.742931535807408 ], [ -99.715066257149104, 51.743054512565607 ], [ -99.7187183872269, 51.731758967535008 ], [ -99.721955234906304, 51.727438336743297 ], [ -99.723961245132799, 51.728207957926095 ], [ -99.726570991942594, 51.724086548113988 ], [ -99.728861435241299, 51.716448220738002 ], [ -99.732305127471605, 51.715319026137003 ], [ -99.735972087705917, 51.718261063967702 ], [ -99.7445503799958, 51.716773421159701 ], [ -99.743059995938097, 51.728251656240701 ], [ -99.750661854689895, 51.734230973707199 ], [ -99.7496248799211, 51.734986973356101 ], [ -99.750661203667804, 51.737358826926702 ], [ -99.754404241572502, 51.741537905880008 ], [ -99.754114603607803, 51.749359376068199 ], [ -99.752098489163401, 51.754389872169199 ], [ -99.754661543353194, 51.756979977063892 ], [ -99.763669839412202, 51.743237480127398 ], [ -99.768074745871303, 51.743013285559101 ], [ -99.762987409800999, 51.740114064298396 ], [ -99.770325471203705, 51.736482199529107 ], [ -99.778085766909498, 51.726949764177597 ], [ -99.795166465155603, 51.725629897416582 ], [ -99.808458016147, 51.727347987915316 ], [ -99.811812869685795, 51.726402622096899 ], [ -99.807985015908599, 51.732121378792293 ], [ -99.809791483836193, 51.736312006733705 ], [ -99.808734023933397, 51.738996693110408 ], [ -99.815896213303006, 51.754707243 ], [ -99.813069333304199, 51.761412570780394 ], [ -99.818906728355884, 51.76482571283811 ], [ -99.820670569928907, 51.763640469600489 ], [ -99.82072086254, 51.769309337800216 ] ] ] } },
{ "type": "Feature", "properties": { "OBJECTID": 86, "MUNI_NO": 447, "MUNI_NAME": "CITY OF SELKIRK", "MUNI_TYPE": "CITY", "MUNI_LIST_NAME": "SELKIRK", "MUNI_LIST_NAME_WITH_TYPE": "SELKIRK (CITY)", "Shape__Area": 61633013.40625, "Shape__Length": 38292.163697010335 }, "geometry": { "type": "Polygon", "coordinates": [ [ [ -96.855682381189894, 50.130461474041695 ], [ -96.856043652696698, 50.129138173000399 ], [ -96.855840919865486, 50.128642044253603 ], [ -96.856317424404537, 50.128135320974621 ], [ -96.857045947289762, 50.127360569962946 ], [ -96.863032395829919, 50.124940461150594 ], [ -96.882545536034101, 50.127118511253997 ], [ -96.88606841479654, 50.126689244771484 ], [ -96.888124641662799, 50.126438629518951 ], [ -96.888874189737493, 50.126347262415003 ], [ -96.929403226760201, 50.143520238345609 ], [ -96.966833737475596, 50.159695585515607 ], [ -96.961534035159005, 50.162722681424214 ], [ -96.961493092545297, 50.166610600733094 ], [ -96.892984499165706, 50.166304795167704 ], [ -96.891125592887803, 50.177620600991801 ], [ -96.856624830376106, 50.16308606866351 ], [ -96.850732075161702, 50.156773029344087 ], [ -96.850873024610195, 50.15229540308669 ], [ -96.871285848435406, 50.139078122450783 ], [ -96.869190202550499, 50.136452349778992 ], [ -96.857449908181593, 50.132579248634315 ], [ -96.855682381189894, 50.130461474041695 ] ] ] } },
{ "type": "Feature", "properties": { "OBJECTID": 13, "MUNI_NO": 708, "MUNI_NAME": "INCORPORATED COMMUNITY OF SEYMOURVILLE", "MUNI_TYPE": "NORTHERN COMMUNITY", "MUNI_LIST_NAME": "SEYMOURVILLE", "MUNI_LIST_NAME_WITH_TYPE": "SEYMOURVILLE (NORTHERN COMMUNITY)", "Shape__Area": 56751318.65625, "Shape__Length": 37146.422928291438 }, "geometry": { "type": "Polygon", "coordinates": [ [ [ -96.355553424947516, 51.183726431722199 ], [ -96.361971567140401, 51.183737802907608 ], [ -96.358384863488595, 51.187213799222206 ], [ -96.333249482331098, 51.188010009076109 ], [ -96.32768223613391, 51.190301348219315 ], [ -96.288927216986906, 51.152812747086799 ], [ -96.278548114039296, 51.157049448838599 ], [ -96.261093501225716, 51.140141155839515 ], [ -96.262503935685999, 51.140141965195035 ], [ -96.354153760159505, 51.140152380121691 ], [ -96.355090191754002, 51.140558482641502 ], [ -96.355553424947516, 51.183726431722199 ] ] ] } },
{ "type": "Feature", "properties": { "OBJECTID": 14, "MUNI_NO": 713, "MUNI_NAME": "SHERRIDON-NORTHERN AFFAIRS ACT", "MUNI_TYPE": "NORTHERN COMMUNITY", "MUNI_LIST_NAME": "SHERRIDON", "MUNI_LIST_NAME_WITH_TYPE": "SHERRIDON (NORTHERN COMMUNITY)", "Shape__Area": 48199246.96875, "Shape__Length": 33942.979073085306 }, "geometry": { "type": "Polygon", "coordinates": [ [ [ -101.117387753518997, 55.140579207743116 ], [ -101.052663233301999, 55.1406161758091 ], [ -101.052676806555979, 55.114631192304103 ], [ -101.055165938718005, 55.113506079334002 ], [ -101.053779331138998, 55.111567258348906 ], [ -101.059502974183005, 55.111436737203107 ], [ -101.059510822115996, 55.104224885255398 ], [ -101.110300752233002, 55.104263770808807 ], [ -101.11030262899699, 55.111491651322197 ], [ -101.116977370393997, 55.114908259197406 ], [ -101.119754850787999, 55.118120669200906 ], [ -101.11977814971398, 55.121245114677698 ], [ -101.122832842698998, 55.121626680110303 ], [ -101.119968139636995, 55.1257252877895 ], [ -101.11741694200002, 55.1232154360113 ], [ -101.117200278458, 55.125393008731194 ], [ -101.115924037518994, 55.12546952864129 ], [ -101.116913056146998, 55.122653569451302 ], [ -101.114986626968999, 55.122089235643109 ], [ -101.112029499288994, 55.122656822538595 ], [ -101.113253890360994, 55.124293113447997 ], [ -101.111282924316001, 55.123783838899683 ], [ -101.113591201136998, 55.125292646171893 ], [ -101.114465374860004, 55.130168535363005 ], [ -101.116789913735005, 55.131079207400205 ], [ -101.115918522358001, 55.137914651566803 ], [ -101.117387753518997, 55.140579207743116 ] ] ] } },
{ "type": "Feature", "properties": { "OBJECTID": 68, "MUNI_NO": 184, "MUNI_NAME": "RM OF SIFTON", "MUNI_TYPE": "RM", "MUNI_LIST_NAME": "SIFTON", "MUNI_LIST_NAME_WITH_TYPE": "SIFTON (RM)", "Shape__Area": 2080189229.6796875, "Shape__Length": 182426.80410912292 }, "geometry": { "type": "Polygon", "coordinates": [ [ [ -100.463120949252016, 49.532750456944996 ], [ -100.824372251574488, 49.532821942769061 ], [ -100.850356230225998, 49.532699639778713 ], [ -100.867217100880197, 49.532741840204707 ], [ -100.872354066064005, 49.532730975064297 ], [ -100.872354068925304, 49.532754119156685 ], [ -100.872387078605001, 49.798173313194006 ], [ -100.462897689075007, 49.798073562108399 ], [ -100.462911922853749, 49.781252185104748 ], [ -100.463003798228002, 49.709409295296695 ], [ -100.463120251652967, 49.533806556075476 ], [ -100.463120949252016, 49.532750456944996 ] ] ] } },
{ "type": "Feature", "properties": { "OBJECTID": 55, "MUNI_NO": 448, "MUNI_NAME": "TOWN OF SNOW LAKE", "MUNI_TYPE": "TOWN", "MUNI_LIST_NAME": "SNOW LAKE", "MUNI_LIST_NAME_WITH_TYPE": "SNOW LAKE (TOWN)", "Shape__Area": 4231111301.234375, "Shape__Length": 485685.69905298052 }, "geometry": { "type": "Polygon", "coordinates": [ [ [ -100.263955767560986, 54.63189265818621 ], [ -100.271665952964, 54.636184450247903 ], [ -100.270326214210996, 54.643640315895098 ], [ -100.256208002183996, 54.646497356656596 ], [ -100.253255754951013, 54.648374904387403 ], [ -100.256972080653995, 54.65119896256698 ], [ -100.269725465844999, 54.655469898583789 ], [ -100.264055076234001, 54.666974976124102 ], [ -100.266207161509001, 54.669612844032898 ], [ -100.273110279049021, 54.67092010340491 ], [ -100.269071171315005, 54.676283161532403 ], [ -100.247744704086998, 54.681353475579307 ], [ -100.240446169693001, 54.687171482348198 ], [ -100.260506652852996, 54.690456156273605 ], [ -100.261253841759995, 54.694933195030309 ], [ -100.268958239910006, 54.699000547386298 ], [ -100.271357468643984, 54.709504372271105 ], [ -100.288621184780993, 54.716458224474884 ], [ -100.286695337476999, 54.7214578084549 ], [ -100.287597806887007, 54.723007573325098 ], [ -100.299519419446995, 54.726282173693598 ], [ -100.302525826704994, 54.729800012529601 ], [ -100.30819153865302, 54.732565612257801 ], [ -100.318162681755993, 54.730943203655308 ], [ -100.320248558087002, 54.732686574061496 ], [ -100.314835493206999, 54.737782948834102 ], [ -100.319505434475005, 54.742603499466284 ], [ -100.318949782747993, 54.745314811159304 ], [ -100.309085252710005, 54.748284247977203 ], [ -100.296083965586988, 54.746163526524306 ], [ -100.284962326981997, 54.748043444343899 ], [ -100.280859114674996, 54.750176456499609 ], [ -100.280705259906995, 54.752887824829308 ], [ -100.284913663400999, 54.757035997654505 ], [ -100.284446995189001, 54.760874124195389 ], [ -100.286605475908004, 54.763511556098905 ], [ -100.268423442805997, 54.774348753941098 ], [ -100.272783730396995, 54.775354621062696 ], [ -100.284525744306009, 54.771442618624604 ], [ -100.286630470144019, 54.773406554204385 ], [ -100.281226092780997, 54.77872593962659 ], [ -100.282057254685, 54.779377740239305 ], [ -100.294648878453998, 54.776336556863001 ], [ -100.2954979525, 54.777212763385705 ], [ -100.292999989637991, 54.779980605974607 ], [ -100.281850978760005, 54.781631288890409 ], [ -100.276869488995004, 54.787390876090782 ], [ -100.290193414196992, 54.793325470010195 ], [ -100.300084847693, 54.795304990385688 ], [ -100.305518016305001, 54.799879714103596 ], [ -100.29954175341102, 54.802968154045502 ], [ -100.283064127456015, 54.815784356137506 ], [ -100.283209472560003, 54.817575816038506 ], [ -100.267723873863005, 54.828339213079914 ], [ -100.263448451448994, 54.828455686532202 ], [ -100.262507907819, 54.826456785624998 ], [ -100.263899415161006, 54.824393174329302 ], [ -100.260754044787006, 54.824030437859008 ], [ -100.259319343889999, 54.820724480918294 ], [ -100.218337068560004, 54.845512105089085 ], [ -100.208145114041997, 54.849649105493008 ], [ -100.183166971307003, 54.849665455938819 ], [ -100.185192507183004, 54.853449413008697 ], [ -100.180905288375996, 54.857503442547802 ], [ -100.180574520518988, 54.864670470256605 ], [ -100.191416348420987, 54.868844793872697 ], [ -100.196594904290009, 54.876640912965101 ], [ -100.197979770101014, 54.881620821498124 ], [ -100.196429132400993, 54.884965140384004 ], [ -100.187063954318006, 54.889099409419806 ], [ -100.179079991440005, 54.89821308094001 ], [ -100.177232554428002, 54.905602394177698 ], [ -100.180672176385002, 54.910324760365008 ], [ -100.179874775132006, 54.911283652931594 ], [ -100.154813052411995, 54.928611858847603 ], [ -100.155737442030002, 54.933154105613994 ], [ -100.158246728509994, 54.934363069068915 ], [ -100.157427566806007, 55.024247568288295 ], [ -99.598035051482697, 55.024344619018393 ], [ -99.5980338389721, 54.945083295605002 ], [ -99.629724657915702, 54.922622195702708 ], [ -99.652364680677906, 54.911929892025313 ], [ -99.670282149759487, 54.899619373469505 ], [ -99.676470723561906, 54.898812215933305 ], [ -99.673741069216007, 54.904718214639999 ], [ -99.684756186116601, 54.900199200679907 ], [ -99.687093415355903, 54.900150060434605 ], [ -99.688861388596592, 54.903258466246591 ], [ -99.6919633355933, 54.902966745596402 ], [ -99.705834351417394, 54.888714773016211 ], [ -99.728098439139984, 54.877650898321413 ], [ -99.727602670380307, 54.876085663434104 ], [ -99.709095502189996, 54.879201200786611 ], [ -99.705890097763898, 54.877921271095289 ], [ -99.713704467189899, 54.872353197533492 ], [ -99.718013104550906, 54.866859305155415 ], [ -99.721096011103199, 54.843183086791299 ], [ -99.739283439953809, 54.824111314809507 ], [ -99.768474202131898, 54.806809865793497 ], [ -99.776420634288002, 54.803479040958592 ], [ -99.792976062589219, 54.800851145541991 ], [ -99.810726883984316, 54.804265760983093 ], [ -99.816526814291819, 54.809300049096713 ], [ -99.822562986750796, 54.817702587557292 ], [ -99.822503423267506, 54.82243015351321 ], [ -99.825679803733507, 54.828874733209098 ], [ -99.835043827779302, 54.829107257015004 ], [ -99.834081471972098, 54.83205261959889 ], [ -99.829446704005903, 54.832610111066096 ], [ -99.828810331526597, 54.834650009238906 ], [ -99.832078751080488, 54.836820477999204 ], [ -99.837554886458392, 54.837142305174702 ], [ -99.835814815986893, 54.840106520270702 ], [ -99.853316117280116, 54.850710755560399 ], [ -99.855864696665506, 54.859198992650903 ], [ -99.852941764405898, 54.861965073484505 ], [ -99.8326944398178, 54.867834754127813 ], [ -99.816409763455297, 54.869113602863905 ], [ -99.798800504694, 54.873791539834009 ], [ -99.789190628621895, 54.881434797120207 ], [ -99.776434407844206, 54.883076217392897 ], [ -99.770809232257704, 54.886351804017501 ], [ -99.761991316798898, 54.888577755386891 ], [ -99.758670025052993, 54.891348516942323 ], [ -99.764338114750601, 54.894368521791513 ], [ -99.772189921045495, 54.895087251645798 ], [ -99.8014326277751, 54.889245142647709 ], [ -99.818128380527511, 54.882564439408107 ], [ -99.822923302573102, 54.8786317339679 ], [ -99.833650868893997, 54.8759074468175 ], [ -99.853322669820017, 54.867350080036999 ], [ -99.864020456938306, 54.858781765232891 ], [ -99.878257426216095, 54.83977997975169 ], [ -99.885310225602382, 54.8348892471273 ], [ -99.888794059728212, 54.83458519565211 ], [ -99.888970774874394, 54.83705084160281 ], [ -99.8822429035163, 54.841036229808005 ], [ -99.878054718403007, 54.847878741345703 ], [ -99.868983382787505, 54.857312932504101 ], [ -99.869920656232594, 54.859539487354724 ], [ -99.874654235396505, 54.860327798269402 ], [ -99.869461676710003, 54.864049742739098 ], [ -99.875912348928907, 54.867045484818902 ], [ -99.907896156102197, 54.840200056024798 ], [ -99.933849638727196, 54.822033561765991 ], [ -99.942512724493596, 54.818003297810414 ], [ -99.945283126359996, 54.818610852046703 ], [ -99.940947693484105, 54.828606727485905 ], [ -99.941840019314597, 54.830159067037798 ], [ -99.947299597956714, 54.830251395293509 ], [ -99.952546109632593, 54.8274288380819 ], [ -99.956461573337506, 54.822383248919699 ], [ -99.955503922725001, 54.819932816718499 ], [ -99.956604513205605, 54.819007463037394 ], [ -99.966430587840904, 54.814943839476499 ], [ -99.986168116405807, 54.802769258864309 ], [ -99.969641829782006, 54.80564799809909 ], [ -99.961383302721615, 54.804500435000904 ], [ -99.958340475710003, 54.80547264329671 ], [ -99.9569498832509, 54.807757359839997 ], [ -99.949840603200911, 54.806357291985314 ], [ -99.936467979335518, 54.809826884934814 ], [ -99.935625489946602, 54.808948152307401 ], [ -99.937405966004704, 54.806656181139594 ], [ -99.942715381513807, 54.8047322550918 ], [ -99.956703978234515, 54.804389124503913 ], [ -99.972759718029309, 54.800401514032401 ], [ -99.977008915250806, 54.794674012841909 ], [ -99.9677023321901, 54.795126046542393 ], [ -99.9656120231937, 54.793156536393489 ], [ -99.968522887057517, 54.79039225389181 ], [ -99.95523856862809, 54.794982146254 ], [ -99.949734341670194, 54.794216507047899 ], [ -99.94756306222969, 54.791119436514506 ], [ -99.914350816313203, 54.789226321849597 ], [ -99.911438363536405, 54.786597033450292 ], [ -99.909336283928695, 54.779005204908593 ], [ -99.903835230038283, 54.778237469288399 ], [ -99.904485122495899, 54.771024946385999 ], [ -99.902240657477705, 54.761407443474603 ], [ -99.901271682782195, 54.758736476205314 ], [ -99.898570681089595, 54.759026130143816 ], [ -99.897665913136606, 54.757248880089705 ], [ -99.897553904236304, 54.755676957317306 ], [ -99.901921757330101, 54.751523943456789 ], [ -99.897832662215293, 54.748696365300511 ], [ -99.897284090442795, 54.746462621000397 ], [ -99.911660952005505, 54.730151494621708 ], [ -99.915411516206206, 54.7228660643514 ], [ -99.93681948653078, 54.718078601955391 ], [ -99.964048183512105, 54.707970148865094 ], [ -99.96975811091292, 54.701085275738997 ], [ -99.966526405124185, 54.699367554330607 ], [ -99.963846216934698, 54.699878704872702 ], [ -99.952434982054797, 54.7084798610286 ], [ -99.946506575814198, 54.707047891714602 ], [ -99.925719825140106, 54.71497339757881 ], [ -99.918368902055789, 54.715375315787398 ], [ -99.9077218116159, 54.718556095123191 ], [ -99.903408287652795, 54.717986171902801 ], [ -99.888541087994, 54.72193807469651 ], [ -99.875584466170594, 54.719996740845197 ], [ -99.867899506449703, 54.71568422678461 ], [ -99.853539486508083, 54.704776879228106 ], [ -99.851641879510794, 54.699878724522705 ], [ -99.837276033961999, 54.688744817746702 ], [ -99.834016072304294, 54.680952919769616 ], [ -99.835096073513995, 54.67418260009341 ], [ -99.84082319928541, 54.667303709431209 ], [ -99.873651504469805, 54.648764354813693 ], [ -99.860277808554898, 54.640537847562307 ], [ -99.851945349035105, 54.637810685533509 ], [ -99.847735399925696, 54.638581677087608 ], [ -99.842259275125102, 54.643432569661009 ], [ -99.838865017129606, 54.639241093371702 ], [ -99.832207669463102, 54.638271457858615 ], [ -99.826464412003503, 54.6393083714554 ], [ -99.811302263447715, 54.646317128971603 ], [ -99.795756225167295, 54.645906799028104 ], [ -99.792965235405504, 54.647881204987399 ], [ -99.791954241127314, 54.647347001677758 ], [ -99.783690905669204, 54.642979800881989 ], [ -99.782321078732252, 54.639773689964848 ], [ -99.781581677890401, 54.637558249888819 ], [ -99.782807719516001, 54.632254773506197 ], [ -99.781902264048796, 54.62831302142029 ], [ -99.786384921320703, 54.619811084813499 ], [ -99.784539681653101, 54.618763939026401 ], [ -99.786096540803399, 54.613458266045384 ], [ -99.781772632217596, 54.604243065027404 ], [ -99.779633800232006, 54.587967292396492 ], [ -100.195353216355002, 54.587954193667102 ], [ -100.199325669565994, 54.612143450397198 ], [ -100.203428424040993, 54.6114737262738 ], [ -100.209599180526979, 54.616031885440712 ], [ -100.216789381395017, 54.618763986525209 ], [ -100.214646412394998, 54.621072861466892 ], [ -100.207351931119007, 54.62194122436771 ], [ -100.198563410055982, 54.62846817419851 ], [ -100.193864331110007, 54.6424813372643 ], [ -100.208766151223983, 54.639893388272498 ], [ -100.220543448382003, 54.631933554984883 ], [ -100.243305341061983, 54.625702723946091 ], [ -100.263955767560986, 54.63189265818621 ] ] ] } },
{ "type": "Feature", "properties": { "OBJECTID": 35, "MUNI_NO": 449, "MUNI_NAME": "MUNICIPALITY OF SOURIS-GLENWOOD", "MUNI_TYPE": "MUNICIPALITY", "MUNI_LIST_NAME": "SOURIS-GLENWOOD", "MUNI_LIST_NAME_WITH_TYPE": "SOURIS-GLENWOOD (MUNICIPALITY)", "Shape__Area": 1385063383.0859375, "Shape__Length": 151961.35465451347 }, "geometry": { "type": "Polygon", "coordinates": [ [ [ -100.463120251652967, 49.533806556075476 ], [ -100.463003798228002, 49.709409295296695 ], [ -100.462972593083649, 49.709409355551337 ], [ -100.053127021530059, 49.709344392936096 ], [ -100.053337322314334, 49.543441269284557 ], [ -100.053358604406398, 49.533306993825832 ], [ -100.463120949252016, 49.532750456944996 ], [ -100.463120251652967, 49.533806556075476 ] ] ] } },
{ "type": "Feature", "properties": { "OBJECTID": 22, "MUNI_NO": 714, "MUNI_NAME": "SOUTH INDIAN LAKE-NORTHERN AFFAIRS ACT", "MUNI_TYPE": "NORTHERN COMMUNITY", "MUNI_LIST_NAME": "SOUTH INDIAN LAKE", "MUNI_LIST_NAME_WITH_TYPE": "SOUTH INDIAN LAKE (NORTHERN COMMUNITY)", "Shape__Area": 31876760.0703125, "Shape__Length": 47607.182376738012 }, "geometry": { "type": "Polygon", "coordinates": [ [ [ -98.899747029302105, 56.811146524108608 ], [ -98.903311325227506, 56.795943066095703 ], [ -98.901799077866301, 56.795798777957998 ], [ -98.902168387783618, 56.794394547529791 ], [ -98.903649086689001, 56.794501702936209 ], [ -98.906011191121706, 56.784418518250696 ], [ -98.908056875201694, 56.783584225971097 ], [ -98.907912433953385, 56.777117538464402 ], [ -98.912768547343802, 56.773491822668113 ], [ -98.920134059262111, 56.773799876905606 ], [ -98.923361811678802, 56.771786869993505 ], [ -98.920393271516886, 56.76849016060531 ], [ -98.916820078527593, 56.769794878002394 ], [ -98.9146293378558, 56.7687671052837 ], [ -98.913426187990297, 56.762902476593801 ], [ -98.915764897196894, 56.757142229850196 ], [ -98.920658014028618, 56.752591430250199 ], [ -98.928232002052695, 56.748853060129399 ], [ -98.9474500704913, 56.745903412033094 ], [ -98.944718032204193, 56.750231841887924 ], [ -98.947983995382401, 56.7540182505685 ], [ -98.945500482849098, 56.757529889344902 ], [ -98.947827437441418, 56.759682071291905 ], [ -98.947824530024803, 56.761778795243792 ], [ -98.953969395525803, 56.764150241401296 ], [ -98.95352093830158, 56.765947267041611 ], [ -98.951882706777781, 56.767471535691293 ], [ -98.948217187711194, 56.764665359468694 ], [ -98.947519879351105, 56.766925173214602 ], [ -98.945337087077917, 56.767632220678294 ], [ -98.942316823897499, 56.76469000036429 ], [ -98.938043396335587, 56.770351827636006 ], [ -98.9414143719424, 56.771088670877191 ], [ -98.941371213523396, 56.773508544232392 ], [ -98.935360054614705, 56.774781294509495 ], [ -98.933740323644997, 56.784590290600804 ], [ -98.932221649538903, 56.782345968959902 ], [ -98.92837504889782, 56.782321824963908 ], [ -98.924164061561896, 56.784166929873201 ], [ -98.922435194526102, 56.786981246260595 ], [ -98.922870502992808, 56.789664923824901 ], [ -98.918146449516499, 56.787352423974397 ], [ -98.913208701400194, 56.791066265741115 ], [ -98.913964556304904, 56.793695086093614 ], [ -98.916840009157497, 56.794678244208598 ], [ -98.916330248828402, 56.797759513437811 ], [ -98.921334117191606, 56.796612913442495 ], [ -98.922502074682399, 56.799296637222099 ], [ -98.917778523159896, 56.799891538330002 ], [ -98.9206748540782, 56.804492825645603 ], [ -98.915614228782104, 56.805547371327407 ], [ -98.910896001511688, 56.803520350898999 ], [ -98.908876791470703, 56.806462516116504 ], [ -98.920355580945596, 56.810088569621108 ], [ -98.920551221127894, 56.812922872868299 ], [ -98.899747029302105, 56.811146524108608 ] ] ] } },
{ "type": "Feature", "properties": { "OBJECTID": 23, "MUNI_NO": 732, "MUNI_NAME": "SPENCE LAKE-NORTHERN AFFAIRS ACT", "MUNI_TYPE": "NORTHERN COMMUNITY", "MUNI_LIST_NAME": "SPENCE LAKE", "MUNI_LIST_NAME_WITH_TYPE": "SPENCE LAKE (NORTHERN COMMUNITY)", "Shape__Area": 77403368.6328125, "Shape__Length": 75469.937283059291 }, "geometry": { "type": "Polygon", "coordinates": [ [ [ -99.644461453531406, 51.536500066310204 ], [ -99.644343561175702, 51.55820541033129 ], [ -99.6440533862379, 51.558204714848699 ], [ -99.632391460024706, 51.558176420646795 ], [ -99.632413962319902, 51.587415787141303 ], [ -99.617246982124698, 51.596966735894888 ], [ -99.608207759887449, 51.61144324712776 ], [ -99.608121777749204, 51.611580897882909 ], [ -99.608136495457998, 51.61639162236159 ], [ -99.574166193248999, 51.616398057803806 ], [ -99.573875644707897, 51.616397803181883 ], [ -99.573864396818493, 51.621450677178103 ], [ -99.566101916405401, 51.619739816540097 ], [ -99.565530531971007, 51.609483833432499 ], [ -99.561857004822599, 51.60400941348199 ], [ -99.560284176851596, 51.597903124754403 ], [ -99.562458150994502, 51.589810060208102 ], [ -99.557087317217395, 51.585932500572206 ], [ -99.557329885367395, 51.583098957056109 ], [ -99.558717599215285, 51.583230525168105 ], [ -99.558142449805416, 51.586065653552311 ], [ -99.560309028025713, 51.586400744563697 ], [ -99.565863034573312, 51.58267817424931 ], [ -99.563006579823195, 51.561707272473406 ], [ -99.557034939621602, 51.560042781862386 ], [ -99.556951395239096, 51.558112553352601 ], [ -99.562442669535599, 51.557389718494207 ], [ -99.561521348862996, 51.555663864625203 ], [ -99.556650943924296, 51.555928084111905 ], [ -99.556249035454101, 51.554128518228303 ], [ -99.556430181492516, 51.551002507047897 ], [ -99.562381562453595, 51.551006510413899 ], [ -99.56243165822822, 51.543721812536184 ], [ -99.560184599035694, 51.544709769808399 ], [ -99.553063583656595, 51.542222012526302 ], [ -99.551346445741601, 51.536508729100404 ], [ -99.585293072657109, 51.536620943022406 ], [ -99.583513213117612, 51.54953552930899 ], [ -99.593121451675898, 51.555601220821202 ], [ -99.5893162229316, 51.557002055293601 ], [ -99.585030249950407, 51.555503671286409 ], [ -99.582889687354793, 51.557103236060897 ], [ -99.584746528949495, 51.559304657410806 ], [ -99.583937473132096, 51.561035763975092 ], [ -99.579964820856404, 51.562402583751918 ], [ -99.581793336774993, 51.571063450722612 ], [ -99.585805822785503, 51.577053706264493 ], [ -99.597220552901604, 51.585113417747905 ], [ -99.596399763543999, 51.585946585153806 ], [ -99.598313434919106, 51.588112954984801 ], [ -99.598058089977386, 51.585558192059899 ], [ -99.600669392329905, 51.585959355103206 ], [ -99.598761148224, 51.584207492348391 ], [ -99.601438310037395, 51.585402754920601 ], [ -99.598964749962406, 51.582824796161908 ], [ -99.601065090043207, 51.582330479577799 ], [ -99.607954858441303, 51.566820405105496 ], [ -99.6151767087553, 51.563950363808999 ], [ -99.624474433902193, 51.5630031754934 ], [ -99.630509972975787, 51.554611831743806 ], [ -99.630453649946006, 51.546529384041193 ], [ -99.621793256349321, 51.537076626189688 ], [ -99.644171416643104, 51.536499370637692 ], [ -99.644461453531406, 51.536500066310204 ] ] ] } },
{ "type": "Feature", "properties": { "OBJECTID": 1, "MUNI_NO": 189, "MUNI_NAME": "RM OF SPRINGFIELD", "MUNI_TYPE": "RM", "MUNI_LIST_NAME": "SPRINGFIELD", "MUNI_LIST_NAME_WITH_TYPE": "SPRINGFIELD (RM)", "Shape__Area": 2601484408.703125, "Shape__Length": 269137.5024463124 }, "geometry": { "type": "Polygon", "coordinates": [ [ [ -96.635857021886693, 50.061785400010208 ], [ -96.636851189563387, 49.973114690219276 ], [ -96.360863905009381, 49.972874328501497 ], [ -96.360865617043501, 49.88473831167201 ], [ -96.365948818619401, 49.884703847585889 ], [ -96.365959180443298, 49.7961338473796 ], [ -96.981266151915904, 49.797301118406097 ], [ -97.023355970656482, 49.797352603620283 ], [ -97.026402029448846, 49.797355630038709 ], [ -97.026820123937, 49.870947249151499 ], [ -96.981079758555694, 49.870942146999909 ], [ -96.981087563943021, 49.88582949554651 ], [ -96.956538983784, 49.885821981721492 ], [ -96.956756304694807, 49.897490012612202 ], [ -96.966396297724799, 49.915563837133014 ], [ -97.024985451434802, 49.915926026691402 ], [ -97.024770822058102, 49.930445645370497 ], [ -96.997291157167396, 49.930250202233609 ], [ -96.997211349645909, 49.930786439690834 ], [ -96.996671762955003, 49.934411652323391 ], [ -96.9906429462647, 49.9343647134409 ], [ -96.990445733947794, 49.94493566627429 ], [ -97.002072883128719, 49.944974326473393 ], [ -97.001704431272898, 49.967517504113609 ], [ -96.990490731676303, 49.967447141144092 ], [ -96.990363352456797, 49.974710468950803 ], [ -96.96192304411862, 49.974450390259307 ], [ -96.962715478990205, 49.989184923108901 ], [ -96.956681310108294, 49.98913350419771 ], [ -96.956970830347927, 49.994678047956008 ], [ -96.956970830347927, 49.994678047956022 ], [ -96.957072367568799, 49.996622236824599 ], [ -96.951031671148499, 49.996668599181106 ], [ -96.951095568480014, 50.000289160074402 ], [ -96.945477385619597, 50.000348716885114 ], [ -96.9455618572416, 50.003970984760407 ], [ -96.939945599837699, 50.004020883886298 ], [ -96.939958447897467, 50.007553555845362 ], [ -96.939959768757404, 50.007916704300307 ], [ -96.930701586441501, 50.007749697871304 ], [ -96.930688185473798, 50.0041120335136 ], [ -96.926759382356593, 50.004147470293518 ], [ -96.926765848740999, 50.00779920151129 ], [ -96.922282015700404, 50.007848517299401 ], [ -96.922273376742993, 50.004187770762996 ], [ -96.904988740047799, 50.004260775843107 ], [ -96.904969029481293, 49.996757885034306 ], [ -96.887649151345002, 49.997826614375697 ], [ -96.887646061921103, 49.996685933450017 ], [ -96.860543213441304, 49.996523984313207 ], [ -96.860532946783394, 49.9937835201954 ], [ -96.842511128027013, 49.993675985588297 ], [ -96.842384271484903, 50.033214529524287 ], [ -96.853654496821804, 50.033144656730101 ], [ -96.8536367773617, 50.0371048572974 ], [ -96.865279783804212, 50.037224241143804 ], [ -96.865276898470967, 50.054239337273295 ], [ -96.865276619918006, 50.055881296620797 ], [ -96.859654248811907, 50.055875849801097 ], [ -96.859646621462403, 50.059494062796212 ], [ -96.854022985883503, 50.059494888297394 ], [ -96.854031220958106, 50.063114294191699 ], [ -96.704670870374599, 50.062213477686797 ], [ -96.635857021886693, 50.061785400010208 ] ] ] } },
{ "type": "Feature", "properties": { "OBJECTID": 32, "MUNI_NO": 174, "MUNI_NAME": "RM OF ST. ANDREWS", "MUNI_TYPE": "RM", "MUNI_LIST_NAME": "ST ANDREWS", "MUNI_LIST_NAME_WITH_TYPE": "ST ANDREWS (RM)", "Shape__Area": 1982140462.8046875, "Shape__Length": 242399.68978673982 }, "geometry": { "type": "Polygon", "coordinates": [ [ [ -96.929092676277875, 50.111261861833555 ], [ -96.930135954324996, 50.110737150316808 ], [ -96.930418526370445, 50.110359761115276 ], [ -96.9394820953231, 50.098251045646997 ], [ -96.937515835013699, 50.089208823210392 ], [ -96.939471954531598, 50.085499282015604 ], [ -96.937855877987801, 50.081882938469327 ], [ -96.938940810412319, 50.079763438285909 ], [ -96.948164472228697, 50.076469891907806 ], [ -96.951718650776897, 50.069253274487494 ], [ -96.960571230619493, 50.06501675605881 ], [ -96.974567351268917, 50.065100144145795 ], [ -96.979189324405795, 50.063194107029801 ], [ -96.988259972076904, 50.052115996650606 ], [ -96.986391160507694, 50.042406632702807 ], [ -96.987557524443901, 50.040369257444205 ], [ -96.992131036390802, 50.038618708591102 ], [ -97.000423223282894, 50.038413701910194 ], [ -97.008114786592898, 50.032531119436207 ], [ -97.025579396209807, 50.032844546805102 ], [ -97.032349332694494, 50.0286150478913 ], [ -97.1088164037577, 50.062256344923796 ], [ -97.108815196810696, 50.063713190945599 ], [ -97.115285158892021, 50.063716965728624 ], [ -97.1161200890066, 50.225833506212204 ], [ -97.117337731814303, 50.240754280181598 ], [ -97.1134319061848, 50.240747367324182 ], [ -97.114475319304503, 50.506847515190884 ], [ -96.987374881669098, 50.506522410675075 ], [ -96.986488851098301, 50.491572518817605 ], [ -96.975134372324192, 50.491577660328502 ], [ -96.975119127360301, 50.487951607466002 ], [ -96.966310394625694, 50.487947540024805 ], [ -96.9685944467506, 50.491577348115896 ], [ -96.952647627539093, 50.491577996892794 ], [ -96.948972089148398, 50.486294822989713 ], [ -96.950860782747796, 50.482231154254492 ], [ -96.949612161456699, 50.478175799149724 ], [ -96.957220737981615, 50.476853889411906 ], [ -96.954614915436494, 50.457919848503586 ], [ -96.9558678798914, 50.447424414011401 ], [ -96.955291660957897, 50.454805642813199 ], [ -96.963305687461713, 50.4548097781717 ], [ -96.9633512127117, 50.440018249098209 ], [ -96.956641508984106, 50.440000235358887 ], [ -96.956642552172994, 50.436506540471704 ], [ -96.95434351510292, 50.4365003016323 ], [ -96.956915177583596, 50.428634435497806 ], [ -96.945664782693299, 50.4292643842251 ], [ -96.944704390160496, 50.426563925253809 ], [ -96.936572909500299, 50.422358939819198 ], [ -96.913307786592696, 50.415949009830285 ], [ -96.910180945105509, 50.4110313214222 ], [ -96.891709182510198, 50.4057464153464 ], [ -96.890073339462489, 50.403760429326297 ], [ -96.890308329287095, 50.400845955743812 ], [ -96.882064079974299, 50.402373583981117 ], [ -96.87419490202862, 50.401168636269702 ], [ -96.872564905214205, 50.400466485446707 ], [ -96.872101616837099, 50.399583615019949 ], [ -96.866563631998346, 50.389949507450794 ], [ -96.8662533064104, 50.389380148606904 ], [ -96.853490512800292, 50.386499526887889 ], [ -96.852346446998865, 50.385576943689799 ], [ -96.851800126625719, 50.385136368473006 ], [ -96.8517457094772, 50.383370844532905 ], [ -96.856616101144596, 50.379813016202299 ], [ -96.857541420501093, 50.37651806155381 ], [ -96.848756166389506, 50.367022404492502 ], [ -96.845888545723398, 50.361187362459695 ], [ -96.844316768433501, 50.352547693735289 ], [ -96.837855626909104, 50.344715243368007 ], [ -96.828826356770406, 50.339219535684293 ], [ -96.826928159939001, 50.336695358686697 ], [ -96.825815872015795, 50.335878796178093 ], [ -96.825502156123136, 50.334798877198971 ], [ -96.824722887145398, 50.333762427920114 ], [ -96.822850296814394, 50.327004750401493 ], [ -96.822973401944751, 50.32609204371159 ], [ -96.822743818064097, 50.325301381357697 ], [ -96.823754950769001, 50.3202967153317 ], [ -96.83847182170382, 50.30387849578721 ], [ -96.839266958986798, 50.302991023472501 ], [ -96.841550187401666, 50.301853269569015 ], [ -96.8446815832081, 50.300292684432399 ], [ -96.845402043948397, 50.299933600672304 ], [ -96.859223070605694, 50.296595812364494 ], [ -96.862221796528104, 50.294734434634421 ], [ -96.862871342315856, 50.293226594929088 ], [ -96.863399005578813, 50.292001610758554 ], [ -96.863652036104199, 50.291414168417397 ], [ -96.862083894676005, 50.288336541445886 ], [ -96.852551718717507, 50.281814086723095 ], [ -96.848335476364298, 50.276747945459199 ], [ -96.846283897295393, 50.2583501879556 ], [ -96.833672860203507, 50.239942196852496 ], [ -96.831507820470705, 50.224171008266701 ], [ -96.835079269630896, 50.214165505578208 ], [ -96.831439578263016, 50.202077542663901 ], [ -96.831235739136503, 50.201400361372798 ], [ -96.842396763582002, 50.192222954399405 ], [ -96.8428077303208, 50.181807027418103 ], [ -96.8565449795489, 50.173811339991254 ], [ -96.857398114635018, 50.173314618736505 ], [ -96.859732207030106, 50.168880050860302 ], [ -96.856624830376106, 50.16308606866351 ], [ -96.891125592887803, 50.177620600991801 ], [ -96.892984499165706, 50.166304795167704 ], [ -96.961493092545297, 50.166610600733094 ], [ -96.961534035159005, 50.162722681424214 ], [ -96.966833737475596, 50.159695585515607 ], [ -96.929403226760201, 50.143520238345609 ], [ -96.888874189737493, 50.126347262415003 ], [ -96.893894645957005, 50.1228833045218 ], [ -96.900103408645606, 50.121341394300707 ], [ -96.905788723581495, 50.11635546468559 ], [ -96.920640990526536, 50.115205628286056 ], [ -96.921360786007497, 50.115149844800897 ], [ -96.92294094244626, 50.11435536772678 ], [ -96.929092676277875, 50.111261861833555 ] ] ] } },
{ "type": "Feature", "properties": { "OBJECTID": 50, "MUNI_NO": 176, "MUNI_NAME": "RM OF ST. CLEMENTS", "MUNI_TYPE": "RM", "MUNI_LIST_NAME": "ST CLEMENTS", "MUNI_LIST_NAME_WITH_TYPE": "ST CLEMENTS (RM)", "Shape__Area": 2043183852.8632813, "Shape__Length": 451129.38293248438 }, "geometry": { "type": "MultiPolygon", "coordinates": [ [ [ [ -96.854031220958106, 50.063114294191699 ], [ -96.854022985883503, 50.059494888297394 ], [ -96.859646621462403, 50.059494062796212 ], [ -96.859654248811907, 50.055875849801097 ], [ -96.865276619918006, 50.055881296620797 ], [ -96.865276898470967, 50.054239337273295 ], [ -96.885307079462706, 50.062951476759828 ], [ -96.888945464826406, 50.062962431373712 ], [ -96.886885770254111, 50.062066481211701 ], [ -96.906204171020505, 50.046899481893405 ], [ -96.913408661031198, 50.050052088443991 ], [ -96.912447919566205, 50.041951522657797 ], [ -96.950313790544996, 50.012186804525598 ], [ -96.939959768757404, 50.007916704300307 ], [ -96.939958447897467, 50.007553555845362 ], [ -96.939945599837699, 50.004020883886298 ], [ -96.9455618572416, 50.003970984760407 ], [ -96.945477385619597, 50.000348716885114 ], [ -96.951095568480014, 50.000289160074402 ], [ -96.951031671148499, 49.996668599181106 ], [ -96.957072367568799, 49.996622236824599 ], [ -96.956970830347927, 49.994678047956022 ], [ -97.032349332694494, 50.0286150478913 ], [ -97.025579396209807, 50.032844546805102 ], [ -97.008114786592898, 50.032531119436207 ], [ -97.000423223282894, 50.038413701910194 ], [ -96.992131036390802, 50.038618708591102 ], [ -96.987557524443901, 50.040369257444205 ], [ -96.986391160507694, 50.042406632702807 ], [ -96.988259972076904, 50.052115996650606 ], [ -96.979189324405795, 50.063194107029801 ], [ -96.974567351268917, 50.065100144145795 ], [ -96.960571230619493, 50.06501675605881 ], [ -96.951718650776897, 50.069253274487494 ], [ -96.948164472228697, 50.076469891907806 ], [ -96.938940810412319, 50.079763438285909 ], [ -96.937855877987801, 50.081882938469327 ], [ -96.939471954531598, 50.085499282015604 ], [ -96.937515835013699, 50.089208823210392 ], [ -96.9394820953231, 50.098251045646997 ], [ -96.930418526370445, 50.110359761115276 ], [ -96.930135954324996, 50.110737150316808 ], [ -96.929092676277875, 50.111261861833555 ], [ -96.92294094244626, 50.11435536772678 ], [ -96.921360786007497, 50.115149844800897 ], [ -96.920640990526536, 50.115205628286056 ], [ -96.905788723581495, 50.11635546468559 ], [ -96.900103408645606, 50.121341394300707 ], [ -96.893894645957005, 50.1228833045218 ], [ -96.888874189737493, 50.126347262415003 ], [ -96.888124641662799, 50.126438629518951 ], [ -96.88606841479654, 50.126689244771484 ], [ -96.863032395829919, 50.124940461150594 ], [ -96.858259771788596, 50.126069650187297 ], [ -96.857045947289762, 50.127360569962946 ], [ -96.856317424404537, 50.128135320974621 ], [ -96.855840919865486, 50.128642044253603 ], [ -96.856043652696698, 50.129138173000399 ], [ -96.855682381189894, 50.130461474041695 ], [ -96.857449908181593, 50.132579248634315 ], [ -96.869190202550499, 50.136452349778992 ], [ -96.871285848435406, 50.139078122450783 ], [ -96.850873024610195, 50.15229540308669 ], [ -96.850732075161702, 50.156773029344087 ], [ -96.856624830376106, 50.16308606866351 ], [ -96.859732207030106, 50.168880050860302 ], [ -96.857398114635018, 50.173314618736505 ], [ -96.8565449795489, 50.173811339991254 ], [ -96.8428077303208, 50.181807027418103 ], [ -96.842396763582002, 50.192222954399405 ], [ -96.831235739136503, 50.201400361372798 ], [ -96.831439578263016, 50.202077542663901 ], [ -96.835079269630896, 50.214165505578208 ], [ -96.831507820470705, 50.224171008266701 ], [ -96.833672860203507, 50.239942196852496 ], [ -96.846283897295393, 50.2583501879556 ], [ -96.848335476364298, 50.276747945459199 ], [ -96.852551718717507, 50.281814086723095 ], [ -96.862083894676005, 50.288336541445886 ], [ -96.863652036104199, 50.291414168417397 ], [ -96.863399005578813, 50.292001610758554 ], [ -96.862871342315856, 50.293226594929088 ], [ -96.862221796528104, 50.294734434634421 ], [ -96.859223070605694, 50.296595812364494 ], [ -96.845402043948397, 50.299933600672304 ], [ -96.8446815832081, 50.300292684432399 ], [ -96.841550187401666, 50.301853269569015 ], [ -96.839266958986798, 50.302991023472501 ], [ -96.83847182170382, 50.30387849578721 ], [ -96.823754950769001, 50.3202967153317 ], [ -96.822743818064097, 50.325301381357697 ], [ -96.822973401944751, 50.32609204371159 ], [ -96.822850296814394, 50.327004750401493 ], [ -96.824722887145398, 50.333762427920114 ], [ -96.825502156123136, 50.334798877198971 ], [ -96.825815872015795, 50.335878796178093 ], [ -96.826928159939001, 50.336695358686697 ], [ -96.828826356770406, 50.339219535684293 ], [ -96.837855626909104, 50.344715243368007 ], [ -96.844316768433501, 50.352547693735289 ], [ -96.845888545723398, 50.361187362459695 ], [ -96.848756166389506, 50.367022404492502 ], [ -96.857541420501093, 50.37651806155381 ], [ -96.856616101144596, 50.379813016202299 ], [ -96.8517457094772, 50.383370844532905 ], [ -96.851800126625719, 50.385136368473006 ], [ -96.852346446998865, 50.385576943689799 ], [ -96.853490512800292, 50.386499526887889 ], [ -96.854611079479398, 50.387403109682296 ], [ -96.8662533064104, 50.389380148606904 ], [ -96.866563631998346, 50.389949507450794 ], [ -96.872101616837099, 50.399583615019949 ], [ -96.872564905214205, 50.400466485446707 ], [ -96.871538693102195, 50.401718188605408 ], [ -96.841924321573501, 50.3988877317855 ], [ -96.816165407820392, 50.398735126037501 ], [ -96.815076169162694, 50.398246942400213 ], [ -96.816359904041207, 50.397412067174706 ], [ -96.812493341862009, 50.397343889863102 ], [ -96.809950079712493, 50.394210847562299 ], [ -96.804587965245702, 50.394388565258197 ], [ -96.802083966849494, 50.392398410854113 ], [ -96.803931943736899, 50.3935126885927 ], [ -96.8004842222131, 50.38805071315231 ], [ -96.795948027753994, 50.385905029502894 ], [ -96.795577195024293, 50.38207075622271 ], [ -96.790140546818108, 50.374650354438501 ], [ -96.787530249982794, 50.366213130314307 ], [ -96.784129900900197, 50.361776926387591 ], [ -96.781483574113693, 50.360179358760597 ], [ -96.7778535400397, 50.361283840703898 ], [ -96.774692197237698, 50.35867785344891 ], [ -96.770097365369907, 50.362066278123201 ], [ -96.766743972880107, 50.360414330508284 ], [ -96.761851209793903, 50.361003834956399 ], [ -96.759690522353395, 50.362396880328411 ], [ -96.760724338784982, 50.363734531625205 ], [ -96.759273913340294, 50.365420086269097 ], [ -96.7699056679118, 50.3820489147788 ], [ -96.774436328111193, 50.382477528060505 ], [ -96.775447687174704, 50.378300844473301 ], [ -96.778863926024101, 50.376081499643306 ], [ -96.777598559447995, 50.374114457225303 ], [ -96.780379225805603, 50.375408850426901 ], [ -96.781094049598195, 50.378174880220911 ], [ -96.778055062278099, 50.37773906270251 ], [ -96.775791026252605, 50.38058307855399 ], [ -96.778339854207104, 50.380825197251205 ], [ -96.782452318314597, 50.384488100199697 ], [ -96.781938000619405, 50.387671411225803 ], [ -96.778586812758107, 50.390139444074194 ], [ -96.7305293976017, 50.388428811662401 ], [ -96.701330948611698, 50.389694648993107 ], [ -96.697011428192909, 50.388246457632995 ], [ -96.694436162843104, 50.390579042383607 ], [ -96.66681556193798, 50.395766756007198 ], [ -96.657976000512093, 50.39498892271758 ], [ -96.655848014699203, 50.397169724614692 ], [ -96.653390037002396, 50.397219086752699 ], [ -96.652566993882203, 50.396361455028199 ], [ -96.649871049965995, 50.3951061819944 ], [ -96.648952082383801, 50.395051624149893 ], [ -96.6475067931609, 50.392980558358403 ], [ -96.645833652853511, 50.39423295779271 ], [ -96.646475716303499, 50.396184347509305 ], [ -96.649797207928899, 50.395176648234802 ], [ -96.651113902461802, 50.397717315503492 ], [ -96.636023339131697, 50.40531796268489 ], [ -96.633856687750296, 50.408691938302191 ], [ -96.635349369823999, 50.412635061972601 ], [ -96.628362472759903, 50.414566084801905 ], [ -96.626094956326199, 50.416840488409797 ], [ -96.627373575973806, 50.422663762227693 ], [ -96.631571342204595, 50.423891675893422 ], [ -96.630368249159801, 50.425005014007397 ], [ -96.632600954467605, 50.426678551853698 ], [ -96.631309804324104, 50.42743930853689 ], [ -96.629121106158195, 50.426998935705498 ], [ -96.627557874310796, 50.424187650476199 ], [ -96.62700620535098, 50.425224293623394 ], [ -96.621603846874294, 50.422887705817992 ], [ -96.597054700771295, 50.430145603746595 ], [ -96.592196830532799, 50.426253784603297 ], [ -96.596219852121394, 50.426611354974284 ], [ -96.597407133242399, 50.429581711091906 ], [ -96.598847937355103, 50.428797432891187 ], [ -96.597512157188703, 50.426255777856198 ], [ -96.59985470195582, 50.427684861943298 ], [ -96.600192985763712, 50.427538930431005 ], [ -96.597931959278199, 50.425472900861905 ], [ -96.599190660674296, 50.424945708577496 ], [ -96.596868676917197, 50.425199076646706 ], [ -96.594715925817994, 50.421696038275208 ], [ -96.595281285563502, 50.421374920029201 ], [ -96.596152696601393, 50.422238455650998 ], [ -96.600954537322295, 50.424730253793207 ], [ -96.6031462529956, 50.425382601315505 ], [ -96.596283829326495, 50.422151217460794 ], [ -96.595393800919396, 50.421377246685495 ], [ -96.599040974352405, 50.422059760277008 ], [ -96.598995059614396, 50.420601641817797 ], [ -96.600359063672798, 50.420634294090803 ], [ -96.599369277354995, 50.418769914578903 ], [ -96.5946444461255, 50.419355889456305 ], [ -96.595256367342401, 50.421172019848498 ], [ -96.593842161027197, 50.421435100238291 ], [ -96.591853880680901, 50.420386515296009 ], [ -96.593331052765393, 50.4183257845296 ], [ -96.590966118979495, 50.419153817175804 ], [ -96.592429554129396, 50.417641501372515 ], [ -96.5966013160605, 50.418105584366607 ], [ -96.595448683086005, 50.417375657117098 ], [ -96.597514002563599, 50.416901139799606 ], [ -96.6046581515795, 50.419000409632702 ], [ -96.6056862113617, 50.419831120354218 ], [ -96.604503243297501, 50.419838239447387 ], [ -96.604209076671793, 50.422458682262409 ], [ -96.602510875716206, 50.421794042261205 ], [ -96.603763543910802, 50.423196076870305 ], [ -96.608598507456804, 50.423084225013589 ], [ -96.609157530929295, 50.421629556428499 ], [ -96.612765220036493, 50.423381214400209 ], [ -96.613087899688395, 50.421584368455001 ], [ -96.611138295084899, 50.421157555884001 ], [ -96.613161977838004, 50.421091171531316 ], [ -96.594526989441206, 50.415422692890992 ], [ -96.583765813864503, 50.418307323799816 ], [ -96.582671040529604, 50.420591763140905 ], [ -96.566375752318805, 50.429768498019797 ], [ -96.567073312896696, 50.434015196706994 ], [ -96.572235454254795, 50.439367097169892 ], [ -96.574029636708417, 50.439260618504399 ], [ -96.572890103231103, 50.440473639971302 ], [ -96.577212102771796, 50.439272990174906 ], [ -96.579197700776419, 50.440659071918702 ], [ -96.580642142570696, 50.440230389921396 ], [ -96.579148739313197, 50.439686605747298 ], [ -96.579760724781906, 50.438458049300394 ], [ -96.582403802083206, 50.438827843057616 ], [ -96.582021560112594, 50.437070392580317 ], [ -96.5763138478505, 50.435489913925906 ], [ -96.580151451590893, 50.433559470518304 ], [ -96.583740081494099, 50.43747939705711 ], [ -96.585412462524801, 50.436996925267593 ], [ -96.573302244502699, 50.45017422424651 ], [ -96.573830301125, 50.445085145191193 ], [ -96.574413939584105, 50.445241236708206 ], [ -96.57528469169101, 50.445016531536908 ], [ -96.575253044388504, 50.444808989541613 ], [ -96.569106115579999, 50.445463229828604 ], [ -96.569748707236798, 50.449416417374792 ], [ -96.573946696325393, 50.453272909427703 ], [ -96.573887706744799, 50.458830506369004 ], [ -96.576329539171098, 50.463432809711499 ], [ -96.575682245028602, 50.466720431611108 ], [ -96.583255924530619, 50.474064904311497 ], [ -96.5820328611467, 50.477592446771112 ], [ -96.583778182926295, 50.483169521197595 ], [ -96.596432999048901, 50.49326297639201 ], [ -96.602292170375108, 50.500075988316105 ], [ -96.604980021984701, 50.507713935062505 ], [ -96.604462049667703, 50.514044576487024 ], [ -96.606080282886992, 50.519978434203104 ], [ -96.608840485412003, 50.522032016818798 ], [ -96.611150516088799, 50.52099109760951 ], [ -96.612801035599105, 50.522113331143807 ], [ -96.614082064919103, 50.520772403874503 ], [ -96.618620695058794, 50.523941567662817 ], [ -96.615231492676799, 50.52903513432009 ], [ -96.617458761272914, 50.533281286522502 ], [ -96.613048400647997, 50.533145938712607 ], [ -96.611356880531702, 50.535620759342798 ], [ -96.6095772210397, 50.534253000423803 ], [ -96.609388984164596, 50.535184584855898 ], [ -96.614353439289204, 50.538326668910805 ], [ -96.627230678974101, 50.540469808483692 ], [ -96.628346965421898, 50.53763224924689 ], [ -96.6272468514602, 50.53564898207339 ], [ -96.627334579538001, 50.534463470487317 ], [ -96.621304736312695, 50.531731916804091 ], [ -96.622443651302405, 50.5309726504059 ], [ -96.6212697971594, 50.530462948453099 ], [ -96.623838927278911, 50.531288977892586 ], [ -96.626267396752695, 50.532669752519709 ], [ -96.627640895915405, 50.533984001300006 ], [ -96.628909261465296, 50.53795852064161 ], [ -96.628359138042711, 50.543577987119903 ], [ -96.630990133429904, 50.548254834721583 ], [ -96.638033110244507, 50.553929695779509 ], [ -96.628835673208599, 50.553913590181402 ], [ -96.626430657022397, 50.547620583943299 ], [ -96.602272947834805, 50.547486887316708 ], [ -96.600919440705297, 50.545507142392402 ], [ -96.6024902255743, 50.544873901211403 ], [ -96.601412680341298, 50.544410958152497 ], [ -96.602610565269899, 50.542501774546899 ], [ -96.598313453076301, 50.53595496429201 ], [ -96.597763556827587, 50.538444150559705 ], [ -96.599587728012807, 50.540471744727995 ], [ -96.595118232512405, 50.540473417863701 ], [ -96.595155563843804, 50.547692457562505 ], [ -96.583795435410281, 50.547732769576065 ], [ -96.583786558157001, 50.532949726709695 ], [ -96.537496166496297, 50.5329469928866 ], [ -96.537830193234598, 50.41528461277229 ], [ -96.445621010301096, 50.4151402313367 ], [ -96.445499739652007, 50.326276932355398 ], [ -96.353345119809205, 50.326732296407506 ], [ -96.353121338227595, 50.282606125363102 ], [ -96.604416672044195, 50.281496885675509 ], [ -96.628489266488799, 50.283553374194597 ], [ -96.627871767721203, 50.239204914479494 ], [ -96.680114162065294, 50.23934429088041 ], [ -96.6801497778103, 50.150518640132709 ], [ -96.703237522353504, 50.15057682099259 ], [ -96.7041328413044, 50.091699963500801 ], [ -96.712620274654299, 50.091735458414803 ], [ -96.7126459204638, 50.089903739429317 ], [ -96.7155047268988, 50.089916672413992 ], [ -96.715801640677, 50.06974215590251 ], [ -96.704478921411095, 50.069706994283791 ], [ -96.704669767098395, 50.062256555891295 ], [ -96.704670870374599, 50.062213477686797 ], [ -96.854031220958106, 50.063114294191699 ] ] ], [ [ [ -96.588785723558303, 50.577515517964507 ], [ -96.587546041869899, 50.579338660946078 ], [ -96.583815783076702, 50.581579286486999 ], [ -96.583814308598178, 50.579128394973679 ], [ -96.588785723558303, 50.577515517964507 ] ] ] ] } },
{ "type": "Feature", "properties": { "OBJECTID": 97, "MUNI_NO": 177, "MUNI_NAME": "RM OF ST. FRANCOIS XAVIER", "MUNI_TYPE": "RM", "MUNI_LIST_NAME": "ST FRANCOIS XAVIER", "MUNI_LIST_NAME_WITH_TYPE": "ST FRANCOIS XAVIER (RM)", "Shape__Area": 503674219.203125, "Shape__Length": 243847.11385519218 }, "geometry": { "type": "Polygon", "coordinates": [ [ [ -97.798636959964597, 49.999757724177208 ], [ -97.799898898871987, 50.000259473938335 ], [ -97.800242007397401, 50.000300780477694 ], [ -97.800424617826451, 50.000468492855127 ], [ -97.801306507472873, 50.001278411904174 ], [ -97.802006413534599, 50.001921172200419 ], [ -97.801728611608198, 50.002582690094364 ], [ -97.80152469199453, 50.003068262067679 ], [ -97.8013713177792, 50.003433468371298 ], [ -97.790932917941618, 50.0072873046661 ], [ -97.789179825749699, 50.011758156452203 ], [ -97.796818268635207, 50.013105558028009 ], [ -97.806269066336796, 50.005929263656199 ], [ -97.811754184234005, 50.006081925367901 ], [ -97.812495696840998, 50.008971417974593 ], [ -97.808030166761796, 50.014292081405785 ], [ -97.81534524756222, 50.011984445357797 ], [ -97.819276083864295, 50.017354273250604 ], [ -97.829929566215796, 50.022117064125403 ], [ -97.829140686869593, 50.024498944303701 ], [ -97.821567420385506, 50.028126460567499 ], [ -97.821594600771803, 50.031099065132508 ], [ -97.833358889086497, 50.031294708993393 ], [ -97.83691712194161, 50.033740238248399 ], [ -97.835283689296205, 50.036675166067695 ], [ -97.826581884634294, 50.040192674268297 ], [ -97.8253078795222, 50.043110549897598 ], [ -97.828190664112995, 50.043397384823898 ], [ -97.831919217421103, 50.039481338474701 ], [ -97.837107619672494, 50.039540532491117 ], [ -97.838839114057095, 50.041526450183007 ], [ -97.839244840442902, 50.0477222111858 ], [ -97.842614051885306, 50.049520038880793 ], [ -97.847238109427593, 50.047779311316603 ], [ -97.849399097162305, 50.040372007836503 ], [ -97.853778326405319, 50.036896520798095 ], [ -97.856905229876503, 50.038748538953691 ], [ -97.857752573175901, 50.046470271035595 ], [ -97.868029753593603, 50.040028389026808 ], [ -97.870075634127105, 50.0411750026135 ], [ -97.869556747021093, 50.044965254647202 ], [ -97.871712930486893, 50.04752314677679 ], [ -97.891155766644914, 50.04863391576891 ], [ -97.90511782217952, 50.054593192472709 ], [ -97.908273040763504, 50.053888154160695 ], [ -97.912223410533798, 50.047174247237699 ], [ -97.916038044063299, 50.045041251506596 ], [ -97.926255240660694, 50.044574352144693 ], [ -97.928960257994106, 50.046084347080786 ], [ -97.928834983154005, 50.049050062611613 ], [ -97.933307607903103, 50.0496421031023 ], [ -97.942551764428998, 50.047201944146401 ], [ -97.950115258417199, 50.04225188265471 ], [ -97.9502045119645, 50.042842950370996 ], [ -97.94713610027577, 50.076742410114754 ], [ -97.947136095201486, 50.076742412073777 ], [ -97.929680782008518, 50.083478824495202 ], [ -97.902291473830203, 50.083166996944193 ], [ -97.879049996077796, 50.078442369050101 ], [ -97.879049677338173, 50.078442360852868 ], [ -97.830489295541597, 50.077181537503506 ], [ -97.813812202154196, 50.071172294648214 ], [ -97.809829077876103, 50.063693964440994 ], [ -97.735421863235999, 50.063670333015196 ], [ -97.735310409055899, 50.043004713208305 ], [ -97.697249766670808, 50.029951376764799 ], [ -97.651859584248498, 49.996219092234803 ], [ -97.642604774133204, 50.019546302792399 ], [ -97.631750477855405, 50.019547494798999 ], [ -97.631706066642892, 50.015653214882704 ], [ -97.626089268214699, 50.015655810268207 ], [ -97.626030619023894, 50.012030428165701 ], [ -97.603069857764496, 50.012020762769097 ], [ -97.603044715386901, 50.008376050956095 ], [ -97.597001721542497, 50.008410201234298 ], [ -97.596972154141199, 50.004772490601709 ], [ -97.591396842195905, 50.004777941742105 ], [ -97.591371616407102, 50.000882891471399 ], [ -97.585753400364496, 50.000890498978009 ], [ -97.585727030683699, 49.997259905543707 ], [ -97.580102238541897, 49.997270417236521 ], [ -97.580094028342501, 49.993634993374023 ], [ -97.574051383065395, 49.99364749652311 ], [ -97.574042556244706, 49.990023036911701 ], [ -97.5627757133974, 49.990023331552806 ], [ -97.562793650255401, 49.986125599938902 ], [ -97.5571948725146, 49.986124907901598 ], [ -97.557215812575819, 49.982494489523205 ], [ -97.551171472530797, 49.982493632591101 ], [ -97.551160396716497, 49.97886922565641 ], [ -97.545541227702699, 49.978871311920607 ], [ -97.545523487321603, 49.975246917932601 ], [ -97.539896252449196, 49.975251903788497 ], [ -97.539887878486695, 49.971353617937197 ], [ -97.534264711320503, 49.971356573913802 ], [ -97.534258160494105, 49.967732440676095 ], [ -97.528206561057999, 49.967732955914911 ], [ -97.528200730308598, 49.964107454177906 ], [ -97.522565093246499, 49.96412378046881 ], [ -97.522557362253721, 49.960496911244704 ], [ -97.516926349980395, 49.960512074580699 ], [ -97.516924283584501, 49.956622003362583 ], [ -97.511297571909097, 49.956628920722601 ], [ -97.511298783773498, 49.953011927059798 ], [ -97.5052569079227, 49.953019433277206 ], [ -97.505250397513194, 49.949393126708202 ], [ -97.499624530971701, 49.949390685810002 ], [ -97.499622252286798, 49.945765885287805 ], [ -97.493997237929094, 49.945765111895106 ], [ -97.493990267285795, 49.941872446343204 ], [ -97.488363589428502, 49.941873867803508 ], [ -97.4883639607242, 49.934616324158391 ], [ -97.482319084988617, 49.934615095472516 ], [ -97.482316455456598, 49.930986462694101 ], [ -97.476695093575799, 49.930989792223102 ], [ -97.476680415811998, 49.927093439792905 ], [ -97.471056753800113, 49.927096324529096 ], [ -97.471054948314219, 49.923471119918986 ], [ -97.444729649990236, 49.923520075088128 ], [ -97.448997439561509, 49.871215425355217 ], [ -97.449860718327031, 49.870906049841054 ], [ -97.458370390975986, 49.867855779224293 ], [ -97.455105697118299, 49.863659409721208 ], [ -97.457253474091601, 49.860928955940402 ], [ -97.472452154915914, 49.857405594792986 ], [ -97.476100986624402, 49.858748032885892 ], [ -97.475721704418106, 49.86112401069721 ], [ -97.462148364654695, 49.860881709791997 ], [ -97.460246617500204, 49.863786042746703 ], [ -97.462071667916504, 49.864897770984093 ], [ -97.470300418335299, 49.864358618381594 ], [ -97.4719758238829, 49.866124979905187 ], [ -97.472570435047004, 49.871424413473406 ], [ -97.477858250821399, 49.873854675637183 ], [ -97.482121329945898, 49.873897428713498 ], [ -97.485592306346405, 49.871258889248502 ], [ -97.485778196757096, 49.864296712949397 ], [ -97.487671639165399, 49.860435158397905 ], [ -97.491763441088295, 49.858932218672003 ], [ -97.496407347986107, 49.859573557975089 ], [ -97.497233330047493, 49.861263343767313 ], [ -97.493497074267907, 49.862754843308707 ], [ -97.489262465868791, 49.868441836605314 ], [ -97.4899418336351, 49.87283386497861 ], [ -97.490466176680002, 49.872955362291734 ], [ -97.499732758663896, 49.875101982710504 ], [ -97.511108297994895, 49.874320733798591 ], [ -97.512196172286579, 49.879358637791405 ], [ -97.518268653577991, 49.882063271773184 ], [ -97.510459443538807, 49.8834481562806 ], [ -97.509175195650798, 49.884907497200395 ], [ -97.521447157414897, 49.886360871302777 ], [ -97.516724107355003, 49.889994821856803 ], [ -97.518793034424704, 49.893438955418013 ], [ -97.521188683414294, 49.893795403725605 ], [ -97.521688703474524, 49.893559791325551 ], [ -97.522487061878564, 49.893183589676553 ], [ -97.528843519177798, 49.889612459330998 ], [ -97.52947593551329, 49.889889750240648 ], [ -97.532367860577963, 49.891157655207557 ], [ -97.5366649934614, 49.893041353613803 ], [ -97.536507002546784, 49.89371576826867 ], [ -97.536364294214579, 49.894324928397282 ], [ -97.529492044727903, 49.896658878052506 ], [ -97.529186811145223, 49.897271726830375 ], [ -97.52901404933445, 49.897618590502404 ], [ -97.528568666940203, 49.898512783492883 ], [ -97.5307311008185, 49.900265273220107 ], [ -97.537293175190698, 49.900656526321399 ], [ -97.545174609037005, 49.897644226974897 ], [ -97.549649996759598, 49.898261630713392 ], [ -97.549689090867204, 49.900091204459002 ], [ -97.540508917068806, 49.90360188706601 ], [ -97.5406699971482, 49.906002351559991 ], [ -97.544938938918094, 49.907961034896822 ], [ -97.550309116993603, 49.905727857777791 ], [ -97.555375656201505, 49.90693597830758 ], [ -97.5572681566954, 49.910224106194903 ], [ -97.555207318330801, 49.913520296856703 ], [ -97.558827937636593, 49.918712737738502 ], [ -97.577827044286096, 49.920428843113505 ], [ -97.581113978467698, 49.922812844228197 ], [ -97.587118587494999, 49.931600967102504 ], [ -97.600238706885307, 49.931693693624595 ], [ -97.6008752416584, 49.933584590708612 ], [ -97.600184152960637, 49.933703254240626 ], [ -97.594065826118708, 49.935024004365339 ], [ -97.593772122886804, 49.93507500208019 ], [ -97.593845198167472, 49.935838141426252 ], [ -97.594051317735662, 49.937990545895076 ], [ -97.594148981391896, 49.939010325732703 ], [ -97.595972542970557, 49.939628435665881 ], [ -97.597252924243577, 49.940062400054515 ], [ -97.597686599813812, 49.94020938162668 ], [ -97.603719745186893, 49.93779164806741 ], [ -97.603865067886133, 49.937863235210699 ], [ -97.607829245155997, 49.939815849126397 ], [ -97.602874585514698, 49.943455232523199 ], [ -97.602189167353401, 49.946283637238807 ], [ -97.603349602692745, 49.947698300428627 ], [ -97.603603473089763, 49.948007774790227 ], [ -97.603756200342005, 49.948193950727003 ], [ -97.613819811276102, 49.944649186516095 ], [ -97.617509935587904, 49.945134255034908 ], [ -97.617527860321175, 49.945282743059401 ], [ -97.617678871096572, 49.946533672670988 ], [ -97.617847220665396, 49.947928148116198 ], [ -97.617523314296463, 49.947912820705142 ], [ -97.611169475702084, 49.948832114555216 ], [ -97.61055109147658, 49.94890125271931 ], [ -97.610666245899225, 49.949142878381885 ], [ -97.612488774917367, 49.952966676112204 ], [ -97.612656711607002, 49.95331898445481 ], [ -97.613571717033878, 49.953288187382064 ], [ -97.624805573485659, 49.952909384737943 ], [ -97.626515095096707, 49.952851627328705 ], [ -97.626563635047248, 49.952768911275399 ], [ -97.629166119114103, 49.94833357686479 ], [ -97.633014393810896, 49.947911207723799 ], [ -97.633531326323194, 49.949445730003703 ], [ -97.629441094640001, 49.951632652123102 ], [ -97.629844805880296, 49.953486856558406 ], [ -97.640101425266494, 49.951828153766606 ], [ -97.647727452474598, 49.953486829430119 ], [ -97.651325000227999, 49.95681091783019 ], [ -97.652688478344004, 49.964915521600808 ], [ -97.657244007319704, 49.967787474340305 ], [ -97.657663637136991, 49.967634602635187 ], [ -97.663052061805999, 49.965671339596902 ], [ -97.664142838811301, 49.962674137947609 ], [ -97.655105708194696, 49.959728171668118 ], [ -97.6547340142709, 49.959606978991715 ], [ -97.653830979211492, 49.956628068603067 ], [ -97.652632147348996, 49.9526727575278 ], [ -97.652267144350802, 49.951468358096299 ], [ -97.65293550112473, 49.950997973125091 ], [ -97.653169589575995, 49.949705507924406 ], [ -97.654977439420406, 49.949560780691982 ], [ -97.655443635509684, 49.949232635438015 ], [ -97.655421303864927, 49.949525241955307 ], [ -97.655207765782066, 49.952322987558368 ], [ -97.654978256829196, 49.953186721254603 ], [ -97.655125429445718, 49.953401651809543 ], [ -97.656621832636404, 49.955586864490904 ], [ -97.671503843521691, 49.958070915716505 ], [ -97.671535381576703, 49.959256912899491 ], [ -97.665603345461321, 49.961455309709706 ], [ -97.670257677547099, 49.964944517517907 ], [ -97.667132297146196, 49.967006745786698 ], [ -97.669122839570804, 49.969081589665983 ], [ -97.668762254551879, 49.973863499090022 ], [ -97.668736876076693, 49.974200017486091 ], [ -97.66918423143575, 49.974168300148357 ], [ -97.678254558647566, 49.973524769644655 ], [ -97.678711920394605, 49.973453315004491 ], [ -97.67882194456358, 49.973484485843947 ], [ -97.682938198316606, 49.974650537860605 ], [ -97.686816435987396, 49.978935641087311 ], [ -97.685680075801898, 49.982244506442306 ], [ -97.687272961688905, 49.986261009089596 ], [ -97.693830612583895, 49.992663876502696 ], [ -97.694853154287898, 49.996285420632702 ], [ -97.701025587043802, 49.997178148584311 ], [ -97.712079964507396, 50.001812055504999 ], [ -97.716034253953893, 50.001613333504103 ], [ -97.722072516034899, 49.998179512621796 ], [ -97.725829823514204, 49.998592780717487 ], [ -97.726390320887802, 50.00120352570729 ], [ -97.721710889880995, 50.006592895664006 ], [ -97.724237242158935, 50.010127982066876 ], [ -97.724420035437021, 50.010383737448997 ], [ -97.724845719161024, 50.010387501249888 ], [ -97.728096936997019, 50.010416187215206 ], [ -97.731580259782703, 50.006028791727601 ], [ -97.73176589937944, 50.005969176926087 ], [ -97.732819827282654, 50.005630717355842 ], [ -97.734521452208298, 50.00508422093619 ], [ -97.735334072666078, 50.005391200370056 ], [ -97.738329469377689, 50.006522661251331 ], [ -97.740769768300808, 50.0074443331713 ], [ -97.742053406266251, 50.009142574965892 ], [ -97.742272241876833, 50.00943207785857 ], [ -97.742467113810406, 50.009689875021103 ], [ -97.742266098470864, 50.01059980983262 ], [ -97.742247746956565, 50.014087677876958 ], [ -97.742246213877294, 50.014379028238409 ], [ -97.742666800496991, 50.014427543793765 ], [ -97.743598321440288, 50.014534989943307 ], [ -97.744564889833001, 50.0146464687896 ], [ -97.7457399218126, 50.01208721944495 ], [ -97.747262500038218, 50.010346775068967 ], [ -97.747416024231498, 50.010171274132503 ], [ -97.748040262444903, 50.010203001230828 ], [ -97.750914309267046, 50.010349024018872 ], [ -97.751630777117612, 50.010385412690702 ], [ -97.751756942456367, 50.010957922035907 ], [ -97.752772088812449, 50.014829597142082 ], [ -97.752794355155203, 50.014997369287201 ], [ -97.753566267542084, 50.015344322193677 ], [ -97.75583618576961, 50.01636452000642 ], [ -97.756109408223296, 50.016487311099496 ], [ -97.756319480767772, 50.016251292643418 ], [ -97.763081336005655, 50.008827896729123 ], [ -97.763315612107107, 50.008526697964783 ], [ -97.767350758001101, 50.006826720399609 ], [ -97.772047016273902, 50.00764549176651 ], [ -97.772488355319922, 50.007994247057979 ], [ -97.777747862556325, 50.011905043588314 ], [ -97.778108275940696, 50.012191550363006 ], [ -97.780368806664399, 50.01235630483027 ], [ -97.781291414405473, 50.0124235321044 ], [ -97.781454558849802, 50.012435418964095 ], [ -97.782605322420494, 50.009895787201202 ], [ -97.775512104832202, 50.004020102385802 ], [ -97.780700595353807, 50.004060875285113 ], [ -97.793917347615604, 49.999539156028597 ], [ -97.798636959964597, 49.999757724177208 ] ] ] } },
{ "type": "Feature", "properties": { "OBJECTID": 135, "MUNI_NO": 178, "MUNI_NAME": "RM OF ST. LAURENT", "MUNI_TYPE": "RM", "MUNI_LIST_NAME": "ST LAURENT", "MUNI_LIST_NAME_WITH_TYPE": "ST LAURENT (RM)", "Shape__Area": 1328859465.109375, "Shape__Length": 212982.22221675629 }, "geometry": { "type": "Polygon", "coordinates": [ [ [ -97.955741198241199, 50.343732442482107 ], [ -97.9476478004688, 50.354775804671696 ], [ -97.950707580108997, 50.358180617130294 ], [ -97.950263284943006, 50.359521176877195 ], [ -97.952245502659181, 50.359844840813892 ], [ -97.949677142357004, 50.360280355340208 ], [ -97.950909341412384, 50.364334176876397 ], [ -97.948459893371506, 50.365103506889305 ], [ -97.946816769185602, 50.36374407022641 ], [ -97.948064088155917, 50.365198858895809 ], [ -97.946817147484097, 50.365632764970492 ], [ -97.951924359927403, 50.364212919002405 ], [ -97.953025154483711, 50.367222254180419 ], [ -97.951568713345395, 50.367591368582616 ], [ -97.953717606681707, 50.368024433559398 ], [ -97.949422583832003, 50.369582107378285 ], [ -97.949940799213394, 50.367446272282095 ], [ -97.948011930899597, 50.367239971826493 ], [ -97.947435936959195, 50.370076789044298 ], [ -97.945818679271483, 50.370399407288517 ], [ -97.951272745392998, 50.374001248583895 ], [ -97.952036092873897, 50.370630974562701 ], [ -97.952438869336504, 50.372136560233393 ], [ -97.952782943863198, 50.372476924582109 ], [ -97.951269642120394, 50.375417736344097 ], [ -97.953002358249904, 50.372411446850492 ], [ -97.952017384923707, 50.369884324156807 ], [ -97.953989358488997, 50.370374248733803 ], [ -97.953493658978601, 50.372132565371899 ], [ -97.954263159894793, 50.371352533345302 ], [ -97.954293611850403, 50.370287047182103 ], [ -97.952111641796293, 50.369754763964607 ], [ -97.952911915783602, 50.368853602136603 ], [ -97.954072742895619, 50.368180521839101 ], [ -97.957088041265905, 50.371108086132303 ], [ -97.953728776289694, 50.374230224870395 ], [ -97.9494476155878, 50.384048778039109 ], [ -97.950879646888694, 50.385766016311209 ], [ -97.949375041106094, 50.386696777692904 ], [ -97.951422099549106, 50.385725939102798 ], [ -97.951922233883394, 50.387605639937313 ], [ -97.949769041556394, 50.388283232734203 ], [ -97.949291913732594, 50.388548735687202 ], [ -97.951870827711602, 50.387704107768101 ], [ -97.9525820737354, 50.390219764914193 ], [ -97.95060926783961, 50.3903683675602 ], [ -97.954293727686505, 50.391710136145186 ], [ -97.953332337318898, 50.393841995303504 ], [ -97.956793620721001, 50.397034380007796 ], [ -97.962887393488202, 50.4085738277372 ], [ -97.961826005413002, 50.412062906647108 ], [ -97.9633952169916, 50.413034727286501 ], [ -97.961436310670393, 50.413471437424995 ], [ -97.959800585676803, 50.4184303308746 ], [ -97.9606219345808, 50.420456752436792 ], [ -97.963794297497103, 50.421838598283109 ], [ -97.963013760126699, 50.429539217235707 ], [ -97.968717147319495, 50.433052467388599 ], [ -97.972791849679012, 50.439635886497683 ], [ -97.975360481077402, 50.440355541052803 ], [ -97.974770511259607, 50.441915237446004 ], [ -97.978440972020906, 50.447721430399199 ], [ -97.993044016982594, 50.458539524202003 ], [ -97.998470739025507, 50.46702943319049 ], [ -98.005827660065506, 50.471323990934614 ], [ -98.004847897656802, 50.472012619722918 ], [ -98.008019442393902, 50.473658538103003 ], [ -98.006810676830497, 50.473841591104197 ], [ -98.008240308629212, 50.475899819379997 ], [ -98.015293408819801, 50.481018584285692 ], [ -98.015583660792998, 50.483669641511604 ], [ -98.022107980145293, 50.485473883834203 ], [ -98.021107336016996, 50.487511504422905 ], [ -98.0255247733743, 50.488290538007803 ], [ -98.025458201750212, 50.4901561401525 ], [ -98.028333098393901, 50.491236914821201 ], [ -98.027072196685097, 50.490165145152304 ], [ -98.027410943604906, 50.490145492232003 ], [ -98.034649824131407, 50.496038055902794 ], [ -98.034885313679396, 50.498319866666002 ], [ -98.037713256762103, 50.497929576568907 ], [ -98.037179896953816, 50.499890250211998 ], [ -98.043192979143896, 50.506559052739391 ], [ -98.043141077548384, 50.50674962120199 ], [ -98.038774570754001, 50.506731205980707 ], [ -98.001215883348721, 50.51842038689179 ], [ -97.987661260960806, 50.5065461590805 ], [ -97.736972576970999, 50.506636656614909 ], [ -97.737510777496297, 50.594940467583299 ], [ -97.727638966641408, 50.594970055817463 ], [ -97.692509387048403, 50.595067437346003 ], [ -97.6675629795877, 50.594952910619007 ], [ -97.668640975612604, 50.476955503269302 ], [ -97.645563512332899, 50.477004444491484 ], [ -97.645040890540713, 50.41805171706114 ], [ -97.619319798028798, 50.418066528632302 ], [ -97.619319797054658, 50.418066527758498 ], [ -97.613874760522023, 50.413181557468519 ], [ -97.613874759999405, 50.413181556999596 ], [ -97.613117064147701, 50.414305756889789 ], [ -97.613117063344035, 50.414305756837926 ], [ -97.607989205470105, 50.413974692208207 ], [ -97.599171647813506, 50.404461455966889 ], [ -97.599220874235712, 50.329766153748132 ], [ -97.599220874236281, 50.3297661528661 ], [ -97.976971010385995, 50.329005190669605 ], [ -97.976971008961897, 50.329005191556405 ], [ -97.955741198241199, 50.343732442482107 ] ] ] } },
{ "type": "Feature", "properties": { "OBJECTID": 179, "MUNI_NO": 357, "MUNI_NAME": "VILLAGE OF ST. PIERRE-JOLYS", "MUNI_TYPE": "VILLAGE", "MUNI_LIST_NAME": "ST PIERRE-JOLYS", "MUNI_LIST_NAME_WITH_TYPE": "ST PIERRE-JOLYS (VILLAGE)", "Shape__Area": 6029749.6328125, "Shape__Length": 10070.968041503973 }, "geometry": { "type": "Polygon", "coordinates": [ [ [ -96.973968163199999, 49.446611902717699 ], [ -96.973941037818406, 49.433660548244106 ], [ -96.999168210003702, 49.433618093211891 ], [ -96.999250037866318, 49.442356189291807 ], [ -96.9964778555359, 49.442365980538 ], [ -96.996507674849312, 49.44664049045511 ], [ -96.973968163199999, 49.446611902717699 ] ] ] } },
{ "type": "Feature", "properties": { "OBJECTID": 10, "MUNI_NO": 190, "MUNI_NAME": "RM OF STANLEY", "MUNI_TYPE": "RM", "MUNI_LIST_NAME": "STANLEY", "MUNI_LIST_NAME_WITH_TYPE": "STANLEY (RM)", "Shape__Area": 1931369536.7109375, "Shape__Length": 263044.1969551497 }, "geometry": { "type": "Polygon", "coordinates": [ [ [ -97.866115127630707, 49.266141519006496 ], [ -97.866124771562795, 49.177579570405207 ], [ -97.863723644064194, 49.177578639429498 ], [ -97.864169402180494, 49.000499063515683 ], [ -98.267762321279221, 49.000276207934306 ], [ -98.267917519092094, 49.177625355341711 ], [ -98.2734346637953, 49.177625057133397 ], [ -98.273339724461479, 49.266159872894512 ], [ -98.069550285592598, 49.266124885745988 ], [ -97.962207752053047, 49.26630795355365 ], [ -97.866115127630707, 49.266141519006496 ] ], [ [ -97.899702830693002, 49.177862567079899 ], [ -97.899676408859904, 49.199908394630214 ], [ -97.978805652713604, 49.199849606109595 ], [ -97.978736386831201, 49.177578927319416 ], [ -97.976449551513099, 49.177579736790001 ], [ -97.976433213476497, 49.175165667200993 ], [ -97.964934567806907, 49.175185479393285 ], [ -97.964856418369493, 49.162779806024403 ], [ -97.908785087565093, 49.162826910127201 ], [ -97.908796271927898, 49.177867275037194 ], [ -97.899702830693002, 49.177862567079899 ] ], [ [ -98.091922006637603, 49.2069512886357 ], [ -98.092870095331904, 49.214476714434902 ], [ -98.1484876123492, 49.214516236001693 ], [ -98.148519527013903, 49.199718614299293 ], [ -98.160049688410993, 49.199774172796722 ], [ -98.160040954211198, 49.185019949380603 ], [ -98.148507931491196, 49.1849883578518 ], [ -98.148507931467179, 49.184988355140703 ], [ -98.148444225849204, 49.17779750847351 ], [ -98.111099823868614, 49.177792398259321 ], [ -98.111082930676005, 49.170270602789913 ], [ -98.088572905539806, 49.1703080421576 ], [ -98.088609850805682, 49.177536513132701 ], [ -98.085883571858105, 49.177537904678097 ], [ -98.085925588868506, 49.188742428822607 ], [ -98.069320773666504, 49.188893466683517 ], [ -98.069003289938209, 49.206955079263594 ], [ -98.091922006637603, 49.2069512886357 ] ], [ [ -98.051668982048398, 49.206126290775501 ], [ -98.051278950745996, 49.206998000766404 ], [ -98.051823320868095, 49.208912355290593 ], [ -98.063066976053705, 49.208885611537298 ], [ -98.063500317232624, 49.211738266511162 ], [ -98.063921154569101, 49.214508262379503 ], [ -98.063903921665201, 49.209046228506402 ], [ -98.069422461760297, 49.211198860805098 ], [ -98.069419172719705, 49.208458515450907 ], [ -98.063902118562496, 49.208474693322913 ], [ -98.065109874282854, 49.207171670468767 ], [ -98.069003289938209, 49.206955079263594 ], [ -98.051668982048398, 49.206126290775501 ] ], [ [ -97.922254356046295, 49.222160734765602 ], [ -97.899702647556197, 49.222154524479912 ], [ -97.899719006335999, 49.228530496542099 ], [ -97.922293901412999, 49.228737954150496 ], [ -97.922254356046295, 49.222160734765602 ] ] ] } },
{ "type": "Feature", "properties": { "OBJECTID": 76, "MUNI_NO": 175, "MUNI_NAME": "RM OF STE. ANNE", "MUNI_TYPE": "RM", "MUNI_LIST_NAME": "STE ANNE", "MUNI_LIST_NAME_WITH_TYPE": "STE ANNE (RM)", "Shape__Area": 1143821557.1757813, "Shape__Length": 166682.07714462167 }, "geometry": { "type": "MultiPolygon", "coordinates": [ [ [ [ -96.775732330703363, 49.619273453280535 ], [ -96.775733737927197, 49.61959219282695 ], [ -96.776125829240101, 49.708224686519209 ], [ -96.776125829240797, 49.708224686678115 ], [ -96.365945443741694, 49.707275957873115 ], [ -96.365945443654496, 49.707275957720817 ], [ -96.365861407856613, 49.532308447961213 ], [ -96.37515377723193, 49.532310695390059 ], [ -96.375153781447239, 49.532310695391537 ], [ -96.621087028455449, 49.532087677826254 ], [ -96.643145651505804, 49.53203742871429 ], [ -96.64314565150427, 49.532037428792108 ], [ -96.641434290948496, 49.618811741256799 ], [ -96.775732330702994, 49.619273453195198 ], [ -96.775732330703363, 49.619273453280535 ] ], [ [ -96.64783680680911, 49.678980278293992 ], [ -96.657697910072997, 49.681551989124408 ], [ -96.657005342958996, 49.6801662969566 ], [ -96.660241865050196, 49.676477983071692 ], [ -96.6591632321867, 49.675285827764405 ], [ -96.661671018190304, 49.676412077823201 ], [ -96.666654265400496, 49.665512972262505 ], [ -96.657293087654708, 49.6618633640838 ], [ -96.648564355851789, 49.661989037722684 ], [ -96.636137981388501, 49.656206360881399 ], [ -96.631434978670796, 49.65673610069161 ], [ -96.632370629673403, 49.660262120401924 ], [ -96.630905491393904, 49.664075920811491 ], [ -96.634691277244102, 49.665473531636891 ], [ -96.631805433735394, 49.670094049302818 ], [ -96.649748588795504, 49.675894334098203 ], [ -96.64783680680911, 49.678980278293992 ] ] ], [ [ [ -96.632370670281304, 49.660262054663505 ], [ -96.632370669527802, 49.660262098727699 ], [ -96.632370629673403, 49.660262120401924 ], [ -96.632370670281304, 49.660262054663505 ] ] ] ] } },
{ "type": "Feature", "properties": { "OBJECTID": 109, "MUNI_NO": 351, "MUNI_NAME": "TOWN OF STE. ANNE", "MUNI_TYPE": "TOWN", "MUNI_LIST_NAME": "STE ANNE", "MUNI_LIST_NAME_WITH_TYPE": "STE ANNE (TOWN)", "Shape__Area": 9412567.8646039963, "Shape__Length": 14941.871481136535 }, "geometry": { "type": "Polygon", "coordinates": [ [ [ -96.636137981388501, 49.656206360881399 ], [ -96.648564355851789, 49.661989037722684 ], [ -96.657293087654708, 49.6618633640838 ], [ -96.666654265400496, 49.665512972262505 ], [ -96.661671018190304, 49.676412077823201 ], [ -96.6591632321867, 49.675285827764405 ], [ -96.660241865050196, 49.676477983071692 ], [ -96.657005342958996, 49.6801662969566 ], [ -96.657697910072997, 49.681551989124408 ], [ -96.64783680680911, 49.678980278293992 ], [ -96.649748588795504, 49.675894334098203 ], [ -96.631805433735394, 49.670094049302818 ], [ -96.634691277244102, 49.665473531636891 ], [ -96.630905491393904, 49.664075920811491 ], [ -96.632370629673403, 49.660262120401924 ], [ -96.631434978670796, 49.65673610069161 ], [ -96.636137981388501, 49.656206360881399 ] ], [ [ -96.632370669527802, 49.660262098727699 ], [ -96.632370670281304, 49.660262054663505 ], [ -96.632370629673403, 49.660262120401924 ], [ -96.632370669527802, 49.660262098727699 ] ] ] } },
{ "type": "Feature", "properties": { "OBJECTID": 40, "MUNI_NO": 359, "MUNI_NAME": "MUNICIPALITY OF STE. ROSE", "MUNI_TYPE": "MUNICIPALITY", "MUNI_LIST_NAME": "STE. ROSE", "MUNI_LIST_NAME_WITH_TYPE": "STE. ROSE (MUNICIPALITY)", "Shape__Area": 1600976690.21875, "Shape__Length": 185569.7558187033 }, "geometry": { "type": "Polygon", "coordinates": [ [ [ -99.276522558202203, 50.859997731754611 ], [ -99.276527033200125, 50.859997742551158 ], [ -99.57877785749308, 50.860272438207801 ], [ -99.578309029981298, 50.948566865996305 ], [ -99.59427940012722, 50.948577805985494 ], [ -99.594896267351302, 51.12524668473911 ], [ -99.548097308541003, 51.125354793177415 ], [ -99.547767925415997, 51.184504499485094 ], [ -99.430592719066411, 51.184427620754292 ], [ -99.43047517579808, 51.125487562549701 ], [ -99.360263631129399, 51.125507400597584 ], [ -99.359982088126998, 51.037039203089094 ], [ -99.290316752220207, 51.036973857301398 ], [ -99.289865279248005, 50.948604767463003 ], [ -99.276050232919999, 50.948614155182895 ], [ -99.276522558202203, 50.859997731754611 ] ] ] } },
{ "type": "Feature", "properties": { "OBJECTID": 65, "MUNI_NO": 451, "MUNI_NAME": "CITY OF STEINBACH", "MUNI_TYPE": "CITY", "MUNI_LIST_NAME": "STEINBACH", "MUNI_LIST_NAME_WITH_TYPE": "STEINBACH (CITY)", "Shape__Area": 90400212.5703125, "Shape__Length": 55761.386706275494 }, "geometry": { "type": "Polygon", "coordinates": [ [ [ -96.6461972222463, 49.502522886821097 ], [ -96.668437416155598, 49.502582158172203 ], [ -96.668418755912398, 49.495338655765401 ], [ -96.714153369568393, 49.495314709821997 ], [ -96.714233283026203, 49.517313112448697 ], [ -96.719783051720796, 49.517310716668803 ], [ -96.719791419471505, 49.524821359768602 ], [ -96.722573969997796, 49.524819493449201 ], [ -96.722580892748496, 49.531887368678291 ], [ -96.734122196040801, 49.531878125088312 ], [ -96.733831109853895, 49.545226329629294 ], [ -96.750577153232996, 49.5453120647107 ], [ -96.750446323995007, 49.552839575013401 ], [ -96.7448161730279, 49.552814089597597 ], [ -96.744690539157887, 49.560071469634309 ], [ -96.756244132671199, 49.560121367665303 ], [ -96.756119088248894, 49.567642699405702 ], [ -96.733004608791305, 49.567489148226699 ], [ -96.733273053189293, 49.552758620373901 ], [ -96.7109302723388, 49.552746604528409 ], [ -96.7106901498219, 49.567513137059301 ], [ -96.676373427419506, 49.567304904009795 ], [ -96.676805260371097, 49.545275642115101 ], [ -96.665213493274393, 49.5452389508037 ], [ -96.665385169715094, 49.537718075176905 ], [ -96.654218448930806, 49.537552724528595 ], [ -96.654339304739494, 49.53229750312839 ], [ -96.645866540175064, 49.532100764331211 ], [ -96.645866117650513, 49.532029306038602 ], [ -96.645866071736137, 49.531934983670794 ], [ -96.645851763483805, 49.502521996795934 ], [ -96.6461972222463, 49.502522886821097 ] ] ] } },
{ "type": "Feature", "properties": { "OBJECTID": 114, "MUNI_NO": 453, "MUNI_NAME": "TOWN OF STONEWALL", "MUNI_TYPE": "TOWN", "MUNI_LIST_NAME": "STONEWALL", "MUNI_LIST_NAME_WITH_TYPE": "STONEWALL (TOWN)", "Shape__Area": 22981477.26171875, "Shape__Length": 22968.393932602587 }, "geometry": { "type": "Polygon", "coordinates": [ [ [ -97.356186197848871, 50.123000734184387 ], [ -97.356189427830898, 50.123000756349413 ], [ -97.355896425526595, 50.152301032976602 ], [ -97.344587227022899, 50.152288135560298 ], [ -97.344596859078706, 50.145849355795598 ], [ -97.310415281216905, 50.145078239119002 ], [ -97.310228895621293, 50.115578795026202 ], [ -97.321918256364597, 50.115525449781408 ], [ -97.321954405434496, 50.122759902110893 ], [ -97.356186197848871, 50.123000734184387 ] ] ] } },
{ "type": "Feature", "properties": { "OBJECTID": 47, "MUNI_NO": 612, "MUNI_NAME": "RM OF STUARTBURN", "MUNI_TYPE": "RM", "MUNI_LIST_NAME": "STUARTBURN", "MUNI_LIST_NAME_WITH_TYPE": "STUARTBURN (RM)", "Shape__Area": 2723533831.65625, "Shape__Length": 212416.84383072032 }, "geometry": { "type": "Polygon", "coordinates": [ [ [ -96.645737812225349, 49.266653968078707 ], [ -96.645737699441909, 49.26665396833824 ], [ -96.374705514949852, 49.266899779054469 ], [ -96.374705506957028, 49.266899779050561 ], [ -96.239723347603103, 49.26674027129711 ], [ -96.239008248368805, 49.178069966735215 ], [ -96.247604649444696, 49.178068870837386 ], [ -96.247695883190303, 49.000026651567715 ], [ -96.786376528560297, 49.000195888660386 ], [ -96.786141197483801, 49.177871905014491 ], [ -96.781303279890395, 49.177880672196196 ], [ -96.781468565555414, 49.266246847699307 ], [ -96.645737812225349, 49.266653968078707 ] ] ] } },
{ "type": "Feature", "properties": { "OBJECTID": 105, "MUNI_NO": 455, "MUNI_NAME": "TOWN OF SWAN RIVER", "MUNI_TYPE": "TOWN", "MUNI_LIST_NAME": "SWAN RIVER", "MUNI_LIST_NAME_WITH_TYPE": "SWAN RIVER (TOWN)", "Shape__Area": 19809629.640625, "Shape__Length": 30991.273209746858 }, "geometry": { "type": "Polygon", "coordinates": [ [ [ -101.259406899988434, 52.122976925487087 ], [ -101.259835143638995, 52.123454175555921 ], [ -101.259163865377658, 52.123579637773098 ], [ -101.25776360063459, 52.123841331428892 ], [ -101.255851400946995, 52.124198663973303 ], [ -101.255208009740869, 52.123686764964461 ], [ -101.253444497096396, 52.122283582647974 ], [ -101.252004468208, 52.119952302789102 ], [ -101.251916689322996, 52.114375623995997 ], [ -101.252004126501006, 52.121137423680821 ], [ -101.251698015812764, 52.12087244814191 ], [ -101.249257143432985, 52.118759426893185 ], [ -101.245514087633012, 52.118399783428103 ], [ -101.245513939554002, 52.110754530409601 ], [ -101.227866336838005, 52.110745666699508 ], [ -101.227865194670002, 52.103505249580998 ], [ -101.245512538438007, 52.103513999020315 ], [ -101.245512145778008, 52.099893063669398 ], [ -101.251898847503995, 52.099895049002896 ], [ -101.251898028639005, 52.092649307748417 ], [ -101.266675830647998, 52.092648038077812 ], [ -101.266122043634994, 52.091382696967095 ], [ -101.275014600377006, 52.092645188993004 ], [ -101.275016902070007, 52.099884343631302 ], [ -101.288484631850991, 52.099867280440407 ], [ -101.287747317520001, 52.10099013318321 ], [ -101.291842132889002, 52.103183261453793 ], [ -101.291834339581911, 52.103261980145518 ], [ -101.291552525347001, 52.106108330869496 ], [ -101.289071651979, 52.106033880124997 ], [ -101.286184874927002, 52.103530442412797 ], [ -101.283613947093002, 52.105965072806512 ], [ -101.281376946315007, 52.105711657410509 ], [ -101.279602118735994, 52.114359436669702 ], [ -101.267210942155018, 52.114364393235093 ], [ -101.27211043911602, 52.115399097876704 ], [ -101.263303626062012, 52.115723202061794 ], [ -101.260122842171995, 52.118267802607214 ], [ -101.263857573403001, 52.11917995374219 ], [ -101.263645949719006, 52.120851093452799 ], [ -101.263340181701196, 52.120795887144425 ], [ -101.256311124197993, 52.119526503376093 ], [ -101.259406899988434, 52.122976925487087 ] ] ] } },
{ "type": "Feature", "properties": { "OBJECTID": 42, "MUNI_NO": 193, "MUNI_NAME": "MUNICIPALITY OF SWAN VALLEY WEST", "MUNI_TYPE": "MUNICIPALITY", "MUNI_LIST_NAME": "SWAN VALLEY WEST", "MUNI_LIST_NAME_WITH_TYPE": "SWAN VALLEY WEST (MUNICIPALITY)", "Shape__Area": 4568034679.9765625, "Shape__Length": 357904.01874556375 }, "geometry": { "type": "MultiPolygon", "coordinates": [ [ [ [ -101.221542491476001, 52.245456083817601 ], [ -101.221664034658005, 52.230834395216 ], [ -101.204022872752006, 52.230818594139009 ], [ -101.204051027065006, 51.96837871335601 ], [ -101.153051077677006, 51.968419222567803 ], [ -101.152763033699003, 51.881018128467005 ], [ -101.294282893816003, 51.880692708266501 ], [ -101.294291412988997, 51.706085641844204 ], [ -101.577296733805994, 51.705951629777203 ], [ -101.577213548760994, 51.968570258312603 ], [ -101.609294410291994, 51.9685721875071 ], [ -101.609029025951003, 52.318050956667001 ], [ -101.223373209900686, 52.318049326377079 ], [ -101.205655921913618, 52.318014823806372 ], [ -101.203972245957004, 52.318011387663702 ], [ -101.203561767105001, 52.245461109457416 ], [ -101.221542491476001, 52.245456083817601 ] ], [ [ -101.263645949719006, 52.120851093452799 ], [ -101.263857573403001, 52.11917995374219 ], [ -101.260122842171995, 52.118267802607214 ], [ -101.263303626062012, 52.115723202061794 ], [ -101.27211043911602, 52.115399097876704 ], [ -101.267210942155018, 52.114364393235093 ], [ -101.279602118735994, 52.114359436669702 ], [ -101.281376946315007, 52.105711657410509 ], [ -101.283613947093002, 52.105965072806512 ], [ -101.286184874927002, 52.103530442412797 ], [ -101.289071651979, 52.106033880124997 ], [ -101.291552525347001, 52.106108330869496 ], [ -101.291834339581911, 52.103261980145518 ], [ -101.291842132889002, 52.103183261453793 ], [ -101.287747317520001, 52.10099013318321 ], [ -101.288484631850991, 52.099867280440407 ], [ -101.275016902070007, 52.099884343631302 ], [ -101.275014600377006, 52.092645188993004 ], [ -101.266122043634994, 52.091382696967095 ], [ -101.266675830647998, 52.092648038077812 ], [ -101.251898028639005, 52.092649307748417 ], [ -101.251898847503995, 52.099895049002896 ], [ -101.245512145778008, 52.099893063669398 ], [ -101.245512538438007, 52.103513999020315 ], [ -101.227865194670002, 52.103505249580998 ], [ -101.227866336838005, 52.110745666699508 ], [ -101.245513939554002, 52.110754530409601 ], [ -101.245514087633012, 52.118399783428103 ], [ -101.249257143432985, 52.118759426893185 ], [ -101.251692679414006, 52.121030968008299 ], [ -101.251698015812764, 52.12087244814191 ], [ -101.252004126501006, 52.121137423680821 ], [ -101.253444497096396, 52.122283582647974 ], [ -101.255208009740869, 52.123686764964461 ], [ -101.255851400946995, 52.124198663973303 ], [ -101.25776360063459, 52.123841331428892 ], [ -101.259163865377658, 52.123579637773098 ], [ -101.259835143638995, 52.123454175555921 ], [ -101.259406899988434, 52.122976925487087 ], [ -101.256311124197993, 52.119526503376093 ], [ -101.263340181701196, 52.120795887144425 ], [ -101.263645949719006, 52.120851093452799 ] ] ], [ [ [ -101.252004126501006, 52.121137423680821 ], [ -101.251916689322996, 52.114375623995997 ], [ -101.252004468208, 52.119952302789102 ], [ -101.252004126501006, 52.121137423680821 ] ] ] ] } },
{ "type": "Feature", "properties": { "OBJECTID": 108, "MUNI_NO": 194, "MUNI_NAME": "RM OF TACHE", "MUNI_TYPE": "RM", "MUNI_LIST_NAME": "TACHE", "MUNI_LIST_NAME_WITH_TYPE": "TACHE (RM)", "Shape__Area": 1392862897.765625, "Shape__Length": 198026.69534314942 }, "geometry": { "type": "Polygon", "coordinates": [ [ [ -96.775732330703363, 49.619273453280535 ], [ -96.953263606100961, 49.620341110496931 ], [ -96.980726727537004, 49.620477515365501 ], [ -96.981266151915904, 49.797301118406097 ], [ -96.365959180443298, 49.7961338473796 ], [ -96.365945443741694, 49.707275957873115 ], [ -96.776125829240797, 49.708224686678115 ], [ -96.776125829240101, 49.708224686519209 ], [ -96.775733737927197, 49.61959219282695 ], [ -96.775732330703363, 49.619273453280535 ] ] ] } },
{ "type": "Feature", "properties": { "OBJECTID": 16, "MUNI_NO": 363, "MUNI_NAME": "TOWN OF TEULON", "MUNI_TYPE": "TOWN", "MUNI_LIST_NAME": "TEULON", "MUNI_LIST_NAME_WITH_TYPE": "TEULON (TOWN)", "Shape__Area": 7667145.15625, "Shape__Length": 12969.017122688927 }, "geometry": { "type": "Polygon", "coordinates": [ [ [ -97.270003650682, 50.374446875517094 ], [ -97.269697705225497, 50.392686960558599 ], [ -97.252678862817305, 50.392652859148804 ], [ -97.252672455927609, 50.388764301201597 ], [ -97.240970353414099, 50.38876162544161 ], [ -97.240968488928999, 50.381519234481601 ], [ -97.252677253824501, 50.381521401066692 ], [ -97.254598834529816, 50.374024680971402 ], [ -97.270003650682, 50.374446875517094 ] ] ] } },
{ "type": "Feature", "properties": { "OBJECTID": 82, "MUNI_NO": 457, "MUNI_NAME": "TOWN OF THE PAS", "MUNI_TYPE": "TOWN", "MUNI_LIST_NAME": "THE PAS", "MUNI_LIST_NAME_WITH_TYPE": "THE PAS (TOWN)", "Shape__Area": 120402247.9140625, "Shape__Length": 102897.02401214823 }, "geometry": { "type": "MultiPolygon", "coordinates": [ [ [ [ -101.254333904828997, 53.82085053138271 ], [ -101.25870001314, 53.825337481402798 ], [ -101.258707875961974, 53.825778486106572 ], [ -101.258734569861929, 53.82727560237489 ], [ -101.258749140456985, 53.828092740326795 ], [ -101.258086535698993, 53.828605808170117 ], [ -101.254667925136999, 53.830834753650691 ], [ -101.252232723831298, 53.832012481912102 ], [ -101.250071462761255, 53.833057620441132 ], [ -101.249908836996013, 53.833136258708599 ], [ -101.228332963493003, 53.8363083714125 ], [ -101.225186686155993, 53.827888331705402 ], [ -101.213357012667004, 53.8293468492218 ], [ -101.214076525232997, 53.831329586851794 ], [ -101.20150696958099, 53.8313185893184 ], [ -101.201751062675001, 53.818794412480003 ], [ -101.204549118648998, 53.818786506931893 ], [ -101.201605482149006, 53.813245979819484 ], [ -101.201505456463011, 53.802181990551986 ], [ -101.231550568638994, 53.802193228979206 ], [ -101.237066698141007, 53.806688546005809 ], [ -101.250749368041994, 53.800970257218495 ], [ -101.251752117427003, 53.80192476665021 ], [ -101.254069618886007, 53.807297224472499 ], [ -101.25266728151, 53.814465707583807 ], [ -101.254333904828997, 53.82085053138271 ] ] ], [ [ [ -101.151981401084996, 53.867585279931205 ], [ -101.150948780069001, 53.855731004907398 ], [ -101.151956560358997, 53.855506590935214 ], [ -101.172701210058008, 53.847855938530905 ], [ -101.219949197985002, 53.83753263372482 ], [ -101.219962422099997, 53.842289960840702 ], [ -101.231467606977006, 53.841088959137998 ], [ -101.234328588883997, 53.844421380734303 ], [ -101.260904289519999, 53.840609885021905 ], [ -101.231929841221998, 53.873238801262005 ], [ -101.229798246906995, 53.872677712196413 ], [ -101.231557617503995, 53.873657618661795 ], [ -101.230435048871996, 53.874920595612885 ], [ -101.200714104216999, 53.874914173546898 ], [ -101.200704718615, 53.867556057352708 ], [ -101.176757242681759, 53.867573176827037 ], [ -101.151981401084996, 53.867585279931205 ] ] ], [ [ [ -101.232368224951003, 53.874920857373105 ], [ -101.250588719072994, 53.854293415700397 ], [ -101.250589211785993, 53.874919441993782 ], [ -101.232368224951003, 53.874920857373105 ] ] ], [ [ [ -101.13925335465801, 53.955107572913093 ], [ -101.139253348251998, 53.962336985074096 ], [ -101.126708072880007, 53.965974891195707 ], [ -101.126708032714006, 53.969567663237306 ], [ -101.114441297024001, 53.976832155522196 ], [ -101.114430164397007, 53.978625222337001 ], [ -101.089685880323003, 53.982089997475306 ], [ -101.077576457196017, 53.986245061338607 ], [ -101.077450003025007, 53.9773876852678 ], [ -101.052808390503998, 53.962763335197295 ], [ -101.052807079264014, 53.96008181346761 ], [ -101.089692983768998, 53.947983289625299 ], [ -101.089687682198004, 53.96234065729341 ], [ -101.114470508748994, 53.9623413795019 ], [ -101.114470535682003, 53.9551119127932 ], [ -101.13925335465801, 53.955107572913093 ] ] ] ] } },
{ "type": "Feature", "properties": { "OBJECTID": 33, "MUNI_NO": 715, "MUNI_NAME": "THICKET PORTAGE-NORTHERN AFFAIRS ACT", "MUNI_TYPE": "NORTHERN COMMUNITY", "MUNI_LIST_NAME": "THICKET PORTAGE", "MUNI_LIST_NAME_WITH_TYPE": "THICKET PORTAGE (NORTHERN COMMUNITY)", "Shape__Area": 23490144.6875, "Shape__Length": 37678.242132592852 }, "geometry": { "type": "Polygon", "coordinates": [ [ [ -97.667627504986896, 55.329717555314588 ], [ -97.667650996342218, 55.315076601755408 ], [ -97.654750614726098, 55.315056040992182 ], [ -97.6547681604019, 55.309386565325006 ], [ -97.683186891320091, 55.306469373894998 ], [ -97.679402666230999, 55.305440287493596 ], [ -97.689012333702706, 55.304575749658305 ], [ -97.690308410891404, 55.30279470890779 ], [ -97.698041909537693, 55.300900936642002 ], [ -97.696452707095219, 55.299774748758509 ], [ -97.706075743680401, 55.298445158809606 ], [ -97.705991391589194, 55.315090549477198 ], [ -97.71898560643541, 55.315082798660484 ], [ -97.718958854349282, 55.321648383335102 ], [ -97.715978832332198, 55.320630842430688 ], [ -97.713392759686982, 55.322957923308593 ], [ -97.715491973649804, 55.325334300566809 ], [ -97.714447768651397, 55.326564090845707 ], [ -97.703461746738, 55.326352554495081 ], [ -97.702715080300294, 55.325294742373998 ], [ -97.706332695651696, 55.3238696240591 ], [ -97.70439081715142, 55.323530898797692 ], [ -97.675992285131997, 55.322909137779376 ], [ -97.678312945671394, 55.324386355206805 ], [ -97.685785713155298, 55.324103948422504 ], [ -97.680093473037303, 55.325091313098611 ], [ -97.684256484557395, 55.327556364122707 ], [ -97.695896931600615, 55.326410594059809 ], [ -97.696212154252805, 55.327583693481202 ], [ -97.691974855896305, 55.328425787135004 ], [ -97.696636422032398, 55.329746178862791 ], [ -97.667627504986896, 55.329717555314588 ] ] ] } },
{ "type": "Feature", "properties": { "OBJECTID": 48, "MUNI_NO": 560, "MUNI_NAME": "CITY OF THOMPSON", "MUNI_TYPE": "CITY", "MUNI_LIST_NAME": "THOMPSON", "MUNI_LIST_NAME_WITH_TYPE": "THOMPSON (CITY)", "Shape__Area": 60534132.8515625, "Shape__Length": 56592.843531064973 }, "geometry": { "type": "Polygon", "coordinates": [ [ [ -97.883906135060897, 55.755198610069392 ], [ -97.865601280790713, 55.754257897612398 ], [ -97.864725003885084, 55.754995802220506 ], [ -97.81713174124171, 55.794963599835896 ], [ -97.792727589267201, 55.785724596096799 ], [ -97.799782070898303, 55.780672914659398 ], [ -97.823233016204398, 55.756504102934706 ], [ -97.830060426341205, 55.752505596541297 ], [ -97.828759816700696, 55.751205780693503 ], [ -97.830940395087495, 55.749383966366892 ], [ -97.822901443065604, 55.752575707803004 ], [ -97.821464320169, 55.752387171911501 ], [ -97.8208792768949, 55.749002144895094 ], [ -97.829276791381503, 55.744547289913697 ], [ -97.832365617416301, 55.748151673491101 ], [ -97.833948980773698, 55.748215887458592 ], [ -97.8295575135717, 55.744247971567511 ], [ -97.8380942130851, 55.73971549050691 ], [ -97.832985465399005, 55.738341275962917 ], [ -97.823700988262203, 55.743950859894703 ], [ -97.819481283681299, 55.74182260717329 ], [ -97.828264755370697, 55.736416375946902 ], [ -97.830370286832306, 55.738314559272411 ], [ -97.831242282192093, 55.73759872940439 ], [ -97.834583849713994, 55.738152824930495 ], [ -97.838384706604103, 55.739561251823503 ], [ -97.85492973528801, 55.730847389043902 ], [ -97.855438524266603, 55.729045944920102 ], [ -97.860076141436394, 55.731397297438001 ], [ -97.868974229164095, 55.725720422553998 ], [ -97.898045030048593, 55.736723836536207 ], [ -97.890116460815904, 55.742210134211199 ], [ -97.866243169337096, 55.733007300652403 ], [ -97.895044884217299, 55.744630738076317 ], [ -97.889439325033806, 55.749200297002496 ], [ -97.888824967110097, 55.753017814938715 ], [ -97.883906135060897, 55.755198610069392 ] ] ] } },
{ "type": "Feature", "properties": { "OBJECTID": 138, "MUNI_NO": 195, "MUNI_NAME": "RM OF THOMPSON", "MUNI_TYPE": "RM", "MUNI_LIST_NAME": "THOMPSON", "MUNI_LIST_NAME_WITH_TYPE": "THOMPSON (RM)", "Shape__Area": 1257984673.8046875, "Shape__Length": 151293.61792943208 }, "geometry": { "type": "Polygon", "coordinates": [ [ [ -98.273339724461479, 49.266159872894512 ], [ -98.409078518378905, 49.265946089566803 ], [ -98.409541145082997, 49.354826453251398 ], [ -98.408383380189605, 49.399377489474894 ], [ -98.409796114898398, 49.487204302621095 ], [ -98.40957083305841, 49.487204739270908 ], [ -98.273351449422194, 49.487373581389498 ], [ -98.273278460645898, 49.443320107165306 ], [ -98.069870663702801, 49.443342694500586 ], [ -98.069550747745609, 49.266381535351783 ], [ -98.069550285592598, 49.266124885745988 ], [ -98.273339724461479, 49.266159872894512 ] ] ] } },
{ "type": "Feature", "properties": { "OBJECTID": 121, "MUNI_NO": 122, "MUNI_NAME": "MUNICIPALITY OF TWO BORDERS", "MUNI_TYPE": "MUNICIPALITY", "MUNI_LIST_NAME": "TWO BORDERS", "MUNI_LIST_NAME_WITH_TYPE": "TWO BORDERS (MUNICIPALITY)", "Shape__Area": 5464151758.8125, "Shape__Length": 319603.12973411451 }, "geometry": { "type": "Polygon", "coordinates": [ [ [ -100.872354066064005, 49.532730975064297 ], [ -100.867217100880197, 49.532741840204707 ], [ -100.850356230225998, 49.532699639778713 ], [ -100.850135166113091, 49.355150636399223 ], [ -100.850135165167359, 49.355149873816032 ], [ -100.849915771919001, 49.177544426796807 ], [ -100.824584906013001, 49.177515026564905 ], [ -100.824466879569997, 48.999531047264391 ], [ -101.361996308637998, 48.999542393751923 ], [ -101.362105506065006, 49.17772899601669 ], [ -101.392233200508016, 49.17772925689281 ], [ -101.392575942092009, 49.532599304581709 ], [ -100.929177321210005, 49.532871930686902 ], [ -100.872354066064005, 49.532730975064297 ] ], [ [ -101.002549250380994, 49.266508884373806 ], [ -100.974141292921999, 49.266504390473401 ], [ -100.974404527125998, 49.281273032309699 ], [ -100.997061256790005, 49.281294191153798 ], [ -100.997057490412999, 49.275046361262092 ], [ -101.002588380011005, 49.274040912974201 ], [ -101.002549250380994, 49.266508884373806 ] ] ] } },
{ "type": "Feature", "properties": { "OBJECTID": 30, "MUNI_NO": 197, "MUNI_NAME": "RM OF VICTORIA", "MUNI_TYPE": "RM", "MUNI_LIST_NAME": "VICTORIA", "MUNI_LIST_NAME_WITH_TYPE": "VICTORIA (RM)", "Shape__Area": 1695252639.4101563, "Shape__Length": 172685.98081017693 }, "geometry": { "type": "Polygon", "coordinates": [ [ [ -98.732924059605907, 49.53234460466561 ], [ -99.04303173805161, 49.532352302693177 ], [ -99.088749892153501, 49.532215292638504 ], [ -99.097997506551749, 49.532250999543969 ], [ -99.098397829322465, 49.532252525508881 ], [ -99.098423702950342, 49.532252624078488 ], [ -99.098310432791905, 49.753648210864291 ], [ -99.098310272416299, 49.753656780004299 ], [ -99.098093031760797, 49.797974088995502 ], [ -98.779540185353, 49.798235215802301 ], [ -98.779081443413205, 49.620778606854891 ], [ -98.744546909896997, 49.620801100038094 ], [ -98.744534647892195, 49.591229431802297 ], [ -98.733439415903007, 49.591363978598103 ], [ -98.732927307792792, 49.532717080495978 ], [ -98.732924059605907, 49.53234460466561 ] ] ] } },
{ "type": "Feature", "properties": { "OBJECTID": 134, "MUNI_NO": 198, "MUNI_NAME": "RM OF VICTORIA BEACH", "MUNI_TYPE": "RM", "MUNI_LIST_NAME": "VICTORIA BEACH", "MUNI_LIST_NAME_WITH_TYPE": "VICTORIA BEACH (RM)", "Shape__Area": 52065466.1875, "Shape__Length": 62029.404376864128 }, "geometry": { "type": "MultiPolygon", "coordinates": [ [ [ [ -96.548148119533309, 50.680230521667198 ], [ -96.544894947987004, 50.683612783261708 ], [ -96.543077304027605, 50.6839882161009 ], [ -96.545178215542194, 50.680235134589708 ], [ -96.545178215858755, 50.680235134589218 ], [ -96.546822054049741, 50.680232592229636 ], [ -96.5481481192773, 50.680230521545397 ], [ -96.548148119533309, 50.680230521667198 ] ] ], [ [ [ -96.533140102625396, 50.686116820220803 ], [ -96.541816254421704, 50.688212595493304 ], [ -96.543272360615106, 50.686521019527305 ], [ -96.541894910907899, 50.685260918655402 ], [ -96.544464690898494, 50.686222077051305 ], [ -96.546762582293596, 50.693132441685599 ], [ -96.551168276179794, 50.696903916041798 ], [ -96.559897282152306, 50.698436244914689 ], [ -96.562176408639502, 50.695178465899303 ], [ -96.5632760642265, 50.695980294262085 ], [ -96.561865148681704, 50.700905975876609 ], [ -96.563419067934902, 50.703987640763508 ], [ -96.566630687009507, 50.704603426032108 ], [ -96.567776240219303, 50.706552179568412 ], [ -96.562997283756204, 50.711300391266498 ], [ -96.544545917464802, 50.721193821864397 ], [ -96.539244467594813, 50.729617836958695 ], [ -96.535823780909183, 50.724319709205105 ], [ -96.531001039660794, 50.722863410990804 ], [ -96.520686660823586, 50.723045205848102 ], [ -96.516186987887394, 50.721051520875911 ], [ -96.522354693067399, 50.710767073600309 ], [ -96.522526079047196, 50.702144881909916 ], [ -96.527894205470901, 50.697563715303502 ], [ -96.524707338575695, 50.689639243453207 ], [ -96.514916710786807, 50.683732699641503 ], [ -96.495710102090001, 50.68024710120531 ], [ -96.529858433823307, 50.680256763634816 ], [ -96.5298784851188, 50.680256768757694 ], [ -96.530585343126802, 50.680256936998106 ], [ -96.530585343364706, 50.680256937245396 ], [ -96.530527273569803, 50.680601721591998 ], [ -96.530747373390895, 50.681262995581108 ], [ -96.528370517387302, 50.683119454348002 ], [ -96.533140102625396, 50.686116820220803 ] ], [ [ -96.530308067937298, 50.68076573218196 ], [ -96.5287736651172, 50.681913730712516 ], [ -96.530747373390895, 50.681262995581108 ], [ -96.530308067937298, 50.68076573218196 ] ] ], [ [ [ -96.545316582146995, 50.740872152322616 ], [ -96.544321319779087, 50.736866602780793 ], [ -96.539550202015207, 50.733788773650787 ], [ -96.538628481126295, 50.732716946302297 ], [ -96.558880021839798, 50.744997695968891 ], [ -96.571761129988801, 50.744547216754697 ], [ -96.575226804303796, 50.745788654528297 ], [ -96.573490585438407, 50.750303735047787 ], [ -96.562647644176295, 50.7636142136557 ], [ -96.539810185238196, 50.773433165700602 ], [ -96.536300033536804, 50.775985430125083 ], [ -96.536422848507499, 50.777966817175702 ], [ -96.527461855307806, 50.780835237123291 ], [ -96.516317547234095, 50.776424876941498 ], [ -96.517266149309506, 50.774853050995802 ], [ -96.516003921113906, 50.768691884083999 ], [ -96.519065263719597, 50.7641788574185 ], [ -96.518248563073897, 50.759781125366501 ], [ -96.532437339798904, 50.74857834549551 ], [ -96.545316582146995, 50.740872152322616 ] ] ] ] } },
{ "type": "Feature", "properties": { "OBJECTID": 25, "MUNI_NO": 461, "MUNI_NAME": "TOWN OF VIRDEN", "MUNI_TYPE": "TOWN", "MUNI_LIST_NAME": "VIRDEN", "MUNI_LIST_NAME_WITH_TYPE": "VIRDEN (TOWN)", "Shape__Area": 20293173.703125, "Shape__Length": 27403.79200395455 }, "geometry": { "type": "Polygon", "coordinates": [ [ [ -100.906274158165999, 49.871917419638102 ], [ -100.917907882178994, 49.871921724405802 ], [ -100.917889649632997, 49.842412025787908 ], [ -100.934675366820997, 49.842401294648809 ], [ -100.934038059461002, 49.838784014908704 ], [ -100.940748245673007, 49.838780934676592 ], [ -100.940751088979994, 49.842401124925786 ], [ -100.963561058924995, 49.842400444880901 ], [ -100.963569825983001, 49.844378341575613 ], [ -100.951961542416001, 49.84438418125351 ], [ -100.951959252878012, 49.864669703559805 ], [ -100.940756663121007, 49.863148856905482 ], [ -100.940758809244997, 49.864936980756198 ], [ -100.938466123200996, 49.865342636632505 ], [ -100.929105617684996, 49.864671499533991 ], [ -100.929167553401996, 49.879436500043489 ], [ -100.906335371942987, 49.879435015045402 ], [ -100.906276935762122, 49.872258588378322 ], [ -100.906274158165999, 49.871917419638102 ] ] ] } },
{ "type": "Feature", "properties": { "OBJECTID": 34, "MUNI_NO": 716, "MUNI_NAME": "WABOWDEN-NORTHERN AFFAIRS ACT", "MUNI_TYPE": "NORTHERN COMMUNITY", "MUNI_LIST_NAME": "WABOWDEN", "MUNI_LIST_NAME_WITH_TYPE": "WABOWDEN (NORTHERN COMMUNITY)", "Shape__Area": 112665525.890625, "Shape__Length": 68078.940998968261 }, "geometry": { "type": "Polygon", "coordinates": [ [ [ -98.580887329784403, 54.951756787131501 ], [ -98.5809471646037, 54.923033647701615 ], [ -98.584363006036298, 54.9208924155133 ], [ -98.588693800213804, 54.920623862956496 ], [ -98.590242572587798, 54.918249506996098 ], [ -98.589682702414805, 54.915273132882305 ], [ -98.605155502372895, 54.912038285709492 ], [ -98.608226331464721, 54.909753619515996 ], [ -98.606586687542006, 54.906462222183308 ], [ -98.603784937147907, 54.906396463853206 ], [ -98.606578955422194, 54.902212927335903 ], [ -98.604922556487296, 54.900677815176309 ], [ -98.604669796542098, 54.896371061735806 ], [ -98.607233917244997, 54.895529521084498 ], [ -98.607092534720294, 54.894905837169389 ], [ -98.600891335686001, 54.895735482408284 ], [ -98.59525242858119, 54.899286223896603 ], [ -98.5932776317931, 54.895256980356109 ], [ -98.589159163549297, 54.894251626541006 ], [ -98.581824040639603, 54.895388074237701 ], [ -98.580969087770399, 54.897254812981494 ], [ -98.580909314788201, 54.893543567773499 ], [ -98.682893814188603, 54.893513905129701 ], [ -98.682664848615602, 54.922634685077597 ], [ -98.7112684843908, 54.922658031744803 ], [ -98.704323002615396, 54.928433433008799 ], [ -98.694593030923116, 54.924531617579099 ], [ -98.695434169936405, 54.926006295351705 ], [ -98.694056719668794, 54.927819002397001 ], [ -98.696270008357303, 54.9281926946488 ], [ -98.694588969611402, 54.930111495848593 ], [ -98.696168826382603, 54.930723737500799 ], [ -98.694391615989403, 54.9312623923079 ], [ -98.695439898806697, 54.93232951782209 ], [ -98.682761966771395, 54.9325143388185 ], [ -98.684785465591105, 54.934279277351706 ], [ -98.681805072138005, 54.9342497882242 ], [ -98.678198998940616, 54.936977567688196 ], [ -98.6682549637611, 54.934887024432904 ], [ -98.667636966249503, 54.936623286837403 ], [ -98.664728261650097, 54.937028063259604 ], [ -98.6674625617582, 54.939468702528309 ], [ -98.659500908668605, 54.943900161026292 ], [ -98.660509572537606, 54.945119544968094 ], [ -98.663122264453094, 54.944084043136307 ], [ -98.6617861255653, 54.945905179175305 ], [ -98.654894097093006, 54.9486230812701 ], [ -98.654379688846902, 54.946992293911308 ], [ -98.651688470986997, 54.94833152405289 ], [ -98.652503158803697, 54.945770382094103 ], [ -98.649412505236796, 54.945305298222401 ], [ -98.649580794305905, 54.947652013916397 ], [ -98.648023919801801, 54.948733734913006 ], [ -98.649167816033, 54.951734999895095 ], [ -98.580887329784403, 54.951756787131501 ] ] ] } },
{ "type": "Feature", "properties": { "OBJECTID": 160, "MUNI_NO": 199, "MUNI_NAME": "RM OF WALLACE-WOODWORTH", "MUNI_TYPE": "RM", "MUNI_LIST_NAME": "WALLACE-WOODWORTH", "MUNI_LIST_NAME_WITH_TYPE": "WALLACE-WOODWORTH (RM)", "Shape__Area": 4883302024.375, "Shape__Length": 338410.76884477556 }, "geometry": { "type": "Polygon", "coordinates": [ [ [ -101.172677671654995, 50.063539400338406 ], [ -100.760119555477004, 50.063550908685407 ], [ -100.485430168031996, 50.063506564231595 ], [ -100.485289301386999, 49.886480215115206 ], [ -100.462776747483232, 49.886538983469514 ], [ -100.462897689075007, 49.798073562108399 ], [ -101.417666155381994, 49.7981479760059 ], [ -101.417561121226001, 49.886678793438207 ], [ -101.447209284414001, 49.8866657600949 ], [ -101.447309007849, 50.063600932251497 ], [ -101.172677671654995, 50.063539400338406 ] ], [ [ -100.906274158165999, 49.871917419638102 ], [ -100.906276935762122, 49.872258588378322 ], [ -100.906335371942987, 49.879435015045402 ], [ -100.929167553401996, 49.879436500043489 ], [ -100.929105617684996, 49.864671499533991 ], [ -100.938466123200996, 49.865342636632505 ], [ -100.940758809244997, 49.864936980756198 ], [ -100.940756663121007, 49.863148856905482 ], [ -100.951959252878012, 49.864669703559805 ], [ -100.951961542416001, 49.84438418125351 ], [ -100.963569825983001, 49.844378341575613 ], [ -100.963561058924995, 49.842400444880901 ], [ -100.940751088979994, 49.842401124925786 ], [ -100.940748245673007, 49.838780934676592 ], [ -100.934038059461002, 49.838784014908704 ], [ -100.934675366820997, 49.842401294648809 ], [ -100.917889649632997, 49.842412025787908 ], [ -100.917907882178994, 49.871921724405802 ], [ -100.906274158165999, 49.871917419638102 ] ] ] } },
{ "type": "Feature", "properties": { "OBJECTID": 44, "MUNI_NO": 733, "MUNI_NAME": "WATERHEN-NORTHERN AFFAIRS ACT", "MUNI_TYPE": "NORTHERN COMMUNITY", "MUNI_LIST_NAME": "WATERHEN", "MUNI_LIST_NAME_WITH_TYPE": "WATERHEN (NORTHERN COMMUNITY)", "Shape__Area": 403658424.515625, "Shape__Length": 127362.96756287188 }, "geometry": { "type": "Polygon", "coordinates": [ [ [ -99.554473766794814, 51.928060940483512 ], [ -99.549957223075296, 51.915368465115407 ], [ -99.552546722289705, 51.906341460116906 ], [ -99.555602161438415, 51.904364997583805 ], [ -99.555498678107895, 51.90058007347789 ], [ -99.553004639428707, 51.900587736692401 ], [ -99.553053065456297, 51.90372701914 ], [ -99.547962982551695, 51.907671298988198 ], [ -99.546805574621118, 51.914979979706793 ], [ -99.5380537545783, 51.915154563375694 ], [ -99.536965546448599, 51.914971318405208 ], [ -99.5362922058424, 51.90946955938162 ], [ -99.538377624523221, 51.90309403357481 ], [ -99.537224125233209, 51.897956062061297 ], [ -99.536168389843297, 51.900363594259701 ], [ -99.530355109282297, 51.9017744696271 ], [ -99.528987742255893, 51.909121986851403 ], [ -99.530802983991293, 51.914975480079804 ], [ -99.489155261091597, 51.91492461277219 ], [ -99.488647072400099, 51.912836321570303 ], [ -99.485187136121695, 51.910793960519491 ], [ -99.482709268291501, 51.912304963753506 ], [ -99.483433409015021, 51.914872833900205 ], [ -99.466857656726418, 51.914909744354702 ], [ -99.467087339205406, 51.805094648498297 ], [ -99.468688074779607, 51.803678465017207 ], [ -99.468200554140495, 51.801475613496706 ], [ -99.475952745921504, 51.798463238392799 ], [ -99.476387790109484, 51.793034016106013 ], [ -99.474423531502694, 51.791251371615104 ], [ -99.477361729980103, 51.788741491652509 ], [ -99.479846779715302, 51.7825847730455 ], [ -99.483518858042302, 51.783152394898707 ], [ -99.4818698606487, 51.781070094893515 ], [ -99.486148831889594, 51.782686786200806 ], [ -99.487654056859498, 51.780994811848402 ], [ -99.4892557573895, 51.777600441176702 ], [ -99.488337761668106, 51.775330437782799 ], [ -99.491101797566799, 51.773297159571989 ], [ -99.490795689151398, 51.769230602710792 ], [ -99.495002235572201, 51.769565707094017 ], [ -99.491504592430402, 51.771578279742791 ], [ -99.491554327803399, 51.772845519249309 ], [ -99.489600770549103, 51.775609412267393 ], [ -99.489293420928504, 51.778964575698986 ], [ -99.492179872437205, 51.7874869527489 ], [ -99.495267377741001, 51.791270805390404 ], [ -99.500048632533407, 51.792071500936494 ], [ -99.502686941300396, 51.79474575325299 ], [ -99.506096069976394, 51.789419089239502 ], [ -99.508305289378882, 51.789605094671501 ], [ -99.509335700507606, 51.787775638958401 ], [ -99.505793235208202, 51.785835577177302 ], [ -99.506420282712497, 51.784187250204099 ], [ -99.504666483661595, 51.781365465309506 ], [ -99.506244776158496, 51.780983361080501 ], [ -99.505326908653799, 51.777984757914609 ], [ -99.508562150096594, 51.771821345860907 ], [ -99.507791363061699, 51.769486148188697 ], [ -99.511530074763996, 51.766784959513494 ], [ -99.508122304102187, 51.761660741789107 ], [ -99.511016787308407, 51.758414666436707 ], [ -99.514631092777705, 51.748958138805513 ], [ -99.518026357673406, 51.74894322408781 ], [ -99.520425723325118, 51.743216192837792 ], [ -99.523862718173504, 51.742825602343402 ], [ -99.522498112982504, 51.7414458741492 ], [ -99.528491212890501, 51.7449124565115 ], [ -99.532307437538094, 51.745126201902593 ], [ -99.533076630093106, 51.750613957468502 ], [ -99.536228339776201, 51.754951371592199 ], [ -99.538061374141094, 51.754949356655899 ], [ -99.585099287739681, 51.754982895325611 ], [ -99.585046858048003, 51.784099832998898 ], [ -99.608684409631806, 51.784080280509393 ], [ -99.608830504123901, 51.827623270118913 ], [ -99.632453902217094, 51.827637351854307 ], [ -99.6323225054972, 51.871370989158997 ], [ -99.585086008183097, 51.871413059914495 ], [ -99.585054273892695, 51.885882604670897 ], [ -99.573388512479198, 51.885857954706211 ], [ -99.573374197290804, 51.900508258829191 ], [ -99.560882766589017, 51.900571264226393 ], [ -99.558457807859995, 51.927521453401702 ], [ -99.554473766794814, 51.928060940483512 ] ] ] } },
{ "type": "Feature", "properties": { "OBJECTID": 162, "MUNI_NO": 185, "MUNI_NAME": "RM OF WEST INTERLAKE", "MUNI_TYPE": "RM", "MUNI_LIST_NAME": "WEST INTERLAKE", "MUNI_LIST_NAME_WITH_TYPE": "WEST INTERLAKE (RM)", "Shape__Area": 4502631595.234375, "Shape__Length": 637171.92231150228 }, "geometry": { "type": "MultiPolygon", "coordinates": [ [ [ [ -98.788441219149803, 50.944261744308001 ], [ -98.790980886883304, 50.947688000354901 ], [ -98.792446986922002, 50.955707507257998 ], [ -98.796635293181694, 50.956780495529607 ], [ -98.802410704504098, 50.963044743795194 ], [ -98.800564698446294, 50.968486604897507 ], [ -98.797896728099701, 50.967951458189297 ], [ -98.792047116032194, 50.960765121163199 ], [ -98.789003609290205, 50.961524031808395 ], [ -98.783697396801998, 50.958892990290103 ], [ -98.777833826385205, 50.949358835916215 ], [ -98.782443805160099, 50.948346854607991 ], [ -98.786555393955098, 50.944217846325792 ], [ -98.788441219149803, 50.944261744308001 ] ] ], [ [ [ -98.341834021144209, 50.780835663494202 ], [ -98.356678581264006, 50.79321632972141 ], [ -98.360622285900092, 50.794825263853198 ], [ -98.369308681508102, 50.803577696608414 ], [ -98.372501920348, 50.805685767535209 ], [ -98.378458393309202, 50.804935269533892 ], [ -98.3807364026366, 50.806530135095997 ], [ -98.37668312647682, 50.810897087438704 ], [ -98.3789813431017, 50.813126092441799 ], [ -98.378200661131103, 50.816332397790504 ], [ -98.383259971405195, 50.822362001679394 ], [ -98.389620432706295, 50.824531255976787 ], [ -98.395366615990199, 50.828684404289803 ], [ -98.4045575552515, 50.830035631876704 ], [ -98.409456458718793, 50.828904944716697 ], [ -98.414583581692497, 50.832213173138911 ], [ -98.416988752197895, 50.8363439407306 ], [ -98.428201316598503, 50.841529836540694 ], [ -98.453314012108279, 50.845022491353198 ], [ -98.455372030234301, 50.853696692616708 ], [ -98.454715597017795, 50.853338411491293 ], [ -98.453324697254502, 50.853831005661291 ], [ -98.455904542790506, 50.853717162012508 ], [ -98.459104338296001, 50.857000854003616 ], [ -98.459412580036101, 50.897299044518306 ], [ -98.561404794922794, 50.898179369424888 ], [ -98.560581360628305, 50.963944286896201 ], [ -98.585169739402801, 50.964370432676198 ], [ -98.585182471058502, 50.971735146845795 ], [ -98.631172202818604, 50.971563607332598 ], [ -98.630585722597601, 50.921700546237908 ], [ -98.628038225000395, 50.921714278945608 ], [ -98.625313348871401, 50.917328505320306 ], [ -98.62106651549918, 50.914747392876407 ], [ -98.621211031386494, 50.913592303149798 ], [ -98.624072108872795, 50.916007089626206 ], [ -98.621703160768604, 50.913423037799305 ], [ -98.620529024606299, 50.91349566557291 ], [ -98.619217687510698, 50.909462676352199 ], [ -98.621271837284098, 50.91223460629859 ], [ -98.620140866572697, 50.90875526153868 ], [ -98.623175523807106, 50.907245331505393 ], [ -98.623103231605796, 50.903868344164017 ], [ -98.633119587829697, 50.89791111550889 ], [ -98.634486546147087, 50.895860571610605 ], [ -98.634008040735594, 50.890692764203891 ], [ -98.638750904974103, 50.885941400311211 ], [ -98.642746473621003, 50.886772033094303 ], [ -98.651209768687806, 50.901415258516401 ], [ -98.651774543596801, 50.904820675671395 ], [ -98.6467692042133, 50.903766984806516 ], [ -98.648320089690998, 50.905561210567598 ], [ -98.647314523157902, 50.90688459784289 ], [ -98.644497436801601, 50.905144963057509 ], [ -98.646964984438597, 50.907027424356805 ], [ -98.648587366557507, 50.906897428434505 ], [ -98.648391269081301, 50.904608200581102 ], [ -98.653288700463307, 50.905845851193099 ], [ -98.651994056813805, 50.907806899954196 ], [ -98.65198034086329, 50.908692637765597 ], [ -98.652529783546598, 50.9094001992298 ], [ -98.652933440776494, 50.909630713008596 ], [ -98.652067030889896, 50.910419489739795 ], [ -98.652264284563103, 50.910671872226189 ], [ -98.653039647674504, 50.909693977382403 ], [ -98.652235240669796, 50.907888552671196 ], [ -98.655064644616417, 50.908022843272306 ], [ -98.652872534828603, 50.904432763604007 ], [ -98.660789191242301, 50.898273560781696 ], [ -98.663440888633403, 50.8943784061549 ], [ -98.662839938533494, 50.89292884787011 ], [ -98.66697200640462, 50.892706898010893 ], [ -98.668068375452606, 50.89048882354021 ], [ -98.671628331069897, 50.893749751591699 ], [ -98.675595782338505, 50.894714069037605 ], [ -98.684008055906801, 50.892363069957497 ], [ -98.683988615626305, 50.888932302918192 ], [ -98.680256247829504, 50.883787305095197 ], [ -98.685212095888502, 50.886705418156708 ], [ -98.685752982733206, 50.88872124077399 ], [ -98.690934954623501, 50.890902314991806 ], [ -98.697838564857094, 50.8907765042376 ], [ -98.699432714825917, 50.889400240489998 ], [ -98.698738562221607, 50.887910159580002 ], [ -98.708679915482605, 50.886181814444015 ], [ -98.7131367894509, 50.888494982184298 ], [ -98.708497858918605, 50.893712742287299 ], [ -98.707787682809098, 50.898135368490692 ], [ -98.709553510861895, 50.901156818991694 ], [ -98.714011240622199, 50.901248757517699 ], [ -98.719479525346898, 50.8988340011215 ], [ -98.730557886422403, 50.902403207909792 ], [ -98.736869889432597, 50.901549811122109 ], [ -98.742594905896397, 50.905236078804002 ], [ -98.745175801232705, 50.909225489912608 ], [ -98.743764706654304, 50.909766457632607 ], [ -98.748689618400505, 50.9130729701169 ], [ -98.751842829655601, 50.912612096247891 ], [ -98.7531823404465, 50.909467505847786 ], [ -98.758999020938006, 50.910990423047998 ], [ -98.762778878574494, 50.91592164005651 ], [ -98.762350001301598, 50.917732786089601 ], [ -98.769868136081698, 50.923570578975607 ], [ -98.773349889923395, 50.934656303257803 ], [ -98.772736383664594, 50.937896948436297 ], [ -98.767129521983506, 50.940619656466595 ], [ -98.768756119209897, 50.946980659023396 ], [ -98.767156376770302, 50.949490911407196 ], [ -98.76276507778698, 50.952202333742704 ], [ -98.7593149116897, 50.950396756334399 ], [ -98.758699712604681, 50.946861396283595 ], [ -98.759739201271685, 50.946796094803005 ], [ -98.756067617021699, 50.941159113535498 ], [ -98.754324319855314, 50.94380827845761 ], [ -98.751153119673702, 50.943248519292496 ], [ -98.749921810539504, 50.945916692774503 ], [ -98.752458850292996, 50.946641505736892 ], [ -98.754032498347001, 50.949207721148312 ], [ -98.7506410293919, 50.949839003907819 ], [ -98.749914477708899, 50.952589184319102 ], [ -98.745741191669197, 50.954567054640492 ], [ -98.746395789567998, 50.95822894263091 ], [ -98.744764645409106, 50.957083331353708 ], [ -98.753034347156799, 50.966979455624994 ], [ -98.752821205475797, 50.969573360537296 ], [ -98.753345600294892, 50.967366793751886 ], [ -98.756283870343083, 50.97057431467811 ], [ -98.753256107617105, 50.965442194682907 ], [ -98.754615348734106, 50.964231060695589 ], [ -98.757405736106307, 50.96983476339539 ], [ -98.756354633655903, 50.970659891648097 ], [ -98.761026339079507, 50.977548848738408 ], [ -98.766309845735393, 50.982033330141007 ], [ -98.76770931122482, 50.979927369192197 ], [ -98.773321601717797, 50.98144464537679 ], [ -98.772476324512709, 50.978052811884297 ], [ -98.774856395527706, 50.970431736188502 ], [ -98.773485131892798, 50.968329321711202 ], [ -98.774051830100206, 50.970407701311089 ], [ -98.772910100740106, 50.970891085626398 ], [ -98.760242776712502, 50.969274089285399 ], [ -98.758724239910592, 50.9613709887157 ], [ -98.764592618574412, 50.959615921586298 ], [ -98.769052733135496, 50.960375705661995 ], [ -98.769901691732301, 50.958583361665795 ], [ -98.775060051122509, 50.960702169103008 ], [ -98.792427130215799, 50.977739255939817 ], [ -98.792231095234001, 50.984959918909787 ], [ -98.786902727244296, 50.991213620085695 ], [ -98.7792819713857, 50.992251597267703 ], [ -98.776302041395297, 50.98968755502311 ], [ -98.767760046717001, 50.988317510863901 ], [ -98.757513251262495, 50.991578966975503 ], [ -98.754095184709399, 50.991275069163308 ], [ -98.752953508663595, 50.995638533257207 ], [ -98.750942564757096, 50.994627100891599 ], [ -98.749904069364604, 50.99563204546731 ], [ -98.753203337132206, 50.999582282224196 ], [ -98.758191835207398, 51.001184677056699 ], [ -98.768293470051503, 51.008520263692198 ], [ -98.776247232383099, 51.00997456543211 ], [ -98.7823746848794, 51.014945499452217 ], [ -98.78449534163822, 51.018766741003397 ], [ -98.783842345914081, 51.025824631737507 ], [ -98.782656641071, 51.026294537449104 ], [ -98.783729456587906, 51.028634570498205 ], [ -98.792785049344815, 51.030121246508898 ], [ -98.797275747950493, 51.025524978114106 ], [ -98.799802933026299, 51.028060715412707 ], [ -98.799016231868805, 51.030267015881215 ], [ -98.8030931057489, 51.032333230302207 ], [ -98.804329508930209, 51.0350510298533 ], [ -98.798785924284587, 51.03076120518071 ], [ -98.793399057005701, 51.03154314316761 ], [ -98.791867878802293, 51.0327184390433 ], [ -98.792828574303698, 51.0347524422505 ], [ -98.788095294143204, 51.034388753690614 ], [ -98.785695717897113, 51.041353531395394 ], [ -98.779176086805805, 51.041570702618998 ], [ -98.777699490825398, 51.04013810354791 ], [ -98.773935508809004, 51.041277421424404 ], [ -98.772859347551488, 51.0454972896421 ], [ -98.777978585762796, 51.053366517644108 ], [ -98.777061863590603, 51.054115640865199 ], [ -98.774981671492895, 51.052043395098508 ], [ -98.774283053764307, 51.053413394301401 ], [ -98.770087854088089, 51.052078833637715 ], [ -98.770026829740416, 51.054317829658217 ], [ -98.764969064658203, 51.055688107488002 ], [ -98.763910981371197, 51.057529423242698 ], [ -98.761086114739314, 51.056071406188806 ], [ -98.7538848433217, 51.060647100004005 ], [ -98.744746585647306, 51.060362225833501 ], [ -98.740089617578505, 51.063809551053005 ], [ -98.741763464225514, 51.064343813616901 ], [ -98.741507192064901, 51.062953918023695 ], [ -98.74984213811679, 51.06674886805699 ], [ -98.761887830206803, 51.075020062686399 ], [ -98.775009817334094, 51.071260251485313 ], [ -98.778461079312905, 51.074841322729696 ], [ -98.780056519638194, 51.081552661244402 ], [ -98.782251349235707, 51.082343603683995 ], [ -98.779324095116806, 51.082464008468705 ], [ -98.782558157574002, 51.083895361328508 ], [ -98.778779811975809, 51.082836163926991 ], [ -98.771227845444898, 51.084206457924097 ], [ -98.765546740146803, 51.082563084929397 ], [ -98.765584508127205, 51.086389421032798 ], [ -98.758569669041606, 51.089990083260219 ], [ -98.754744804083003, 51.088287058851108 ], [ -98.745760437877593, 51.088888341754505 ], [ -98.743143125882796, 51.092250267415608 ], [ -98.736791445841803, 51.094286403171211 ], [ -98.738411893923697, 51.096879843216207 ], [ -98.734705396489304, 51.095733957066699 ], [ -98.734293889458314, 51.094028967641819 ], [ -98.733666075426697, 51.095183059470699 ], [ -98.729662441303404, 51.089935810465605 ], [ -98.728981761597097, 51.090352380432009 ], [ -98.7306771861236, 51.092231209530702 ], [ -98.730113659984696, 51.095822364602704 ], [ -98.733421872678207, 51.097916184136615 ], [ -98.732255935923305, 51.099500673271692 ], [ -98.736504937866783, 51.101983226039799 ], [ -98.734099913047601, 51.099217125358386 ], [ -98.737762123806121, 51.100664174740309 ], [ -98.735674417713795, 51.098600221872694 ], [ -98.741190763385603, 51.099219546863502 ], [ -98.739994267832401, 51.098654869415704 ], [ -98.741544650001103, 51.0972240238249 ], [ -98.745189566125305, 51.099232825707105 ], [ -98.748297337867498, 51.098956297398999 ], [ -98.755960523395999, 51.102816777292105 ], [ -98.754412732681203, 51.10380719237881 ], [ -98.756764605032302, 51.108811857000099 ], [ -98.758624188570394, 51.10968796813961 ], [ -98.756521162251303, 51.110286095576086 ], [ -98.756643422104503, 51.111486828364697 ], [ -98.758007595551305, 51.110136311171622 ], [ -98.761012389142905, 51.111949952283105 ], [ -98.766639723320594, 51.110769831797285 ], [ -98.769761013918398, 51.112214794014598 ], [ -98.773306908624093, 51.121812047001299 ], [ -98.759494728748294, 51.123609900212408 ], [ -98.757296039578407, 51.120529981299406 ], [ -98.756643502496402, 51.115551367426306 ], [ -98.754340664312593, 51.113361413537902 ], [ -98.756122433879, 51.111404811878188 ], [ -98.748861586298702, 51.113430706206699 ], [ -98.742116167853993, 51.117709868433892 ], [ -98.740643485175198, 51.121730681717899 ], [ -98.74265391156078, 51.123785374341004 ], [ -98.754629823779396, 51.127547424773397 ], [ -98.753345863378101, 51.128479925300297 ], [ -98.754371745367393, 51.13040194436271 ], [ -98.750048129638898, 51.135788172080694 ], [ -98.749994007920293, 51.141839877396492 ], [ -98.747029719023004, 51.145416934459007 ], [ -98.744048701095807, 51.14547339544189 ], [ -98.742419649134902, 51.142781122448312 ], [ -98.7417515944516, 51.144659039698695 ], [ -98.743251137837504, 51.134622433104589 ], [ -98.740384472490206, 51.132251126393605 ], [ -98.742499181351903, 51.129769425557093 ], [ -98.732190845730898, 51.123123426872198 ], [ -98.727359970026711, 51.105114083733703 ], [ -98.720619149880093, 51.096654339304493 ], [ -98.713751163318193, 51.091844789174601 ], [ -98.715395130618703, 51.090383043921797 ], [ -98.713366893189502, 51.084708387679612 ], [ -98.7144700713703, 51.084086115703101 ], [ -98.711564747724196, 51.081781426743106 ], [ -98.709191608086996, 51.08116406465691 ], [ -98.707816504745594, 51.084159600765702 ], [ -98.705966956839205, 51.083138823031611 ], [ -98.702147040295898, 51.084388089196608 ], [ -98.702346131528003, 51.086735611148399 ], [ -98.701404774584887, 51.085474275667003 ], [ -98.695222117326097, 51.08772440520039 ], [ -98.692784968657705, 51.083824319335804 ], [ -98.693250653285105, 51.081411082587479 ], [ -98.691060698103996, 51.08119399463331 ], [ -98.690233890082197, 51.077806166082006 ], [ -98.682524607427993, 51.074782019231698 ], [ -98.682590688842396, 51.0807711435885 ], [ -98.678354304938793, 51.08334038506441 ], [ -98.680723011296806, 51.088706346626793 ], [ -98.676445053034598, 51.086882618453991 ], [ -98.676069938009604, 51.090505514595897 ], [ -98.672884311132208, 51.088680181785811 ], [ -98.673032247332301, 51.090987144389906 ], [ -98.663341418948605, 51.090334670773103 ], [ -98.658678096914997, 51.091472176524796 ], [ -98.658692589496297, 51.093383102073297 ], [ -98.655060954893798, 51.092073043852515 ], [ -98.655734251725207, 51.090820589343714 ], [ -98.652697105323, 51.088338697818003 ], [ -98.651330265937105, 51.087822062819207 ], [ -98.651492038410893, 51.089094969644492 ], [ -98.647101947300811, 51.086204232768509 ], [ -98.648845664011787, 51.088790302201801 ], [ -98.642535189865001, 51.09333931644781 ], [ -98.641334134467897, 51.096307623675308 ], [ -98.642984469255694, 51.100826851938301 ], [ -98.639774673815396, 51.104944509583497 ], [ -98.642941035638202, 51.112026720284696 ], [ -98.649193771620318, 51.116379962796003 ], [ -98.655964830069905, 51.117474665176594 ], [ -98.658693376031096, 51.12139882893689 ], [ -98.661876681332799, 51.120837062015298 ], [ -98.660187501722405, 51.120292625044378 ], [ -98.662755979935397, 51.119778503946797 ], [ -98.660289572774019, 51.119038488845504 ], [ -98.659903626902206, 51.113223809600207 ], [ -98.661298896767406, 51.110943799494208 ], [ -98.664298289376205, 51.110030731396201 ], [ -98.664314998115003, 51.107724237670006 ], [ -98.668201293932896, 51.106593298909907 ], [ -98.667289114355597, 51.107310096451315 ], [ -98.675542107867003, 51.115938974816295 ], [ -98.668504746304507, 51.120082695950011 ], [ -98.669929815549594, 51.121610929394706 ], [ -98.666864386501999, 51.121683168465609 ], [ -98.677882320339307, 51.128674104470086 ], [ -98.676318013623202, 51.137796995850493 ], [ -98.673946914139506, 51.139593369627207 ], [ -98.661176207810186, 51.142367170910092 ], [ -98.655351005566303, 51.14620335738109 ], [ -98.653852632107998, 51.149660971077509 ], [ -98.656011963247593, 51.152486427753594 ], [ -98.661487624062019, 51.153536516167897 ], [ -98.662837536595106, 51.155676084939891 ], [ -98.670254442323696, 51.15628622254269 ], [ -98.673616672436594, 51.155005258086106 ], [ -98.674374587575187, 51.158042268174604 ], [ -98.672831381696298, 51.156864468630808 ], [ -98.670776609568406, 51.158261500830001 ], [ -98.675230842465695, 51.161344817063693 ], [ -98.671983184990395, 51.16355235310909 ], [ -98.6702230974348, 51.161686002471505 ], [ -98.659505884784707, 51.164411434193099 ], [ -98.647703313793599, 51.170509220403609 ], [ -98.650332352960916, 51.173722852217509 ], [ -98.652632032500605, 51.185594987966198 ], [ -98.651487826390692, 51.186481818047817 ], [ -98.647260825538012, 51.185385585014302 ], [ -98.643714444558398, 51.182330961847804 ], [ -98.646176830793607, 51.184002001315505 ], [ -98.647079591200708, 51.181949997661512 ], [ -98.6386501674843, 51.176771701539799 ], [ -98.6384659437892, 51.18020617697681 ], [ -98.6412599823976, 51.181505166500905 ], [ -98.628798810178793, 51.181461799097505 ], [ -98.624724414942492, 51.180194380901206 ], [ -98.622698055988906, 51.177804913342797 ], [ -98.616771087218794, 51.180047204664909 ], [ -98.616842107292399, 51.176657352167503 ], [ -98.613295200535006, 51.177405529305801 ], [ -98.607213292425797, 51.175946505241505 ], [ -98.606051405589994, 51.176315778057699 ], [ -98.607375929101195, 51.176167361855605 ], [ -98.607983613326994, 51.177046146202919 ], [ -98.604504525899202, 51.177371647414702 ], [ -98.601957506590395, 51.179930303141191 ], [ -98.597194390584093, 51.179815086583908 ], [ -98.598499944637695, 51.181865315181312 ], [ -98.593237935708899, 51.179891321032308 ], [ -98.590689544559382, 51.18090305621589 ], [ -98.590082546138504, 51.178365110308405 ], [ -98.587058602594681, 51.176560517238798 ], [ -98.585276330670297, 51.177493906059702 ], [ -98.589228121192903, 51.181140725760692 ], [ -98.587710699494821, 51.181238799552894 ], [ -98.589930699303196, 51.183386761276985 ], [ -98.5876308213481, 51.184579145589097 ], [ -98.590560849109707, 51.185740445352806 ], [ -98.58955086736681, 51.187490397752711 ], [ -98.582312286079301, 51.188876566295797 ], [ -98.585583335110499, 51.19032246264689 ], [ -98.584538299736195, 51.191959843425302 ], [ -98.575094911926698, 51.194911360665806 ], [ -98.577282150792996, 51.199082693913297 ], [ -98.575390398619504, 51.200910262621804 ], [ -98.565294208056201, 51.202244509418108 ], [ -98.557059783750205, 51.205657659308798 ], [ -98.547781265268299, 51.214695337528092 ], [ -98.550810716820394, 51.2175035868542 ], [ -98.566940933690489, 51.222015532600508 ], [ -98.573191689606801, 51.229735822520801 ], [ -98.5772687705782, 51.231814328023503 ], [ -98.580137406587099, 51.238447400986196 ], [ -98.584815402902706, 51.243904804420396 ], [ -98.584815402689401, 51.24390480437571 ], [ -98.25695169511971, 51.2437717570077 ], [ -98.256951695119469, 51.243771756935523 ], [ -98.256802765803656, 51.199916074854187 ], [ -98.256552264618506, 51.125946424646187 ], [ -98.256552265062183, 51.125946424903709 ], [ -98.286956709758527, 51.125991833890915 ], [ -98.303346217437436, 51.126012517815795 ], [ -98.303346217533999, 51.126012517815909 ], [ -98.303416269978243, 51.057792915710614 ], [ -98.303526834850942, 50.948126875386841 ], [ -97.884305571746395, 50.949161233374411 ], [ -97.884305571482912, 50.949161233315991 ], [ -97.879334838173307, 50.949104821530014 ], [ -97.878670549330394, 50.934402624773924 ], [ -97.879166098679136, 50.868377860788378 ], [ -97.879225621290118, 50.860433700930997 ], [ -97.879149527929712, 50.860433874017389 ], [ -97.878965426339519, 50.771978507535707 ], [ -97.878965557261566, 50.771978507575326 ], [ -98.335485480236969, 50.771077780880944 ], [ -98.335485481552496, 50.7710777808758 ], [ -98.335879384873806, 50.774120138749694 ], [ -98.341834021144209, 50.780835663494202 ] ] ], [ [ [ -98.802040380870395, 51.011635262940096 ], [ -98.795050622042794, 51.0127517702891 ], [ -98.795037965136586, 51.014006200785801 ], [ -98.792890606792014, 51.014434054100491 ], [ -98.793618928737615, 51.010932766420495 ], [ -98.802723104575406, 51.010310024519008 ], [ -98.802040380870395, 51.011635262940096 ] ] ], [ [ [ -98.788256144179002, 51.047598955124108 ], [ -98.790753738277701, 51.050525995397606 ], [ -98.785908839860497, 51.0492717690896 ], [ -98.785073568027798, 51.046338700577607 ], [ -98.788256144179002, 51.047598955124108 ] ] ], [ [ [ -98.790753738277701, 51.050525995397606 ], [ -98.791592914529502, 51.049506853169206 ], [ -98.804971106750003, 51.050384222669699 ], [ -98.805447203205802, 51.0525252150141 ], [ -98.802970160053306, 51.054598317009507 ], [ -98.797744194161794, 51.057129751603 ], [ -98.793790681682395, 51.055764987610594 ], [ -98.790753738277701, 51.050525995397606 ] ] ], [ [ [ -98.779371988598399, 51.112907747502916 ], [ -98.776375407047396, 51.11367090061519 ], [ -98.769920012208502, 51.107525598252202 ], [ -98.764102524917504, 51.099852519070403 ], [ -98.766041536295702, 51.099096560193097 ], [ -98.769905464349605, 51.103263194106205 ], [ -98.7755317786159, 51.103503435169905 ], [ -98.777846742241906, 51.106250523917311 ], [ -98.7799756733328, 51.110629326140803 ], [ -98.7789564989057, 51.108667072712208 ], [ -98.779371988598399, 51.112907747502916 ] ] ] ] } },
{ "type": "Feature", "properties": { "OBJECTID": 63, "MUNI_NO": 201, "MUNI_NAME": "RM OF WEST ST. PAUL", "MUNI_TYPE": "RM", "MUNI_LIST_NAME": "WEST ST PAUL", "MUNI_LIST_NAME_WITH_TYPE": "WEST ST PAUL (RM)", "Shape__Area": 214637646.46875, "Shape__Length": 65366.896286263625 }, "geometry": { "type": "Polygon", "coordinates": [ [ [ -97.184120098665488, 49.975621156705309 ], [ -97.184154730819799, 50.063730891127406 ], [ -97.120101218375865, 50.063719500529295 ], [ -97.115285158892021, 50.063716965728624 ], [ -97.108815196810696, 50.063713190945599 ], [ -97.1088164037577, 50.062256344923796 ], [ -97.032349332694494, 50.0286150478913 ], [ -97.0378422627915, 50.021940748663113 ], [ -97.043030775073007, 50.019286709414388 ], [ -97.039903095479204, 49.995520458346896 ], [ -97.041741744937994, 49.993361303208609 ], [ -97.049808947702203, 49.990242287259285 ], [ -97.052284589672695, 49.984270056734502 ], [ -97.059807554183095, 49.978623000020995 ], [ -97.066259505911106, 49.967009405180498 ], [ -97.070305001162197, 49.962753951909995 ], [ -97.073028750750794, 49.959899114314013 ], [ -97.149164186270198, 49.994015846235115 ], [ -97.155206809890217, 49.993941799989791 ], [ -97.155194901457193, 49.99030800106209 ], [ -97.161231967687897, 49.990304251522602 ], [ -97.1612368772157, 49.975602517605097 ], [ -97.184120093000999, 49.975606716547311 ], [ -97.184120098665488, 49.975621156705309 ] ] ] } },
{ "type": "Feature", "properties": { "OBJECTID": 155, "MUNI_NO": 200, "MUNI_NAME": "MUNICIPALITY OF WESTLAKE-GLADSTONE", "MUNI_TYPE": "MUNICIPALITY", "MUNI_LIST_NAME": "WESTLAKE-GLADSTONE", "MUNI_LIST_NAME_WITH_TYPE": "WESTLAKE-GLADSTONE (MUNICIPALITY)", "Shape__Area": 4734784360.46875, "Shape__Length": 319636.28927586309 }, "geometry": { "type": "MultiPolygon", "coordinates": [ [ [ [ -99.1106911223048, 50.063434529386704 ], [ -99.110592592953992, 50.240699591082404 ], [ -99.123721050255398, 50.240699253221109 ], [ -99.123650050745596, 50.505865858732001 ], [ -98.846497894332401, 50.506191406828798 ], [ -98.846497477014765, 50.506368188620286 ], [ -98.706872212149889, 50.506329527197103 ], [ -98.611481073295707, 50.506190727584901 ], [ -98.610271606299804, 50.502814770685198 ], [ -98.607838094674406, 50.503795863027406 ], [ -98.609691188470094, 50.5039459833961 ], [ -98.610628010920195, 50.50620137660961 ], [ -98.608527056135102, 50.506227576599791 ], [ -98.607453267772399, 50.504289198170603 ], [ -98.603928495408795, 50.503373432189505 ], [ -98.604507335563795, 50.500758345639106 ], [ -98.607400544997503, 50.502144115558103 ], [ -98.608447753559517, 50.4982805164341 ], [ -98.609976806155402, 50.499229947593498 ], [ -98.610466765640993, 50.500517632260397 ], [ -98.611427783500801, 50.501109905962707 ], [ -98.6090295756497, 50.497828309253109 ], [ -98.608193082052495, 50.490716273290097 ], [ -98.601884274016996, 50.488221701538201 ], [ -98.600444338751203, 50.485959440189291 ], [ -98.604280088072898, 50.485765696160598 ], [ -98.603505257442094, 50.484027344782092 ], [ -98.602484934856804, 50.485516759537497 ], [ -98.60018230675, 50.483602284974694 ], [ -98.602149045079301, 50.4835505668728 ], [ -98.602496419985314, 50.481627177894808 ], [ -98.5997120093961, 50.476702770067511 ], [ -98.598057839041601, 50.477322107817301 ], [ -98.599705713148396, 50.480785729803685 ], [ -98.598550261794799, 50.480750273861986 ], [ -98.59914459840212, 50.485469331272299 ], [ -98.595792907952998, 50.480970061938713 ], [ -98.595445089977403, 50.482088525398908 ], [ -98.596737856535086, 50.484210943921404 ], [ -98.601167094109783, 50.487176019479506 ], [ -98.599973878761801, 50.488255622296514 ], [ -98.602694070552303, 50.4950369161174 ], [ -98.603204049207307, 50.493064620297105 ], [ -98.605003466224204, 50.495373031284522 ], [ -98.598830365051398, 50.496777363891489 ], [ -98.596914002051705, 50.494158183094299 ], [ -98.59773915314608, 50.496602725259095 ], [ -98.594988960050998, 50.496701109580485 ], [ -98.590117373944096, 50.49103175143501 ], [ -98.587564654364186, 50.491153138586007 ], [ -98.587321443344692, 50.489133272698297 ], [ -98.588993917338797, 50.488905362994302 ], [ -98.587336919763899, 50.48250073728579 ], [ -98.5856143222599, 50.480426147246504 ], [ -98.586857010720706, 50.477728061898993 ], [ -98.585036665490705, 50.480401605989314 ], [ -98.587045511646195, 50.48278299429542 ], [ -98.587058407786699, 50.486155544379415 ], [ -98.585082845256821, 50.484786027862192 ], [ -98.58475469548641, 50.487649237375784 ], [ -98.578083766562003, 50.477723571867799 ], [ -98.568282001518, 50.473042558264993 ], [ -98.562690975566483, 50.472652958359809 ], [ -98.560334220865798, 50.469217605270302 ], [ -98.562910031863098, 50.467235274154298 ], [ -98.561682581901493, 50.461308516301202 ], [ -98.550330438572601, 50.45129153273129 ], [ -98.534710427423803, 50.431066874632101 ], [ -98.530188977571385, 50.423426761352893 ], [ -98.528773794151107, 50.414953696962293 ], [ -98.526893326753907, 50.414392967450397 ], [ -98.520192652257194, 50.398469550177495 ], [ -98.52327465299912, 50.397002790908296 ], [ -98.525071058068406, 50.393934362700399 ], [ -98.525129330626498, 50.38739632323221 ], [ -98.528307001540995, 50.383996214399396 ], [ -98.531435237127596, 50.37628792152961 ], [ -98.540734761116809, 50.375924799312493 ], [ -98.549949254366496, 50.372642206339194 ], [ -98.56431845924719, 50.370628405851591 ], [ -98.573534540263296, 50.36687179021979 ], [ -98.582599743159705, 50.360914982844903 ], [ -98.584683357944897, 50.355751156098499 ], [ -98.590553719219599, 50.349872203692009 ], [ -98.592541403066093, 50.342621383781498 ], [ -98.597073302307095, 50.336022405353006 ], [ -98.596219450185004, 50.325685819629406 ], [ -98.601774001825802, 50.314957628286706 ], [ -98.60069618710699, 50.314517741973908 ], [ -98.601796317487199, 50.304718477504991 ], [ -98.591680319825997, 50.266802130625791 ], [ -98.586065874153903, 50.254883618744714 ], [ -98.587218989884505, 50.252931589776502 ], [ -98.582600524541803, 50.250122549191794 ], [ -98.572075383181911, 50.248370970139916 ], [ -98.566146647942602, 50.240182690559898 ], [ -98.561097576684091, 50.236528206275707 ], [ -98.5601917890435, 50.063484459576593 ], [ -98.560813212960568, 50.063486132335377 ], [ -99.1106911223048, 50.063434529386704 ] ] ], [ [ [ -98.5960243935356, 50.50638271027001 ], [ -98.596053420108404, 50.501664624132097 ], [ -98.602789387034107, 50.501323572335906 ], [ -98.603928495408795, 50.503373432189505 ], [ -98.605245360384004, 50.506102877695803 ], [ -98.5960243935356, 50.50638271027001 ] ] ] ] } },
{ "type": "Feature", "properties": { "OBJECTID": 103, "MUNI_NO": 202, "MUNI_NAME": "RM OF WHITEHEAD", "MUNI_TYPE": "RM", "MUNI_LIST_NAME": "WHITEHEAD", "MUNI_LIST_NAME_WITH_TYPE": "WHITEHEAD (RM)", "Shape__Area": 1395181638.4296875, "Shape__Length": 152428.25389142329 }, "geometry": { "type": "Polygon", "coordinates": [ [ [ -100.463003798228002, 49.709409295296695 ], [ -100.462911922853749, 49.781252185104748 ], [ -100.462897689075007, 49.798073562108399 ], [ -100.462776747483232, 49.886538983469514 ], [ -100.462776739819475, 49.886538983488634 ], [ -100.072691215640006, 49.886739833237201 ], [ -100.053911760931726, 49.886746177510751 ], [ -100.052987737075412, 49.709380706925714 ], [ -100.053126975667979, 49.709380438454502 ], [ -100.053127021530059, 49.709344392936096 ], [ -100.462972593083649, 49.709409355551337 ], [ -100.463003798228002, 49.709409295296695 ] ] ] } },
{ "type": "Feature", "properties": { "OBJECTID": 96, "MUNI_NO": 203, "MUNI_NAME": "RM OF WHITEMOUTH", "MUNI_TYPE": "RM", "MUNI_LIST_NAME": "WHITEMOUTH", "MUNI_LIST_NAME_WITH_TYPE": "WHITEMOUTH (RM)", "Shape__Area": 1645545868.109375, "Shape__Length": 179799.04718023713 }, "geometry": { "type": "Polygon", "coordinates": [ [ [ -95.958060861030106, 50.105183746050706 ], [ -95.822135012192817, 50.105478079376397 ], [ -95.821936692617399, 49.886172792593008 ], [ -95.817023919634707, 49.886249539965299 ], [ -95.815923467586003, 49.797441508437601 ], [ -96.092178744856696, 49.796138372890816 ], [ -96.092178315022593, 49.884520110128392 ], [ -96.086267135602895, 49.884523471689498 ], [ -96.086101557944389, 50.061285776586757 ], [ -96.0860326968062, 50.1343833740995 ], [ -96.037498546897936, 50.134327799005774 ], [ -96.037185568131903, 50.134327363375888 ], [ -96.029885548464193, 50.124325892840105 ], [ -96.021188763995795, 50.118986865648701 ], [ -96.0144670771938, 50.119403191363297 ], [ -96.001357432901202, 50.125860594194783 ], [ -95.974871513602409, 50.122260827448883 ], [ -95.971527584845987, 50.123066170822696 ], [ -95.970868086456264, 50.125830495803257 ], [ -95.970860386544103, 50.125862768345101 ], [ -95.970071128013728, 50.126002514373859 ], [ -95.9593362914637, 50.128318806085012 ], [ -95.958033680591896, 50.128132973250793 ], [ -95.958060861030106, 50.105183746050706 ] ] ] } },
{ "type": "Feature", "properties": { "OBJECTID": 91, "MUNI_NO": 463, "MUNI_NAME": "CITY OF WINKLER", "MUNI_TYPE": "CITY", "MUNI_LIST_NAME": "WINKLER", "MUNI_LIST_NAME_WITH_TYPE": "WINKLER (CITY)", "Shape__Area": 52427789.7890625, "Shape__Length": 37489.157885583052 }, "geometry": { "type": "MultiPolygon", "coordinates": [ [ [ [ -97.899702830693002, 49.177862567079899 ], [ -97.908796271927898, 49.177867275037194 ], [ -97.908785087565093, 49.162826910127201 ], [ -97.964856418369493, 49.162779806024403 ], [ -97.964934567806907, 49.175185479393285 ], [ -97.976433213476497, 49.175165667200993 ], [ -97.976449551513099, 49.177579736790001 ], [ -97.978736386831201, 49.177578927319416 ], [ -97.978805652713604, 49.199849606109595 ], [ -97.899676408859904, 49.199908394630214 ], [ -97.899702830693002, 49.177862567079899 ] ] ], [ [ [ -97.922254356046295, 49.222160734765602 ], [ -97.922293901412999, 49.228737954150496 ], [ -97.899719006335999, 49.228530496542099 ], [ -97.899702647556197, 49.222154524479912 ], [ -97.922254356046295, 49.222160734765602 ] ] ] ] } },
{ "type": "Feature", "properties": { "OBJECTID": 166, "MUNI_NO": 590, "MUNI_NAME": "CITY OF WINNIPEG", "MUNI_TYPE": "CITY", "MUNI_LIST_NAME": "WINNIPEG", "MUNI_LIST_NAME_WITH_TYPE": "WINNIPEG (CITY)", "Shape__Area": 1142807590.9296875, "Shape__Length": 191124.62266303404 }, "geometry": { "type": "Polygon", "coordinates": [ [ [ -97.219762547496231, 49.713682501731604 ], [ -97.219654834404196, 49.753522751411204 ], [ -97.214053161293691, 49.753517562706897 ], [ -97.214093766752001, 49.797498021163904 ], [ -97.219694220125106, 49.797530316887205 ], [ -97.219669833730705, 49.8143762620955 ], [ -97.253712880300796, 49.814450623279299 ], [ -97.253709924663696, 49.812411577589799 ], [ -97.276549466211492, 49.812475004948091 ], [ -97.276546639604803, 49.810664536938503 ], [ -97.299377561665693, 49.810718007130077 ], [ -97.299375333591499, 49.808913773396206 ], [ -97.349143545712934, 49.80921990236574 ], [ -97.349136506815029, 49.809299714639764 ], [ -97.346676276303498, 49.837178036081198 ], [ -97.325384771832205, 49.838111192528601 ], [ -97.323636291275307, 49.85488387363241 ], [ -97.326512545087581, 49.868652085251796 ], [ -97.338969487976996, 49.865388407393304 ], [ -97.337598260176605, 49.879291521087204 ], [ -97.343518091678405, 49.878578901921806 ], [ -97.341551804408496, 49.898437425890101 ], [ -97.322678716793803, 49.898851573210116 ], [ -97.319828126890556, 49.919885366015677 ], [ -97.319823207335205, 49.919921648838518 ], [ -97.321161451187194, 49.92728868680851 ], [ -97.321201645964095, 49.929374539653089 ], [ -97.298504065414704, 49.929242000163001 ], [ -97.298514942314995, 49.931322513080517 ], [ -97.262317870135504, 49.931349944955798 ], [ -97.2635610916887, 49.91657071080509 ], [ -97.229866783047001, 49.916592051266008 ], [ -97.230008435962205, 49.975642535687101 ], [ -97.184120093000999, 49.975606716547311 ], [ -97.1612368772157, 49.975602517605097 ], [ -97.161231967687897, 49.990304251522602 ], [ -97.155194901457193, 49.99030800106209 ], [ -97.155206809890217, 49.993941799989791 ], [ -97.149164186270198, 49.994015846235115 ], [ -97.073028750750794, 49.959899114314013 ], [ -97.070305001162197, 49.962753951909995 ], [ -96.997291157167396, 49.930250202233609 ], [ -97.024770822058102, 49.930445645370497 ], [ -97.024985451434802, 49.915926026691402 ], [ -96.966396297724799, 49.915563837133014 ], [ -96.956756304694807, 49.897490012612202 ], [ -96.956538983784, 49.885821981721492 ], [ -96.981087563943021, 49.88582949554651 ], [ -96.981079758555694, 49.870942146999909 ], [ -97.026820123937, 49.870947249151499 ], [ -97.026402029448846, 49.797355630038709 ], [ -97.038607380129704, 49.797366809490605 ], [ -97.049116255004293, 49.792816799566801 ], [ -97.049079600820804, 49.783063903818302 ], [ -97.043461491324607, 49.783026313309691 ], [ -97.043450784594796, 49.776154939349595 ], [ -97.083577569752904, 49.76271676758811 ], [ -97.0834176342685, 49.753253407237509 ], [ -97.081941557007696, 49.753253997974198 ], [ -97.128832180918195, 49.737446498142404 ], [ -97.127394944061706, 49.742444049056303 ], [ -97.128167035747595, 49.745645343530214 ], [ -97.219679909350745, 49.713711398114057 ], [ -97.219762547496231, 49.713682501731604 ] ] ] } },
{ "type": "Feature", "properties": { "OBJECTID": 80, "MUNI_NO": 465, "MUNI_NAME": "TOWN OF WINNIPEG BEACH", "MUNI_TYPE": "TOWN", "MUNI_LIST_NAME": "WINNIPEG BEACH", "MUNI_LIST_NAME_WITH_TYPE": "WINNIPEG BEACH (TOWN)", "Shape__Area": 9899935.765625, "Shape__Length": 23506.762042244805 }, "geometry": { "type": "Polygon", "coordinates": [ [ [ -96.952647627539093, 50.491577996892794 ], [ -96.9685944467506, 50.491577348115896 ], [ -96.966310394625694, 50.487947540024805 ], [ -96.975119127360301, 50.487951607466002 ], [ -96.975134372324192, 50.491577660328502 ], [ -96.986488851098301, 50.491572518817605 ], [ -96.987374881669098, 50.506522410675075 ], [ -96.987376527938693, 50.506550178430999 ], [ -96.975866135765301, 50.506484975756209 ], [ -96.975404409812498, 50.527568365720803 ], [ -96.973797511148504, 50.527558552944797 ], [ -96.971342740691597, 50.524359789871816 ], [ -96.966901151116005, 50.510835767096708 ], [ -96.964360795448499, 50.508245961180201 ], [ -96.963368704422507, 50.505899067596999 ], [ -96.964840368914608, 50.50824535447741 ], [ -96.968950615881596, 50.510080050964696 ], [ -96.968061362276003, 50.50795985278711 ], [ -96.965005882339696, 50.506692227204297 ], [ -96.968791003025004, 50.504761609962905 ], [ -96.968300919024102, 50.501393666297297 ], [ -96.964513881400094, 50.4976353043741 ], [ -96.952647626013601, 50.491577999564306 ], [ -96.952647627539093, 50.491577996892794 ] ] ] } },
{ "type": "Feature", "properties": { "OBJECTID": 84, "MUNI_NO": 206, "MUNI_NAME": "RM OF WOODLANDS", "MUNI_TYPE": "RM", "MUNI_LIST_NAME": "WOODLANDS", "MUNI_LIST_NAME_WITH_TYPE": "WOODLANDS (RM)", "Shape__Area": 3028947960.4960938, "Shape__Length": 251392.29351257303 }, "geometry": { "type": "Polygon", "coordinates": [ [ [ -98.014594395908404, 50.240832077647298 ], [ -98.014610966790698, 50.307089677699096 ], [ -98.005429815880987, 50.310765094362893 ], [ -97.976971010385995, 50.329005190669605 ], [ -97.599220874236281, 50.3297661528661 ], [ -97.599220874235712, 50.329766153748132 ], [ -97.599171647813506, 50.404461455966889 ], [ -97.607989205470105, 50.413974692208207 ], [ -97.613117063344035, 50.414305756837926 ], [ -97.613117064147701, 50.414305756889789 ], [ -97.613874759999405, 50.413181556999596 ], [ -97.613874760522023, 50.413181557468519 ], [ -97.619319797054658, 50.418066527758498 ], [ -97.619319798028798, 50.418066528632302 ], [ -97.460045795384431, 50.418506501306148 ], [ -97.460045795310563, 50.418506443395593 ], [ -97.459597336921306, 50.064085074740142 ], [ -97.676161150560702, 50.063824381815678 ], [ -97.735421863235999, 50.063670333015196 ], [ -97.809829077876103, 50.063693964440994 ], [ -97.813812202154196, 50.071172294648214 ], [ -97.830489295541597, 50.077181537503506 ], [ -97.879049677338173, 50.078442360852868 ], [ -97.879049996077796, 50.078442369050101 ], [ -97.902291473830203, 50.083166996944193 ], [ -97.929680782008518, 50.083478824495202 ], [ -97.947136095201486, 50.076742412073777 ], [ -97.94713610027577, 50.076742410114754 ], [ -97.973159158724997, 50.066689951932894 ], [ -98.010367827324401, 50.064827027406203 ], [ -98.010378199776397, 50.240832499862897 ], [ -98.014594395908404, 50.240832077647298 ] ] ] } },
{ "type": "Feature", "properties": { "OBJECTID": 174, "MUNI_NO": 183, "MUNI_NAME": "YELLOWHEAD MUNICIPALITY", "MUNI_TYPE": "MUNICIPALITY", "MUNI_LIST_NAME": "YELLOWHEAD", "MUNI_LIST_NAME_WITH_TYPE": "YELLOWHEAD (MUNICIPALITY)", "Shape__Area": 2862976299.9609375, "Shape__Length": 216206.88410939462 }, "geometry": { "type": "Polygon", "coordinates": [ [ [ -100.230935629084982, 50.3288608034362 ], [ -100.330516800201821, 50.329078221826975 ], [ -100.507639217616003, 50.328726397987502 ], [ -100.784780978756999, 50.328804013027991 ], [ -100.784919674364005, 50.594254162552296 ], [ -100.69528816676906, 50.594510271890215 ], [ -100.531936466690993, 50.594327006063899 ], [ -100.230920238354003, 50.594549882210892 ], [ -100.230935609526512, 50.329200501186754 ], [ -100.230935629084982, 50.3288608034362 ] ] ] } }
]
}
