{"type":"FeatureCollection","features":[{"type":"Feature","properties":{"code":"FL1997"},"geometry":{"type":"Polygon","coordinates":[[[-96.9674012186026,49.808299936002],[-96.9765362518318,49.8188314057337],[-97.1272315621708,49.7544590417613],[-97.1287068093352,49.745100859094],[-97.1452397120481,49.7424568559054],[-97.1619877318404,49.7327166812461],[-97.1699464536542,49.7105345341431],[-97.1862728464836,49.7036761762024],[-97.186530692839,49.6668715493746],[-97.2500748777997,49.6652319166603],[-97.254352407207,49.6624360074853],[-97.2545148883124,49.5938672683021],[-97.2586419131538,49.5911049071791],[-97.3909950451823,49.5912713170417],[-97.3986550438209,49.5769761585601],[-97.4377571668106,49.5806095462756],[-97.4705488031086,49.5993258589463],[-97.4718052009149,49.6153313825305],[-97.5078672876216,49.6316468336095],[-97.5402946115488,49.6505856734074],[-97.5423360631322,49.6571463091449],[-97.5814939965761,49.6778580164113],[-97.6091732571722,49.6775821491202],[-97.6446833528128,49.6988895172781],[-97.6368722524419,49.7078782174569],[-97.6394559914468,49.7356938530233],[-97.6519377374868,49.7503709959216],[-97.6401080435992,49.7579188263674],[-97.6507754010422,49.7685585213649],[-97.6729460408071,49.7611465218072],[-97.7014603596376,49.7711885326189],[-97.726668615503,49.7521250354347],[-97.712975528275,49.7359089523444],[-97.7171307434455,49.7119702725477],[-97.7010423228699,49.6990451840036],[-97.673715379202,49.6917823624129],[-97.6678104419117,49.6722810042085],[-97.6724396897341,49.6629569263669],[-97.6499297539229,49.6322935122622],[-97.6247639451669,49.6209243599558],[-97.6206405547439,49.5978119129611],[-97.6097905784485,49.5773441282345],[-97.5941342102078,49.5778790875835],[-97.5765520907833,49.5582300892098],[-97.5851751168412,49.5399946607172],[-97.5818469956241,49.5199755311947],[-97.5926580044533,49.5023104775914],[-97.593470128438,49.4843388190846],[-97.579825440827,49.4645578225597],[-97.5941050721773,49.4504072579113],[-97.5809141015375,49.4293994011966],[-97.5521014793507,49.4027890887511],[-97.5256059695228,49.3623254129112],[-97.5145328526002,49.3579467397571],[-97.5150846404988,49.3413930710858],[-97.4981688925751,49.3145476003241],[-97.4821646089869,49.3021314371912],[-97.4694054717435,49.3001459977676],[-97.4491559186555,49.2507865732111],[-97.4301292940686,49.2248736916629],[-97.4365869666336,49.2210436404247],[-97.4019093248348,49.1868481945771],[-97.373944650951,49.1746012167838],[-97.353081186657,49.1514739065034],[-97.3591227257795,49.127873665483],[-97.3555247470451,49.1062861304699],[-97.3457986992688,49.0929770054215],[-97.3683030541476,49.0817510232663],[-97.3831300404646,49.0521334269082],[-97.3853105150696,49.0384539878824],[-97.3754981180764,49.0091689356616],[-97.3833029782628,49.0006783057059],[-97.1716216613586,49.0005758959467],[-97.1551945181923,49.0121578975455],[-97.1192351448618,49.044705869494],[-97.1404232835035,49.0720334121696],[-97.1499862164936,49.1057472382998],[-97.1406096199337,49.1238721444978],[-97.1518937387188,49.1480234218271],[-97.1433264324911,49.1655091990144],[-97.1559101228739,49.2053697708922],[-97.1729269447834,49.2496843603632],[-97.1694178835955,49.2588495861863],[-97.1371065461736,49.2749348827322],[-97.1657777807738,49.3095194617715],[-97.1568941169615,49.316939064901],[-97.1218690440818,49.3327923916304],[-97.11272762681,49.3411759735568],[-97.1127056227999,49.3541655587475],[-97.123392728077,49.3669426976896],[-97.1090934858639,49.3715538386687],[-97.1008131020537,49.3905250715775],[-97.1065124764707,49.401948722489],[-97.123433161874,49.4148861385921],[-97.1519246581582,49.4182462629139],[-97.1443916662552,49.4306745526224],[-97.128022581634,49.4388755776919],[-97.1221603934611,49.4731168955528],[-97.1433689026038,49.5025016209061],[-97.1209344727762,49.5025081089606],[-97.1218436515975,49.5173610747335],[-97.1007181992726,49.5104628152493],[-97.0768521956249,49.5112108677082],[-97.0545500451744,49.518551612902],[-97.0380959983911,49.515129700618],[-97.0382541840923,49.5320216653523],[-97.0558737622235,49.5743869233479],[-97.0379697025384,49.5762166259078],[-97.0380900508276,49.5902247232216],[-97.0541981156898,49.6066211745404],[-97.0406584585074,49.6102337898093],[-97.0177463041092,49.6505526768451],[-97.0068110560951,49.6803197453285],[-97.0096187105647,49.7144201693167],[-96.9945816765997,49.7343868288026],[-96.9934486340108,49.7522859573873],[-96.9752792710613,49.7628496161844],[-96.9691019411308,49.7808625788864],[-96.9828427396841,49.7938625282066],[-96.9674012186026,49.808299936002]],[[-97.5183403637579,49.6274232330237],[-97.5080060116625,49.6271060859483],[-97.4953629853023,49.6109625544877],[-97.5316394857656,49.6221416670478],[-97.5183403637579,49.6274232330237]],[[-97.5492822843808,49.6470061764975],[-97.5340420677283,49.6352510032651],[-97.5764500664849,49.6385013043783],[-97.5842565317341,49.6489503445924],[-97.5719923981076,49.6665963953702],[-97.5492822843808,49.6470061764975]],[[-97.2646605411135,49.3708369714774],[-97.2325308962019,49.359339343501],[-97.2115586640026,49.3431437235875],[-97.2366420335276,49.3430164648287],[-97.284209588143,49.3273468896691],[-97.2894312774676,49.3123205051636],[-97.3066094594873,49.313850948479],[-97.3271942518653,49.3535788313749],[-97.3267773461654,49.3658653271068],[-97.3064770409634,49.3747856641097],[-97.2870415468993,49.3698889777162],[-97.2646605411135,49.3708369714774]],[[-97.3692529346222,49.3595638484683],[-97.3545343508183,49.3528828763056],[-97.3588820180933,49.3404767571126],[-97.386238630484,49.3405112005813],[-97.3880584618553,49.3575742775393],[-97.3692529346222,49.3595638484683]],[[-97.3583186597999,49.2276399468814],[-97.3370424083001,49.2253384663901],[-97.3224067482777,49.2071441022941],[-97.3152831745913,49.1834666998163],[-97.3330190496358,49.1817225468676],[-97.349718966406,49.1927529900156],[-97.3657680867601,49.2237469699529],[-97.3583186597999,49.2276399468814]],[[-97.2859872064603,49.1833728536223],[-97.2775696852211,49.16644768552],[-97.2588916651697,49.1659381058525],[-97.2328373439758,49.1392064528547],[-97.2510374849698,49.1333528779361],[-97.2542515293628,49.1502060481122],[-97.2771292184555,49.1591768854961],[-97.291060030695,49.1768630419317],[-97.2859872064603,49.1833728536223]],[[-97.3007648657169,49.1361422254346],[-97.3106463416566,49.1508157305361],[-97.2891674155582,49.1514079949105],[-97.3007648657169,49.1361422254346]]]}},{"type":"Feature","properties":{"code":"FL2009"},"geometry":{"type":"MultiPolygon","coordinates":[[[[-97.2204668,49.0017387],[-97.224928,49.004068],[-97.2262768,49.0019938],[-97.2339758,49.0020217],[-97.2370999,48.9995781],[-97.2072653,48.9994698],[-97.208784,49.0000129],[-97.2157325,48.999919],[-97.2196947,49.0010262],[-97.2204668,49.0017387]]],[[[-97.1723701,49.0156103],[-97.1760562,49.0158328],[-97.1820484,49.0152496],[-97.2016576,49.015278],[-97.2038276,49.0133254],[-97.1980406,49.0132053],[-97.1984028,49.0046819],[-97.2005993,49.0045891],[-97.2006003,48.9994595],[-97.1384379,48.999345],[-97.1392526,49.0003226],[-97.1457309,49.0007643],[-97.1501179,49.0022966],[-97.1515596,49.0049061],[-97.1537928,49.0046046],[-97.1552596,49.0065397],[-97.1603999,49.0062077],[-97.1659644,49.0082848],[-97.1648852,49.0099262],[-97.1656696,49.0116537],[-97.1650331,49.0150171],[-97.1723701,49.0156103]],[[-97.1583721,49.0028034],[-97.1559092,49.0025368],[-97.1555267,49.0005868],[-97.1585866,49.0006836],[-97.1583721,49.0028034]]],[[[-97.4245935,49.0229346],[-97.4227774,49.0208857],[-97.4200892,49.0193871],[-97.4162619,49.0160735],[-97.4118331,49.0155628],[-97.4101689,49.0141363],[-97.4016228,49.01408139999999],[-97.4039759,49.0153419],[-97.407739,49.0152815],[-97.4102557,49.0167781],[-97.4150157,49.0176307],[-97.4172052,49.0186728],[-97.4205094,49.0223165],[-97.4245935,49.0229346]]],[[[-97.4328694,49.026196],[-97.4330862,49.0247371],[-97.431423,49.0232526],[-97.4328326,49.0219223],[-97.4311801,49.0201007],[-97.4291196,49.0203774],[-97.426484,49.0196994],[-97.4260759,49.02179779999999],[-97.4285351,49.022651],[-97.4305083,49.0251518],[-97.4328694,49.026196]]],[[[-97.439034,49.0368499],[-97.4418677,49.0337396],[-97.4430257,49.0349922],[-97.4454191,49.0350244],[-97.44589,49.0363802],[-97.4488173,49.0357449],[-97.4473241,49.0342629],[-97.4447633,49.034116],[-97.446414,49.0305398],[-97.4422482,49.0325078],[-97.43869,49.0314476],[-97.4368026,49.0316469],[-97.433426,49.0302517],[-97.4328094,49.0281068],[-97.4290878,49.0268192],[-97.4263026,49.022958],[-97.4245722,49.023609],[-97.4263814,49.0258828],[-97.4254239,49.0291308],[-97.4262466,49.030154],[-97.4315528,49.03000139999999],[-97.4316954,49.0309029],[-97.4361946,49.0346749],[-97.4377402,49.0344709],[-97.439034,49.0368499]]],[[[-97.395179,49.0443446],[-97.3960954,49.0424457],[-97.3958149,49.0405302],[-97.3924353,49.0392462],[-97.3928866,49.0411641],[-97.394884,49.0428787],[-97.395179,49.0443446]]],[[[-97.3984307,49.0406957],[-97.4026645,49.0402879],[-97.4018159,49.0391516],[-97.4034968,49.0368016],[-97.4004786,49.0329262],[-97.3982348,49.0329566],[-97.3974947,49.0292888],[-97.4001349,49.0275294],[-97.4030497,49.0239424],[-97.4030565,49.0223715],[-97.4070094,49.0237115],[-97.4086023,49.0268753],[-97.4102248,49.0277546],[-97.4135347,49.024744],[-97.4127934,49.022106],[-97.4050125,49.016886],[-97.404637,49.0177662],[-97.4089076,49.0200245],[-97.4113419,49.0228307],[-97.4115213,49.0252304],[-97.4026471,49.0215947],[-97.4023633,49.0236758],[-97.4009038,49.0265692],[-97.3993092,49.0279548],[-97.3971362,49.0257036],[-97.3966935,49.0301029],[-97.3954432,49.0312853],[-97.3927223,49.0305276],[-97.38932280000002,49.0308801],[-97.3878378,49.0327445],[-97.3879556,49.0347594],[-97.3902308,49.03489649999999],[-97.3912632,49.036507],[-97.3945484,49.0373639],[-97.3953254,49.0392663],[-97.3984307,49.0406957]]],[[[-97.4041224,49.0481796],[-97.4048748,49.0460534],[-97.4019895,49.0453388],[-97.4041224,49.0481796]]],[[[-97.3875083,49.0581772],[-97.3891385,49.0586383],[-97.3895477,49.0556052],[-97.3916034,49.0566565],[-97.3925548,49.0588612],[-97.3963017,49.0571018],[-97.3938561,49.0535472],[-97.397287,49.0527326],[-97.3940923,49.0515264],[-97.397545,49.0505623],[-97.3977702,49.0488787],[-97.3962602,49.0479581],[-97.3967476,49.0460047],[-97.4033284,49.050099],[-97.4032938,49.0511796],[-97.4062855,49.052156],[-97.408132,49.0500192],[-97.40758230000002,49.0491351],[-97.4044571,49.0495594],[-97.4008356,49.0474347],[-97.3991787,49.045045],[-97.3944166,49.0449035],[-97.39368,49.043062],[-97.3920001,49.0422662],[-97.3883341,49.0425069],[-97.385228,49.040773],[-97.385177,49.04342219999999],[-97.389617,49.0452041],[-97.3914559,49.0474504],[-97.3874542,49.0474822],[-97.3865751,49.048551],[-97.3830724,49.0499063],[-97.3806289,49.0493851],[-97.3783504,49.0517371],[-97.3834831,49.0522669],[-97.3858475,49.054935],[-97.385952,49.0568114],[-97.3875083,49.0581772]],[[-97.3858257,49.0532102],[-97.3866509,49.0506955],[-97.3882651,49.0511539],[-97.3889112,49.0530284],[-97.3858257,49.0532102]]],[[[-97.3197562,49.0614554],[-97.3219283,49.0620181],[-97.3243759,49.0636992],[-97.3279912,49.0634578],[-97.3296162,49.0638927],[-97.3313653,49.0668565],[-97.335576,49.0648604],[-97.3359226,49.066981],[-97.338668,49.0669031],[-97.3388433,49.065378],[-97.3413535,49.0652098],[-97.3416988,49.0666829],[-97.3437455,49.0670578],[-97.3465484,49.0657737],[-97.3448931,49.0641666],[-97.3432691,49.0642585],[-97.3412521,49.0629916],[-97.3421253,49.0617662],[-97.3476123,49.0601176],[-97.3454395,49.0569484],[-97.34426,49.0581694],[-97.3454705,49.0599717],[-97.34101,49.0597349],[-97.3393913,49.0630935],[-97.3365484,49.0625236],[-97.3334437,49.0644378],[-97.3326156,49.0633484],[-97.3300132,49.0627231],[-97.3306007,49.0612036],[-97.3278853,49.0612818],[-97.3257529,49.0626418],[-97.3246323,49.0613913],[-97.3253686,49.0602273],[-97.3282535,49.0609439],[-97.3313918,49.0594109],[-97.3336979,49.0569704],[-97.3340229,49.0523646],[-97.3396678,49.047092],[-97.3389355,49.045351],[-97.3416305,49.0448275],[-97.3430779,49.0436881],[-97.3467749,49.0444515],[-97.3515738,49.0424546],[-97.3492315,49.0413024],[-97.3491083,49.0392775],[-97.3524894,49.0399446],[-97.3562604,49.0430689],[-97.3567527,49.0413146],[-97.3585274,49.040796],[-97.3596472,49.0392019],[-97.3624929,49.0398403],[-97.3666145,49.0393365],[-97.3665361,49.037761],[-97.3680594,49.0369954],[-97.367962,49.034745],[-97.369341,49.0342063],[-97.3681366,49.0306636],[-97.3707159,49.0293098],[-97.3701162,49.0267915],[-97.3711535,49.0235903],[-97.3696164,49.0212556],[-97.3702242,49.0191106],[-97.3682286,49.01739569999999],[-97.3696416,49.0147525],[-97.369579,49.0126918],[-97.3714238,49.0125286],[-97.3715393,49.0102456],[-97.3693653,49.0089779],[-97.3680724,49.0064857],[-97.3642201,49.0040696],[-97.3621774,49.0038158],[-97.3607221,49.0064939],[-97.3623675,49.007192],[-97.3618111,49.0097705],[-97.3592925,49.0083853],[-97.3590514,49.0105184],[-97.3551981,49.0081377],[-97.3525661,49.005225],[-97.3514358,49.00301359999999],[-97.3541902,49.0005506],[-97.3644319,49.0005105],[-97.364033,49.0024376],[-97.3667868,49.003665],[-97.3665487,49.0049057],[-97.3698275,49.0056205],[-97.3695734,49.0004901],[-97.3836298,49.0004329],[-97.38465,48.9994425],[-97.3464702,48.9995966],[-97.2720779,48.9995497],[-97.2773363,49.0007039],[-97.2759049,49.0025586],[-97.2776794,49.0056213],[-97.2790914,49.0043286],[-97.2857707,49.0039426],[-97.2874354,49.0052399],[-97.2875381,49.0072299],[-97.2896848,49.009434],[-97.2886185,49.0106195],[-97.2859156,49.0096798],[-97.2804754,49.0090084],[-97.2760591,49.0068059],[-97.2758428,49.0043569],[-97.2729231,49.004763],[-97.2699025,49.0031434],[-97.2693511,49.0042596],[-97.2666294,49.0038814],[-97.2636248,49.0018121],[-97.2598695,49.0018679],[-97.2590712,49.0000567],[-97.2611402,48.9995388],[-97.2402902,48.9995151],[-97.2381694,49.0003578],[-97.2376184,49.0027734],[-97.2381244,49.0054085],[-97.2396952,49.0080079],[-97.2433645,49.0108758],[-97.2470474,49.0152038],[-97.2532027,49.0151847],[-97.2531161,49.0139464],[-97.2548889,49.0121383],[-97.2595211,49.0153926],[-97.261606,49.0156133],[-97.2721657,49.0155827],[-97.2751949,49.0169775],[-97.2768761,49.0189911],[-97.2796769,49.0208678],[-97.2811527,49.0238903],[-97.2848237,49.0265313],[-97.2875431,49.0258202],[-97.2907288,49.0276667],[-97.2925165,49.030392],[-97.302776,49.030431],[-97.3026229,49.0210595],[-97.3001218,49.0179865],[-97.3006615,49.0133839],[-97.3076212,49.0136344],[-97.3077772,49.015284],[-97.3417195,49.01532719999999],[-97.3366544,49.0157435],[-97.3367066,49.019307],[-97.33931,49.0232803],[-97.3394024,49.0256431],[-97.3413525,49.0287073],[-97.3395721,49.0308183],[-97.341344,49.0341049],[-97.3341906,49.0332146],[-97.3316115,49.0336272],[-97.3295075,49.035171],[-97.3268553,49.0326587],[-97.3252602,49.0343223],[-97.3233244,49.0345191],[-97.3219132,49.0321371],[-97.3193416,49.0323246],[-97.3173514,49.0355566],[-97.3183164,49.0373699],[-97.3162194,49.0386888],[-97.3166526,49.0410566],[-97.3154483,49.0412639],[-97.3128001,49.0436991],[-97.314042,49.0462269],[-97.317223,49.0494987],[-97.3159426,49.0505318],[-97.316049,49.0524451],[-97.3115991,49.0524925],[-97.3089807,49.0540284],[-97.308228,49.0560415],[-97.3054764,49.0564509],[-97.3035608,49.0574349],[-97.3034957,49.0593456],[-97.3062726,49.0634305],[-97.3054719,49.0674711],[-97.3006525,49.0646616],[-97.3005644,49.0672467],[-97.3019889,49.0706412],[-97.3029424,49.0715905],[-97.3030858,49.0743184],[-97.3072436,49.0742412],[-97.3069799,49.0727169],[-97.3106915,49.0702833],[-97.3137732,49.0693608],[-97.3134345,49.066937],[-97.3160055,49.0671128],[-97.3164704,49.0658064],[-97.3151002,49.0643351],[-97.3201974,49.0635984],[-97.3197562,49.0614554]],[[-97.3315637,49.0489596],[-97.3295977,49.0465696],[-97.3303232,49.0453391],[-97.332999,49.0454776],[-97.3309846,49.0473124],[-97.3315637,49.0489596]]],[[[-97.3519852,49.0716033],[-97.3540411,49.0699451],[-97.3590565,49.0718218],[-97.3612647,49.0736978],[-97.3633654,49.073394],[-97.3659163,49.0721154],[-97.3682949,49.0724434],[-97.3712354,49.0738585],[-97.374484,49.0731587],[-97.3704155,49.0715315],[-97.3677923,49.07137669999999],[-97.358958,49.0684649],[-97.3564141,49.0688676],[-97.3545435,49.0672781],[-97.3511072,49.06865889999999],[-97.3503544,49.0677178],[-97.351274,49.0660432],[-97.3535503,49.0661703],[-97.3524429,49.0640882],[-97.3556892,49.0639137],[-97.3581321,49.0626235],[-97.3593026,49.0635235],[-97.3623557,49.0630171],[-97.3646637,49.061481],[-97.3672025,49.0608178],[-97.3685113,49.0596768],[-97.3748192,49.0580094],[-97.371891,49.0570985],[-97.3753727,49.0553571],[-97.3752171,49.0541205],[-97.3772842,49.0527285],[-97.377505,49.0502586],[-97.3741145,49.0526285],[-97.3730231,49.0558014],[-97.3711665,49.0570371],[-97.37289,49.0582892],[-97.3683432,49.0592652],[-97.3665365,49.0605526],[-97.364314,49.0610668],[-97.3631286,49.0623971],[-97.3594204,49.0628627],[-97.3588371,49.061624],[-97.3547123,49.0636947],[-97.348602,49.0640964],[-97.347783,49.0656304],[-97.3498886,49.0665597],[-97.3499481,49.06850929999999],[-97.3486767,49.0696923],[-97.3463112,49.0682779],[-97.3414617,49.0682424],[-97.3366971,49.0672193],[-97.3364476,49.068477],[-97.3391792,49.06979459999999],[-97.3402323,49.0685485],[-97.3431858,49.0686591],[-97.3452344,49.0702395],[-97.3472799,49.06957],[-97.3503994,49.0703387],[-97.3519852,49.0716033]]],[[[-97.3531243,49.092523],[-97.3525402,49.0894785],[-97.3507916,49.090578],[-97.3482133,49.0908785],[-97.3451888,49.0891484],[-97.3424545,49.0889967],[-97.3427443,49.0905752],[-97.3451477,49.09038479999999],[-97.3466507,49.0915308],[-97.3531243,49.092523]]],[[[-97.3102367,49.1344147],[-97.310282,49.1332852],[-97.3135257,49.1334451],[-97.3130504,49.1272534],[-97.3139448,49.126142],[-97.311791,49.123974],[-97.3121716,49.1228551],[-97.3147772,49.1218043],[-97.3176629,49.1225979],[-97.3191238,49.1237793],[-97.3215902,49.1229924],[-97.3195846,49.1215014],[-97.3197976,49.1202675],[-97.3184463,49.1184843],[-97.3188305,49.117253],[-97.3231264,49.1168657],[-97.3269587,49.1200699],[-97.32807,49.1188134],[-97.3252953,49.1147249],[-97.3281675,49.1146898],[-97.3348535,49.1157628],[-97.3333832,49.1124038],[-97.3362938,49.1124458],[-97.3372807,49.1148982],[-97.3422552,49.1186038],[-97.3474414,49.1186425],[-97.350091,49.1199531],[-97.3511125,49.1162211],[-97.3487153,49.1161869],[-97.3432215,49.1116102],[-97.3450755,49.1110745],[-97.3471263,49.1124533],[-97.3472366,49.109342],[-97.3497878,49.1096801],[-97.3507369,49.1068825],[-97.3478863,49.1050425],[-97.3462821,49.1069312],[-97.3449051,49.1071363],[-97.3429144,49.1051961],[-97.3397836,49.1068379],[-97.336793,49.1038711],[-97.3376714,49.1032091],[-97.3365971,49.0994827],[-97.3376842,49.0976992],[-97.3333864,49.0981995],[-97.3335905,49.0959891],[-97.3354657,49.0962411],[-97.3359104,49.0944126],[-97.3404978,49.0954907],[-97.3405315,49.0944791],[-97.342995,49.0924904],[-97.3380506,49.0918571],[-97.3363016,49.0929564],[-97.33027,49.0941062],[-97.3291286,49.0924029],[-97.3253559,49.0925732],[-97.3246145,49.0942492],[-97.3278203,49.0944438],[-97.3281256,49.096774],[-97.3228387,49.096135],[-97.3166314,49.097394],[-97.3141819,49.0989326],[-97.3134134,49.1013953],[-97.3106628,49.1011828],[-97.309003,49.1039717],[-97.3069815,49.1053234],[-97.3033245,49.1059703],[-97.3016241,49.1056079],[-97.3006584,49.1037945],[-97.2982619,49.1037592],[-97.2990312,49.1012966],[-97.2970002,49.100592],[-97.2957521,49.0985495],[-97.2957763,49.0965257],[-97.2977355,49.0941164],[-97.300175,49.0928797],[-97.3004152,49.0908591],[-97.3030167,49.0898854],[-97.302954,49.0854989],[-97.3104514,49.0865442],[-97.3108477,49.0847548],[-97.316589,49.0873086],[-97.3185245,49.0857625],[-97.3237043,49.0895487],[-97.326815,49.0886943],[-97.3263928,49.0857685],[-97.3306671,49.0859428],[-97.3296314,49.0810925],[-97.3210724,49.0810807],[-97.3233454,49.0798728],[-97.3232506,49.0788237],[-97.3207139,49.0766859],[-97.3199121,49.0748791],[-97.3254802,49.0735773],[-97.3239046,49.0717537],[-97.3245403,49.0709626],[-97.3244457,49.0669846],[-97.322885,49.066987],[-97.3240667,49.0703305],[-97.3225694,49.0707089],[-97.321752,49.0723727],[-97.3167679,49.0716846],[-97.3150344,49.072334],[-97.3142853,49.0756569],[-97.3126125,49.0745079],[-97.3117303,49.0789203],[-97.3101218,49.0809209],[-97.3072148,49.0795266],[-97.3098851,49.0757392],[-97.3087194,49.074725],[-97.2993391,49.0744479],[-97.2980012,49.077443],[-97.298359,49.0814371],[-97.2962148,49.082194],[-97.2970268,49.0852903],[-97.293955,49.0873553],[-97.2937622,49.0888599],[-97.2909408,49.0885545],[-97.2887471,49.0876224],[-97.289247,49.0914086],[-97.2877721,49.0932371],[-97.2892105,49.0958443],[-97.2888548,49.0993512],[-97.287842,49.1017],[-97.2890744,49.1029672],[-97.2894614,49.1058781],[-97.2883677,49.106656],[-97.3008577,49.1281824],[-97.304572,49.1315731],[-97.3102367,49.1344147]],[[-97.3117086,49.1148796],[-97.3069248,49.1148095],[-97.3043808,49.1107259],[-97.3065794,49.1100441],[-97.3093937,49.1074968],[-97.3115119,49.1064005],[-97.3142064,49.1033572],[-97.3177904,49.104448],[-97.3200611,49.103767],[-97.3220078,49.1019387],[-97.3251846,49.1001759],[-97.3279419,49.1022629],[-97.3253043,49.1030815],[-97.3241064,49.1042066],[-97.323975,49.1081082],[-97.3219815,49.1113163],[-97.3190985,49.1107983],[-97.3182723,49.1137853],[-97.3155599,49.1146503],[-97.3136915,49.1141469],[-97.3117086,49.1148796]]],[[[-97.2094631,49.4521643],[-97.2113879,49.451407],[-97.2101328,49.44779339999999],[-97.2075788,49.4470792],[-97.2109614,49.4439831],[-97.206676,49.4434629],[-97.2063982,49.4461613],[-97.2047719,49.4483809],[-97.2073492,49.4486458],[-97.2090197,49.4501335],[-97.2094631,49.4521643]]],[[[-97.3420995,49.4856747],[-97.3428745,49.4873692],[-97.3458921,49.487498],[-97.345716,49.4849276],[-97.3433544,49.4841805],[-97.3420995,49.4856747]]],[[[-97.3609703,49.4985572],[-97.3629585,49.4992041],[-97.3648708,49.4984357],[-97.3673651,49.4961097],[-97.3665174,49.4956479],[-97.359953,49.4957799],[-97.3576471,49.4963094],[-97.3579301,49.497681],[-97.3609703,49.4985572]]],[[[-97.3526446,49.5171454],[-97.3570129,49.5156333],[-97.3599549,49.5154502],[-97.3597337,49.5117365],[-97.3577114,49.510246],[-97.3559779,49.5104463],[-97.3499785,49.509124],[-97.3465191,49.5092995],[-97.3483646,49.5109],[-97.3512573,49.5121782],[-97.3487689,49.5142791],[-97.3497403,49.5162044],[-97.3526446,49.5171454]]],[[[-97.2363373,49.5206827],[-97.2391921,49.51814],[-97.2376995,49.5146764],[-97.2332641,49.5183323],[-97.2363373,49.5206827]]],[[[-97.3661099,49.527681],[-97.3666878,49.5258901],[-97.3651676,49.5248567],[-97.3652389,49.5227213],[-97.3620937,49.5238012],[-97.363017,49.5271876],[-97.3661099,49.527681]]],[[[-97.3556296,49.5311307],[-97.35847520000002,49.5286974],[-97.356974,49.5271019],[-97.3555671,49.5226966],[-97.3566331,49.5218123],[-97.3560443,49.5187679],[-97.3565999,49.5176514],[-97.350907,49.517458],[-97.35252,49.52085419999999],[-97.3538595,49.5221101],[-97.3539605,49.524248],[-97.3515245,49.5247755],[-97.34958,49.5260971],[-97.3537642,49.5300922],[-97.3556296,49.5311307]]],[[[-97.3485311,49.5315918],[-97.3533887,49.5309864],[-97.3508667,49.5289265],[-97.3471931,49.5251635],[-97.3464684,49.5261651],[-97.3463546,49.5295367],[-97.3485311,49.5315918]]],[[[-97.3494877,49.5339667],[-97.3519317,49.5332145],[-97.3553815,49.533376],[-97.3555844,49.5324794],[-97.3483357,49.5322636],[-97.3494877,49.5339667]]],[[[-97.2838391,49.5511664],[-97.2866776,49.5490721],[-97.2846482,49.5478051],[-97.2846915,49.5463722],[-97.287137,49.5456213],[-97.2858104,49.5440275],[-97.2828231,49.5454449],[-97.2801652,49.5475137],[-97.28304740000002,49.5489058],[-97.2821591,49.5497921],[-97.2838391,49.5511664]]],[[[-97.4047203,49.5541332],[-97.4080356,49.5531669],[-97.4073885,49.5518087],[-97.4055028,49.551333],[-97.4061125,49.5485303],[-97.4030436,49.5472512],[-97.4007467,49.54879359999999],[-97.4010188,49.5510462],[-97.4047203,49.5541332]]],[[[-97.1761305,49.5486029],[-97.1794451,49.5527784],[-97.1859267,49.5475968],[-97.184666,49.54715369999999],[-97.1786816,49.5473888],[-97.1761305,49.5486029]]],[[[-97.2330584,49.5541407],[-97.2354808,49.5540653],[-97.2342407,49.5501109],[-97.2306541,49.5489316],[-97.2275795,49.5487721],[-97.2256279,49.5497502],[-97.2222559,49.5473146],[-97.2174216,49.5445253],[-97.2143837,49.5441143],[-97.2108667,49.5417936],[-97.2093468,49.5441026],[-97.211634,49.5441711],[-97.2125579,49.5453442],[-97.2172898,49.545351],[-97.2240254,49.5506291],[-97.2255555,49.5513273],[-97.2290061,49.5514926],[-97.23223120000002,49.5531161],[-97.2330584,49.5541407]]],[[[-97.0721156,49.55561859999999],[-97.0708577,49.5524492],[-97.0716327,49.5503257],[-97.069569,49.5500664],[-97.0676159,49.5513831],[-97.0675051,49.5541923],[-97.0721156,49.55561859999999]]],[[[-97.4217409,49.567438],[-97.4223541,49.5647196],[-97.4235703,49.5643146],[-97.422606,49.5620526],[-97.4212382,49.5615842],[-97.4158682,49.5619324],[-97.4217409,49.567438]]],[[[-97.2350812,49.5733194],[-97.2379716,49.5698777],[-97.2366135,49.56918239999999],[-97.2379566,49.56549219999999],[-97.2350112,49.5656722],[-97.2326491,49.564062],[-97.2318542,49.5621383],[-97.2285878,49.5616386],[-97.2254658,49.5619281],[-97.22369580000002,49.5583027],[-97.2202284,49.5585868],[-97.2203603,49.5597132],[-97.2234537,49.5602105],[-97.2214962,49.5617547],[-97.2250795,49.5630466],[-97.226923,49.564649],[-97.2267095,49.5657702],[-97.229594,49.5672761],[-97.2320965,49.5697881],[-97.2317225,49.5705695],[-97.2350812,49.5733194]]],[[[-97.4811733,49.5896327],[-97.4819153,49.5824463],[-97.4805393,49.5822033],[-97.4759364,49.5856284],[-97.4760462,49.5876538],[-97.480735,49.5870408],[-97.4799876,49.58883],[-97.4811733,49.5896327]]],[[[-97.0275201,49.6583195],[-97.0289421,49.6595581],[-97.0320132,49.6587932],[-97.032052,49.6578302],[-97.0275201,49.6583195]]],[[[-97.2054531,49.6645038],[-97.2065621,49.6626095],[-97.2040935,49.6590856],[-97.1993791,49.6554142],[-97.1985925,49.6532656],[-97.196557,49.6521095],[-97.1950699,49.6501748],[-97.1971551,49.6499824],[-97.1954216,49.6453453],[-97.1937243,49.6444193],[-97.19412450000002,49.6429638],[-97.1923457,49.6395628],[-97.1911511,49.6390943],[-97.1869815,49.6394789],[-97.1879134,49.6376944],[-97.1903526,49.6372828],[-97.1920597,49.6332616],[-97.1892872,49.6333307],[-97.1875237,49.6342026],[-97.1838677,49.6300974],[-97.1813256,49.6239856],[-97.1750134,49.6215249],[-97.1721701,49.623504],[-97.1721154,49.6249649],[-97.1688202,49.6251377],[-97.1701241,49.6272947],[-97.1737444,49.6276892],[-97.1786146,49.6317015],[-97.1804424,49.6337542],[-97.1798437,49.6358811],[-97.1832666,49.6369469],[-97.1835583,49.6384132],[-97.1853865,49.6404658],[-97.1883116,49.6409614],[-97.1879154,49.6423045],[-97.1856031,49.6439549],[-97.1806989,49.6454521],[-97.1800666,49.6484781],[-97.181292,49.6527702],[-97.1852187,49.6542935],[-97.1855506,49.650026],[-97.1900423,49.6503212],[-97.1898066,49.6520041],[-97.1919568,49.6547363],[-97.1917212,49.6564192],[-97.1955945,49.6594032],[-97.1981579,49.6603426],[-97.2000042,49.6619455],[-97.2019126,49.6618627],[-97.2054531,49.6645038]]],[[[-97.1679183,49.6676264],[-97.1691893,49.6660724],[-97.1683869,49.6643731],[-97.1659885,49.6636604],[-97.1645277,49.66105109999999],[-97.1666684,49.6593984],[-97.1633836,49.6592339],[-97.1639646,49.6572889],[-97.1607469,49.6565534],[-97.1612131,49.6616732],[-97.1649329,49.6640935],[-97.1658786,49.6665822],[-97.1679183,49.6676264]]],[[[-97.1424541,49.7429734],[-97.1448717,49.7428715],[-97.1469509,49.7382105],[-97.1534814,49.7352789],[-97.1555662,49.7351997],[-97.1575244,49.7338815],[-97.162802,49.7319415],[-97.1631699,49.7313851],[-97.1634228,49.7248676],[-97.1650991,49.7224828],[-97.1618632,49.7180171],[-97.158321,49.7158605],[-97.1574805,49.7163099],[-97.1578195,49.7204092],[-97.1548584,49.7174073],[-97.1532752,49.7171685],[-97.1525241,49.7138102],[-97.1475422,49.715047],[-97.1461676,49.7132361],[-97.1452905,49.7089493],[-97.1420881,49.7065367],[-97.1427237,49.703511],[-97.1459493,49.7007517],[-97.1494016,49.7011442],[-97.15145350000002,49.7064617],[-97.1531606,49.7071636],[-97.1541688,49.7114881],[-97.1568154,49.7113821],[-97.1579061,49.7100502],[-97.1557215,49.7082164],[-97.1609369,49.7078496],[-97.1593018,49.7052375],[-97.1610515,49.7048155],[-97.1604603,49.7021075],[-97.1608662,49.70053979999999],[-97.1580186,49.6979084],[-97.1577344,49.696257],[-97.1610571,49.695483],[-97.1611165,49.6939098],[-97.165612,49.6942059],[-97.1694358,49.6939291],[-97.1733316,49.6963519],[-97.1731331,49.6970234],[-97.1770378,49.6992214],[-97.1801395,49.6997199],[-97.1788879,49.6961021],[-97.1775356,49.6951813],[-97.1781898,49.6915935],[-97.1774414,49.6884334],[-97.1728194,49.6868988],[-97.170741,49.686866],[-97.1649874,49.6831768],[-97.1629895,49.6810088],[-97.1633867,49.6796658],[-97.1664997,49.6798275],[-97.1701232,49.6791335],[-97.1724419,49.677371],[-97.1740089,49.6771709],[-97.1741401,49.674776],[-97.1731425,49.6725471],[-97.169625,49.6704319],[-97.1693505,49.6685161],[-97.1665718,49.668697],[-97.1633032,49.668083],[-97.16286,49.666052],[-97.1603641,49.6679239],[-97.157734,49.6641715],[-97.1563575,49.6639247],[-97.1579787,49.660478],[-97.1555575,49.6599109],[-97.1556497,49.6617799],[-97.1547756,49.6647962],[-97.1522188,49.6640836],[-97.1522138,49.6607737],[-97.1495067,49.6605896],[-97.1486285,49.657617],[-97.1458802,49.6570108],[-97.1447604,49.6591293],[-97.1398132,49.6571384],[-97.1406298,49.6538907],[-97.1420659,49.6525644],[-97.1398629,49.6512922],[-97.1398055,49.6482553],[-97.1412837,49.6460021],[-97.1466618,49.6455543],[-97.1498307,49.6466495],[-97.1495213,49.6502427],[-97.1557648,49.650005],[-97.1510279,49.651616],[-97.1529062,49.6523207],[-97.1579384,49.6520636],[-97.1616699,49.6541468],[-97.1628223,49.6557393],[-97.16611960000002,49.6555667],[-97.1647856,49.6541963],[-97.1659508,49.6508415],[-97.1621939,49.6494326],[-97.162089,49.6430217],[-97.1604093,49.6416458],[-97.1537584,49.6410576],[-97.1519171,49.6381047],[-97.1530261,49.6362506],[-97.1567647,49.6348087],[-97.1549082,49.6335423],[-97.1494979,49.6346928],[-97.1493888,49.6330044],[-97.147178,49.631957],[-97.1426071,49.6337953],[-97.1416098,49.6281572],[-97.144036,49.6280836],[-97.1468892,49.6258805],[-97.150176,49.6259331],[-97.1521054,49.6241648],[-97.154054,49.6240835],[-97.153776,49.62228],[-97.1515656,49.6212327],[-97.1467199,49.6166575],[-97.1462522,49.6153007],[-97.1510991,49.6152658],[-97.1522417,49.6170831],[-97.1552399,49.6157817],[-97.1584974,49.6165925],[-97.1600968,49.6152968],[-97.1627753,49.6177006],[-97.1679304,49.6186819],[-97.1688373,49.6175718],[-97.1719385,49.6166486],[-97.1751861,49.6131017],[-97.1727985,49.6121645],[-97.1732074,49.6104843],[-97.1716972,49.6092236],[-97.1728393,49.6077401],[-97.1745518,49.6082169],[-97.175016,49.609686],[-97.177867,49.6110035],[-97.1827481,49.6098474],[-97.1801273,49.6071803],[-97.1795277,49.6046972],[-97.1777902,49.6048947],[-97.1728849,49.6018938],[-97.1742967,49.5965189],[-97.1705731,49.5943237],[-97.1695947,49.592734],[-97.1676636,49.5934905],[-97.1677731,49.5905688],[-97.1660529,49.5903166],[-97.1659601,49.5881787],[-97.168966,49.5864273],[-97.1717022,49.5872576],[-97.1760067,49.5877753],[-97.1768501,49.5883508],[-97.1803449,49.5873939],[-97.1776504,49.5854399],[-97.1780924,49.5828607],[-97.1757355,49.5811369],[-97.1762019,49.5756693],[-97.1727396,49.5763416],[-97.1729508,49.5776372],[-97.1706465,49.5786638],[-97.1708725,49.5802901],[-97.1696255,49.5844855],[-97.1664432,49.5836704],[-97.1640134,49.5808297],[-97.1550549,49.5887418],[-97.1499496,49.5936299],[-97.1465089,49.6009434],[-97.1433801,49.6116896],[-97.1347485,49.639286],[-97.1324088,49.6481657],[-97.1296142,49.6616226],[-97.129878,49.6640313],[-97.1369206,49.6866634],[-97.1374913,49.7127514],[-97.1379952,49.7420022],[-97.1405801,49.7414816],[-97.1424541,49.7429734]],[[-97.1601727,49.6433286],[-97.1611433,49.6451431],[-97.15743270000002,49.6471081],[-97.1567914,49.6457486],[-97.1601727,49.6433286]]],[[[-97.0571998,49.7702524],[-97.0604363,49.7745069],[-97.0635717,49.7763837],[-97.0651929,49.7784473],[-97.0851082,49.7700269],[-97.0919703,49.7672665],[-97.0936589,49.7685933],[-97.1019792,49.7649466],[-97.1005556,49.7638014],[-97.1177504,49.7561483],[-97.1235671,49.7434878],[-97.1250926,49.7439646],[-97.1294237,49.7493656],[-97.1323261,49.7512435],[-97.1351834,49.7485968],[-97.1326282,49.7485238],[-97.129969,49.7467079],[-97.1285423,49.7431992],[-97.1300426,49.7415653],[-97.1306009,49.739297],[-97.1299894,49.7371507],[-97.1339927,49.7369904],[-97.1369766,49.7378256],[-97.1365613,49.7128289],[-97.1367091,49.7126926],[-97.1361521,49.6882711],[-97.1289507,49.6640625],[-97.1288987,49.6617035],[-97.1301717,49.65451069999999],[-97.132072,49.6458021],[-97.133958,49.6393127],[-97.1444807,49.6045952],[-97.1484595,49.5946913],[-97.1502285,49.5920635],[-97.1633696,49.5803744],[-97.1642434,49.5788422],[-97.1607406,49.5781711],[-97.1602143,49.5769131],[-97.1623489,49.5742986],[-97.16618,49.5738558],[-97.1678836,49.5720177],[-97.172821,49.571196],[-97.1748118,49.5700383],[-97.181166,49.5675885],[-97.1744749,49.5636358],[-97.1729852,49.5633838],[-97.1708872,49.5668703],[-97.1679904,49.5669592],[-97.1665211,49.5685976],[-97.1635399,49.5697209],[-97.1581334,49.5709631],[-97.1585467,49.5691705],[-97.1538909,49.5642613],[-97.1535844,49.5626822],[-97.1510429,49.5618545],[-97.1475664,49.5623611],[-97.1476217,49.5609002],[-97.1545998,49.5592126],[-97.1600397,49.5570504],[-97.1552748,49.555063],[-97.1531807,49.5555918],[-97.1490435,49.5553008],[-97.14766,49.5540418],[-97.1486485,49.5520336],[-97.1474933,49.550589],[-97.1489471,49.54889],[-97.1527314,49.5491753],[-97.1526131,49.54773139999999],[-97.1510351,49.5466249],[-97.1529385,49.5452829],[-97.1522411,49.5431476],[-97.1486641,49.5412207],[-97.1479278,49.5389495],[-97.1499863,49.5374201],[-97.1488751,49.5350587],[-97.1455083,49.5352131],[-97.1446452,49.5326473],[-97.1460894,49.530431],[-97.1451633,49.52953079999999],[-97.1422885,49.5293805],[-97.1411227,49.5284764],[-97.1430663,49.5257474],[-97.1414563,49.5238987],[-97.1467742,49.5188802],[-97.1475062,49.5164442],[-97.1501115,49.515236],[-97.1494005,49.512881],[-97.1511925,49.5120243],[-97.1565295,49.5062244],[-97.1600347,49.5044574],[-97.16099,49.5024415],[-97.1590642,49.5004839],[-97.1597328,49.4997133],[-97.1571252,49.4967553],[-97.1571061,49.4930052],[-97.1592247,49.4919453],[-97.1588876,49.4902733],[-97.1560875,49.4881976],[-97.1555031,49.48673],[-97.1573174,49.4852486],[-97.1566652,49.4820755],[-97.1623916,49.4799651],[-97.1643847,49.4779656],[-97.166512,49.4745099],[-97.1649707,49.4708399],[-97.1696633,49.4692997],[-97.1734243,49.4670156],[-97.1739088,49.4647317],[-97.1721456,49.4627248],[-97.1736977,49.4618119],[-97.1736212,49.4595712],[-97.1700686,49.4584213],[-97.1725372,49.454346],[-97.1702446,49.4515495],[-97.1705801,49.4500582],[-97.1738536,49.4499975],[-97.1754759,49.4481115],[-97.1752525,49.4435375],[-97.1788782,49.4400691],[-97.180835,49.4373285],[-97.1814614,49.4354995],[-97.1880054,49.4357147],[-97.1873576,49.4345801],[-97.18444060000002,49.434197],[-97.1841942,49.4317193],[-97.1858828,49.4280069],[-97.1867422,49.4219038],[-97.1859181,49.4208789],[-97.1864532,49.4170244],[-97.185151,49.4151321],[-97.185299,49.4109342],[-97.1837406,49.4111346],[-97.1817429,49.4092314],[-97.184919,49.4072176],[-97.1827922,49.4041481],[-97.179209,49.4031921],[-97.1777132,49.4017068],[-97.1741512,49.40018879999999],[-97.1730278,49.398147],[-97.1746983,49.3947273],[-97.176795,49.3939335],[-97.181981,49.393453],[-97.1824456,49.3901993],[-97.181647,49.3885001],[-97.1824518,49.3853643],[-97.1850836,49.3840563],[-97.186203,49.3819092],[-97.1877691,49.3812872],[-97.1883637,49.3793568],[-97.1903069,49.3778412],[-97.1909058,49.3756016],[-97.1939265,49.3730626],[-97.1916036,49.3706649],[-97.1943983,49.3695841],[-97.1948125,49.367679],[-97.1970701,49.367152],[-97.1996103,49.3683161],[-97.2011101,49.364966],[-97.2026915,49.3640911],[-97.2024457,49.3613885],[-97.1971159,49.3611931],[-97.1959526,49.3600505],[-97.1968217,49.3551164],[-97.19869880000002,49.3548083],[-97.1991678,49.3523908],[-97.1949318,49.3484019],[-97.2000494,49.3450465],[-97.1988339,49.3424413],[-97.1961764,49.3398135],[-97.1934452,49.3392086],[-97.1931547,49.3377423],[-97.1909726,49.3362463],[-97.1903025,49.3344367],[-97.1933193,49.333247],[-97.1937735,49.3349408],[-97.1971267,49.3373545],[-97.1984167,49.3350133],[-97.2001774,49.3339162],[-97.1983186,49.3329877],[-97.1990516,49.3317622],[-97.1987963,49.3281956],[-97.2037787,49.3283856],[-97.2052115,49.3268336],[-97.2055196,49.323092],[-97.207321,49.3219955],[-97.2093502,49.3229622],[-97.212021,49.3252168],[-97.2124391,49.327922],[-97.2153053,49.3295406],[-97.2180322,49.3302573],[-97.2208542,49.333112],[-97.2247857,49.3334799],[-97.2276427,49.3331157],[-97.2261655,49.3298293],[-97.223948,49.3278461],[-97.2256654,49.3263766],[-97.2272122,49.3237642],[-97.2287999,49.3226641],[-97.233254,49.323182],[-97.2335376,49.3248731],[-97.2362661,49.3243882],[-97.2370141,49.3227129],[-97.2394024,49.3232759],[-97.2428983,49.3228793],[-97.2433021,49.326034],[-97.2467932,49.3294604],[-97.2504926,49.3318778],[-97.2531856,49.3324041],[-97.2546913,49.3299173],[-97.2533753,49.3282107],[-97.2473247,49.3241835],[-97.2475525,49.3226127],[-97.2462169,49.3214679],[-97.2432208,49.3152868],[-97.2377118,49.3082213],[-97.2367998,49.3031082],[-97.239228,49.3040448],[-97.2427767,49.3080229],[-97.2441404,49.3106415],[-97.2450396,49.3158729],[-97.2490209,49.3188474],[-97.2510641,49.3185159],[-97.2538298,49.3206142],[-97.2551731,49.3234049],[-97.2563183,49.3276929],[-97.2643763,49.3284889],[-97.2671048,49.3280033],[-97.2726152,49.327861],[-97.2750579,49.3268854],[-97.2783367,49.326597],[-97.279943,49.3249342],[-97.2828621,49.3250901],[-97.2852063,49.3231776],[-97.2838325,49.3219203],[-97.2834544,49.3191392],[-97.2861795,49.3187299],[-97.2879919,49.3172593],[-97.2887266,49.3147196],[-97.2895639,49.3066358],[-97.2936866,49.3055723],[-97.2974949,49.3060426],[-97.2978929,49.3044742],[-97.2960371,49.3034348],[-97.29505,49.3009464],[-97.2960203,49.2989367],[-97.2961031,49.2953396],[-97.2983225,49.2919989],[-97.2994606,49.2938991],[-97.2984843,49.2972863],[-97.300199,49.297424],[-97.3053953,49.3013235],[-97.3056235,49.304897],[-97.3092584,49.3090265],[-97.3092238,49.310038],[-97.3122104,49.3132302],[-97.3118051,49.3150234],[-97.3126224,49.3162723],[-97.3116975,49.3181703],[-97.3136706,49.3195485],[-97.3151368,49.3228762],[-97.3190319,49.3250426],[-97.3180962,49.3272593],[-97.3200994,49.3290594],[-97.3198347,49.3317825],[-97.3189327,49.3330063],[-97.3207965,49.3338562],[-97.3230679,49.3379015],[-97.3213174,49.3387757],[-97.3236377,49.3415923],[-97.3259535,49.3429267],[-97.3287718,49.3475299],[-97.3305718,49.3493672],[-97.3308601,49.3516203],[-97.3295183,49.3557614],[-97.3334791,49.3586761],[-97.3371175,49.3596658],[-97.3410883,49.3595574],[-97.3461464,49.3572316],[-97.3546406,49.3510154],[-97.35496340000002,49.3425289],[-97.3558797,49.3412696],[-97.3582129,49.3404199],[-97.3865856,49.3404559],[-97.3886782,49.3408746],[-97.3902027,49.3428694],[-97.39025,49.3548147],[-97.3886909,49.3575195],[-97.3866516,49.3578806],[-97.3816044,49.357836],[-97.374558,49.359347],[-97.369338,49.3597149],[-97.3676145,49.3589375],[-97.3633187,49.3590066],[-97.3609268,49.3580119],[-97.3604136,49.3567063],[-97.3569309,49.3562414],[-97.3542665,49.352698],[-97.3542266,49.3515856],[-97.3453163,49.3580743],[-97.3422731,49.3594642],[-97.3390917,49.3599423],[-97.3342601,49.3592938],[-97.3279735,49.3556323],[-97.3284353,49.3572432],[-97.3278365,49.3596726],[-97.3296258,49.3615333],[-97.3342263,49.362949],[-97.3335463,49.3639156],[-97.3295122,49.3661062],[-97.3282503,49.3677747],[-97.3244375,49.36850659999999],[-97.3214237,49.3710491],[-97.3194156,49.3743933],[-97.3174,49.3729021],[-97.3124049,49.3729418],[-97.3108096,49.3742678],[-97.3087597,49.373788],[-97.3046498,49.376295],[-97.3010226,49.3772498],[-97.2991846,49.3766922],[-97.2970392,49.3749554],[-97.2918447,49.3724534],[-97.2889854,49.3729038],[-97.2864083,49.375253],[-97.2866338,49.3771132],[-97.2857308,49.381382],[-97.2877851,49.3823977],[-97.2849257,49.3856934],[-97.2816665,49.3853076],[-97.2797571,49.385729],[-97.2747685,49.3855422],[-97.2715203,49.3850439],[-97.2694888,49.382467],[-97.2669515,49.38115229999999],[-97.2656521,49.3789237],[-97.2639665,49.3778863],[-97.2632624,49.3748],[-97.260829,49.3754381],[-97.2595646,49.3771057],[-97.2597818,49.3807073],[-97.2627466,49.3833738],[-97.2621974,49.3854663],[-97.2572735,49.389011],[-97.2610946,49.391189],[-97.2641695,49.3961122],[-97.2618666,49.3969257],[-97.2573619,49.3956917],[-97.2587394,49.393486],[-97.2560884,49.3903714],[-97.2547122,49.3869278],[-97.2526784,49.3855834],[-97.2511152,49.3822631],[-97.2460898,49.3782871],[-97.2456227,49.3768949],[-97.2395508,49.3733168],[-97.2351996,49.3702144],[-97.2341931,49.3664755],[-97.2304551,49.3620272],[-97.2219441,49.3575692],[-97.2176827,49.3568671],[-97.2155038,49.3578517],[-97.2163341,49.3591373],[-97.2192025,49.3606453],[-97.2200684,49.3636496],[-97.219241,49.3649733],[-97.2192534,49.3673281],[-97.2213016,49.3684271],[-97.2203884,49.3698748],[-97.2206474,49.3722402],[-97.2225593,49.3753792],[-97.2254764,49.3758241],[-97.2276619,49.377385],[-97.2330143,49.3803307],[-97.232882,49.3840197],[-97.2352925,49.3847565],[-97.2371068,49.3885389],[-97.2406434,49.3932384],[-97.2423497,49.3946007],[-97.2444368,49.3989598],[-97.2386847,49.398936],[-97.2350954,49.3956993],[-97.2331647,49.3951607],[-97.2280046,49.3949544],[-97.2277855,49.3929146],[-97.2283066,49.3865588],[-97.22388,49.3795543],[-97.2208747,49.3789177],[-97.2200109,49.3803265],[-97.2199816,49.3906711],[-97.2196591,49.39482659999999],[-97.223048,49.3952518],[-97.2225718,49.4000439],[-97.2177603,49.4031183],[-97.2139709,49.4044092],[-97.2154416,49.4054796],[-97.222675,49.4019571],[-97.2238985,49.4003289],[-97.2290939,49.4007419],[-97.231415,49.4021268],[-97.2337286,49.4012269],[-97.2357001,49.4027545],[-97.2405139,49.4030528],[-97.2421241,49.4013906],[-97.2447551,49.4049164],[-97.2436682,49.4075629],[-97.2448445,49.4084036],[-97.2432648,49.4128774],[-97.2475056,49.4159421],[-97.2500268,49.4165782],[-97.2561326,49.4193691],[-97.2557431,49.4218014],[-97.2539816,49.421698],[-97.2549209,49.4243752],[-97.2584711,49.4274754],[-97.25772,49.4292525],[-97.2576234,49.43231],[-97.2583347,49.4362334],[-97.254069,49.4349719],[-97.2523854,49.4324726],[-97.2524453,49.4307869],[-97.250683,49.4283708],[-97.2495336,49.4316027],[-97.2502029,49.432175],[-97.2491476,49.4362468],[-97.2475766,49.4367852],[-97.2457331,49.4352955],[-97.2462862,49.4342918],[-97.243146,49.4318431],[-97.2428616,49.4301521],[-97.2413014,49.4290437],[-97.2447171,49.4264696],[-97.2383704,49.4255859],[-97.2360026,49.4243129],[-97.2290707,49.4253314],[-97.2263344,49.4247272],[-97.225289,49.4236193],[-97.2254308,49.4196859],[-97.2238845,49.4195497],[-97.2215418,49.4176021],[-97.2210778,49.4161332],[-97.2187354,49.4141855],[-97.2156308,49.4142501],[-97.2174238,49.4170889],[-97.2143517,49.4162544],[-97.210398,49.4159683],[-97.2102952,49.4140552],[-97.2085891,49.413579],[-97.2084741,49.4120029],[-97.2107378,49.4113633],[-97.2114032,49.4130634],[-97.2144158,49.4144237],[-97.2176123,49.412742],[-97.2149389,49.4104235],[-97.2080352,49.4098597],[-97.2053163,49.4088055],[-97.2050333,49.4071144],[-97.2018678,49.4041416],[-97.1990672,49.4053349],[-97.1977424,49.4085752],[-97.2003093,49.409065],[-97.2011253,49.4103146],[-97.2056732,49.4131964],[-97.2047505,49.4148688],[-97.2099921,49.4176487],[-97.2135811,49.4184914],[-97.2134872,49.4210762],[-97.2149928,49.4223363],[-97.217733,49.4228284],[-97.217832,49.4248539],[-97.2195101,49.4261167],[-97.2254754,49.4280075],[-97.2235004,49.4304541],[-97.2241471,49.4327897],[-97.2215167,49.4326766],[-97.2213006,49.4352197],[-97.2228095,49.4364071],[-97.2237235,49.4384055],[-97.2225834,49.4426608],[-97.226006,49.4433881],[-97.2287097,49.444927],[-97.2291552,49.44692209999999],[-97.2283664,49.44852],[-97.2322541,49.4507159],[-97.2329338,49.4521524],[-97.2312628,49.454299],[-97.2310117,49.4576328],[-97.2279125,49.4574729],[-97.2248702,49.4557396],[-97.2222355,49.4570484],[-97.2177368,49.4574289],[-97.2173133,49.4548362],[-97.2159872,49.4533539],[-97.213225,49.4534237],[-97.2101348,49.4577613],[-97.2068715,49.4573734],[-97.2066539,49.4586069],[-97.2109845,49.4581118],[-97.2136163,49.4616382],[-97.2121838,49.4630779],[-97.2141221,49.4667061],[-97.2111866,49.4667731],[-97.2109078,49.4696924],[-97.2124516,49.4699411],[-97.2150832,49.4687449],[-97.2156768,49.4666533],[-97.22035,49.4662399],[-97.2227275,49.4672884],[-97.2235124,49.4694369],[-97.2270932,49.4706163],[-97.2288879,49.4723305],[-97.2290045,49.475031],[-97.226939,49.4748869],[-97.2275781,49.4715233],[-97.2243056,49.4713607],[-97.222433,49.4706572],[-97.2211689,49.472212],[-97.2226966,49.4729102],[-97.222455,49.474818],[-97.2251941,49.4754223],[-97.2249607,49.4771054],[-97.2268091,49.4784831],[-97.2203604,49.4790964],[-97.2187294,49.476483],[-97.2187917,49.4745765],[-97.215881,49.475279],[-97.2126656,49.4735427],[-97.2110521,49.4752044],[-97.2139208,49.4758466],[-97.2147441,49.4780726],[-97.2121475,49.478293],[-97.2115086,49.4816208],[-97.2126178,49.4843366],[-97.2116406,49.4874699],[-97.2084617,49.4894447],[-97.2068475,49.4911064],[-97.2080223,49.4920241],[-97.2118915,49.49006],[-97.2139126,49.4914406],[-97.2150175,49.4931443],[-97.2173956,49.4905948],[-97.2225407,49.4903723],[-97.2234171,49.4947711],[-97.226657,49.49391869999999],[-97.2280801,49.4981348],[-97.2250803,49.4986068],[-97.2236898,49.5007073],[-97.2206974,49.5029645],[-97.2180014,49.5057642],[-97.2190493,49.5096093],[-97.2235263,49.5127042],[-97.2246102,49.5145029],[-97.2237847,49.5164404],[-97.2221268,49.5178355],[-97.2175021,49.5193236],[-97.2161396,49.521816],[-97.2132473,49.5239266],[-97.211229,49.5224336],[-97.2097413,49.5253341],[-97.2127832,49.5271803],[-97.2122571,49.5291961],[-97.2076763,49.532571],[-97.2064865,49.5310183],[-97.2033162,49.5309691],[-97.2023529,49.5278414],[-97.2028522,49.5247775],[-97.1971263,49.5254755],[-97.197945,49.5220025],[-97.1971893,49.51906719999999],[-97.1940408,49.5201425],[-97.1920716,49.5220233],[-97.1913121,49.51920029999999],[-97.1922042,49.5184272],[-97.19001,49.5170435],[-97.1919584,49.5157247],[-97.1958787,49.5171352],[-97.1979954,49.5159313],[-97.196134,49.5148903],[-97.1960482,49.5125277],[-97.1999972,49.5131514],[-97.2051584,49.518404],[-97.2049529,49.5193004],[-97.2081587,49.5213741],[-97.2102384,49.5211814],[-97.211726,49.5182809],[-97.2082983,49.5175532],[-97.21015570000002,49.5139837],[-97.2062723,49.5115622],[-97.2056395,49.5099782],[-97.2020894,49.50789909999999],[-97.1977007,49.5098548],[-97.1938914,49.5101327],[-97.1918411,49.5095384],[-97.1908622,49.5126716],[-97.193052,49.5141676],[-97.1930106,49.5152913],[-97.1883587,49.5149937],[-97.1863332,49.5137251],[-97.1850439,49.5112311],[-97.1836383,49.5118837],[-97.1797009,49.5098375],[-97.177954,49.5068467],[-97.1793721,49.5058571],[-97.1768463,49.5041306],[-97.1745858,49.5047414],[-97.1750161,49.5069128],[-97.1737277,49.5079402],[-97.1762922,49.5097441],[-97.1743478,49.5109503],[-97.1754555,49.5136664],[-97.1778426,49.5144912],[-97.1775781,49.5169608],[-97.1803273,49.5173414],[-97.1802231,49.5201508],[-97.1786027,49.5219244],[-97.1795633,49.52396359999999],[-97.1812354,49.5254516],[-97.1853454,49.5264157],[-97.185907,49.5299103],[-97.1877106,49.5325248],[-97.1917827,49.5345357],[-97.1955814,49.534595],[-97.1948503,49.538644],[-97.1980087,49.5376576],[-97.1985049,49.5396649],[-97.1984789,49.5434473],[-97.1966155,49.5440849],[-97.1945566,49.5436513],[-97.1912564,49.5486597],[-97.1898431,49.5502047],[-97.1856841,49.5504668],[-97.1819912,49.5511579],[-97.1721505,49.5589952],[-97.1736375,49.5607129],[-97.1727304,49.56295319999999],[-97.1744148,49.5634905],[-97.1762553,49.56437],[-97.1811093,49.5672832],[-97.1826236,49.5662882],[-97.184214,49.5625123],[-97.1830238,49.5608971],[-97.185422,49.5580236],[-97.1835967,49.557109],[-97.1872164,49.55514559999999],[-97.1910145,49.5523077],[-97.1941787,49.5504491],[-97.1963311,49.5517749],[-97.1982477,49.551355],[-97.2020688,49.548266],[-97.208967,49.5414503],[-97.2081166,49.5352779],[-97.2139028,49.5335782],[-97.2179489,49.5300317],[-97.2179882,49.5269863],[-97.2207538,49.5270289],[-97.220699,49.5257368],[-97.2221047,49.5234408],[-97.2278398,49.52237],[-97.2296929,49.5203456],[-97.2293413,49.5188172],[-97.2307571,49.5162232],[-97.2329149,49.5177956],[-97.2369158,49.514374],[-97.2348322,49.5126528],[-97.2362933,49.5109847],[-97.2381389,49.5112275],[-97.2395863,49.5099348],[-97.2418955,49.5098894],[-97.2459798,49.5066927],[-97.2449022,49.50532],[-97.2507092,49.5007661],[-97.2480893,49.5002972],[-97.2468645,49.502291],[-97.2440644,49.5034023],[-97.2425013,49.5056324],[-97.2395186,49.5083775],[-97.2371298,49.5094949],[-97.2353409,49.5088236],[-97.2327178,49.5105042],[-97.2291238,49.5108505],[-97.2282547,49.5071927],[-97.231487,49.5060011],[-97.23398170000002,49.5030878],[-97.234184,49.50204439999999],[-97.2376693,49.4990656],[-97.2372225,49.497744],[-97.2389951,49.4965636],[-97.2367463,49.49494629999999],[-97.2364721,49.492259],[-97.2391369,49.490314],[-97.2405653,49.4906846],[-97.2428834,49.4894114],[-97.2481916,49.4928497],[-97.2501063,49.494897],[-97.2562433,49.4946362],[-97.2604094,49.4900785],[-97.2657182,49.4763221],[-97.2679838,49.4710521],[-97.267995,49.469425],[-97.2768574,49.4580154],[-97.2922161,49.4387055],[-97.2931878,49.4387198],[-97.2778859,49.4580098],[-97.2691127,49.4692006],[-97.266366,49.4762715],[-97.2613277,49.4902827],[-97.2601959,49.4919793],[-97.2539162,49.4986313],[-97.2566459,49.4984252],[-97.2589262,49.4974119],[-97.2582906,49.4958638],[-97.261404,49.4945256],[-97.2644835,49.4964834],[-97.2668911,49.4967444],[-97.2668382,49.4945233],[-97.268201,49.4928704],[-97.2669388,49.491675],[-97.2693434,49.490639],[-97.2716668,49.4936151],[-97.2729025,49.4976214],[-97.2742038,49.4998897],[-97.2774586,49.5006129],[-97.2787721,49.502544],[-97.2786774,49.5052412],[-97.280325,49.50631339999999],[-97.2774423,49.5095354],[-97.2739707,49.51004589999999],[-97.2742185,49.5079131],[-97.2710075,49.507303],[-97.2689141,49.5079066],[-97.2670356,49.5073162],[-97.2650561,49.5047004],[-97.2617692,49.5048759],[-97.2618223,49.50825],[-97.258648,49.5101138],[-97.2623558,49.5115189],[-97.261274,49.5139764],[-97.2587049,49.5133755],[-97.2545625,49.5133131],[-97.2512109,49.5152864],[-97.2510489,49.5184721],[-97.2528836,49.5202989],[-97.2546356,49.5209603],[-97.2590782,49.5209545],[-97.2574944,49.5231398],[-97.2579764,49.5241591],[-97.2542909,49.5252378],[-97.2560535,49.5280736],[-97.2620615,49.5317542],[-97.2570061,49.5320155],[-97.2567694,49.533811],[-97.2591908,49.533735],[-97.2606201,49.5324072],[-97.262821,49.5336771],[-97.2646408,49.5359533],[-97.2658575,49.5357467],[-97.2668061,49.5382346],[-97.2646303,49.5411255],[-97.2676304,49.5442421],[-97.2674152,49.5454401],[-97.2690974,49.5467378],[-97.2695572,49.5483956],[-97.2734032,49.5520513],[-97.2759428,49.5535509],[-97.2803325,49.5515923],[-97.2782952,49.55055],[-97.2778521,49.548407],[-97.2763924,49.5456866],[-97.2762522,49.5435838],[-97.27514130000002,49.5419574],[-97.2720723,49.5407871],[-97.2704088,49.5389632],[-97.2702499,49.533676],[-97.269062,49.5318948],[-97.2725541,49.5320238],[-97.2736994,49.53384],[-97.2774812,49.5343818],[-97.2791697,49.5354957],[-97.2827363,49.5421828],[-97.2867832,49.5401064],[-97.2866459,49.5390924],[-97.2822544,49.5362162],[-97.2804771,49.5327041],[-97.2808269,49.5313997],[-97.2827587,49.530304],[-97.2853448,49.5304548],[-97.2884087,49.5319578],[-97.2906817,49.5309835],[-97.2920696,49.53220109999999],[-97.2904686,49.5335268],[-97.2907277,49.53600439999999],[-97.2944446,49.5384205],[-97.2921682,49.5392865],[-97.291038,49.54196839999999],[-97.2942606,49.54370259999999],[-97.2953953,49.5458557],[-97.3002521,49.5503125],[-97.3025445,49.5491935],[-97.3036353,49.5476353],[-97.3015635,49.5459862],[-97.3017223,49.5428004],[-97.2996058,49.5390587],[-97.2973764,49.5385762],[-97.2990594,49.5348903],[-97.3009054,49.5350656],[-97.3029074,49.537123],[-97.3043239,49.5361318],[-97.3032763,49.5328556],[-97.3062256,49.5310997],[-97.3075304,49.5285326],[-97.3132019,49.5291777],[-97.3138307,49.5309859],[-97.3160986,49.5303443],[-97.3171848,49.52889839999999],[-97.3126073,49.5265788],[-97.3140008,49.5260409],[-97.3132846,49.5217577],[-97.3106753,49.5186837],[-97.3096958,49.5156334],[-97.3102976,49.512902],[-97.3075372,49.5131281],[-97.3049753,49.5123035],[-97.3046767,49.5109498],[-97.2995353,49.5098226],[-97.2987713,49.50834959999999],[-97.2996345,49.5071611],[-97.2994528,49.503637],[-97.297805,49.5013639],[-97.2957499,49.5008839],[-97.2961914,49.498115],[-97.2985137,49.4958646],[-97.3007646,49.4956728],[-97.3022397,49.4979433],[-97.3059414,49.5007319],[-97.3063634,49.5023123],[-97.3090864,49.5032558],[-97.3088402,49.5053886],[-97.3103392,49.5069847],[-97.3102773,49.5087829],[-97.3114583,49.5095872],[-97.3129299,49.5128263],[-97.3147629,49.5130528],[-97.3188058,49.519133],[-97.321671,49.5199451],[-97.3239405,49.5215191],[-97.3237416,49.5247695],[-97.3244884,49.5272916],[-97.3297554,49.5271109],[-97.3318668,49.5294814],[-97.3344719,49.5302324],[-97.3371019,49.5289575],[-97.3342679,49.5272045],[-97.3352665,49.52490739999999],[-97.3325137,49.5233552],[-97.3320645,49.52109429999999],[-97.3291163,49.5201385],[-97.3271904,49.5174853],[-97.3282166,49.5169579],[-97.3243799,49.5137918],[-97.3213572,49.5129909],[-97.3183736,49.5093506],[-97.3154938,49.5076586],[-97.3155555,49.5059311],[-97.3127908,49.5011734],[-97.3130298,49.4990405],[-97.3111665,49.4980013],[-97.3083223,49.4953736],[-97.3085349,49.493975],[-97.3053214,49.4912139],[-97.3043618,49.4893561],[-97.3017854,49.4889269],[-97.301767,49.4876893],[-97.3058401,49.4874662],[-97.3123695,49.4881239],[-97.3121119,49.4905939],[-97.3137784,49.4925297],[-97.3140619,49.4943289],[-97.3156027,49.4947019],[-97.3157108,49.496381],[-97.3187357,49.4987863],[-97.3205531,49.501174],[-97.3239928,49.5015612],[-97.324472,49.5077525],[-97.3273561,49.509256],[-97.3296761,49.5123214],[-97.3315295,49.5134767],[-97.3305937,49.5155996],[-97.3369462,49.5167031],[-97.3378455,49.5191241],[-97.3399884,49.52231659999999],[-97.3406578,49.52532509999999],[-97.3424708,49.5247269],[-97.3442391,49.5256834],[-97.3453459,49.5236825],[-97.3451106,49.5204183],[-97.3438017,49.5182632],[-97.3433749,49.5155584],[-97.3401827,49.5129265],[-97.3394795,49.5081938],[-97.3410556,49.5075418],[-97.3457079,49.5078333],[-97.3463053,49.5054805],[-97.34502150000002,49.5025904],[-97.3491554,49.5010786],[-97.3546993,49.5024904],[-97.356287,49.5023579],[-97.3584443,49.5008776],[-97.3585302,49.4994032],[-97.353892,49.4960528],[-97.3508505,49.4952241],[-97.3479954,49.4953737],[-97.345374,49.4972589],[-97.3428426,49.495536],[-97.3422512,49.492604],[-97.3402112,49.4922547],[-97.3430365,49.49018429999999],[-97.3458739,49.4913386],[-97.3461936,49.494737],[-97.353687,49.4946318],[-97.3547381,49.4924195],[-97.3514433,49.4919484],[-97.3481791,49.4881544],[-97.3461039,49.4877359],[-97.3460342,49.489803],[-97.3408123,49.4892101],[-97.3401868,49.4872896],[-97.3362255,49.4819479],[-97.3341752,49.4815413],[-97.3346722,49.4782876],[-97.3348125,49.472928],[-97.3375803,49.4739441],[-97.3405115,49.472785],[-97.3457319,49.4727117],[-97.3458189,49.4701268],[-97.3415417,49.4690535],[-97.3401935,49.4666729],[-97.3458644,49.4687781],[-97.345808,49.4653272],[-97.3530207,49.4714664],[-97.3568131,49.4754916],[-97.3600688,49.4761768],[-97.3633162,49.4783592],[-97.3642198,49.4771351],[-97.3667958,49.4775088],[-97.3682713,49.4794428],[-97.3681586,49.4828338],[-97.3623825,49.4804824],[-97.3606373,49.4810638],[-97.3603875,49.4833776],[-97.3575774,49.4823248],[-97.3575592,49.4808638],[-97.3558157,49.4793045],[-97.3531319,49.4784395],[-97.3517935,49.4771836],[-97.3484516,49.4776254],[-97.349202,49.475837],[-97.3475685,49.4745371],[-97.3467083,49.4795847],[-97.3427378,49.4790929],[-97.344028,49.4817363],[-97.3500071,49.4828964],[-97.3526883,49.4819758],[-97.3543123,49.483966],[-97.3577197,49.4844999],[-97.3604661,49.4861898],[-97.3599851,49.4888089],[-97.3583539,49.4893807],[-97.3608673,49.4917964],[-97.3591571,49.4926766],[-97.3594659,49.4943708],[-97.3621208,49.4947416],[-97.3646646,49.4940636],[-97.3637039,49.4921936],[-97.3654075,49.4904088],[-97.3675938,49.4894877],[-97.3654007,49.4868616],[-97.3698522,49.4881573],[-97.3719674,49.4880787],[-97.3730635,49.4900056],[-97.3760635,49.4894815],[-97.3758252,49.4914665],[-97.3774076,49.4945603],[-97.3806901,49.494273],[-97.3808126,49.5010213],[-97.381451,49.5026044],[-97.3831508,49.5034153],[-97.3830656,49.5060003],[-97.3857974,49.506938],[-97.3860891,49.5085685],[-97.3816515,49.5069925],[-97.3797939,49.5057296],[-97.3795991,49.4959444],[-97.3780536,49.4956979],[-97.3771128,49.4980459],[-97.3740328,49.4972156],[-97.373725,49.4960868],[-97.3699401,49.4956962],[-97.3699644,49.5016163],[-97.3707291,49.5031285],[-97.3701591,49.5046947],[-97.3711498,49.5060565],[-97.3693658,49.5076007],[-97.3692649,49.5092636],[-97.3724556,49.5107648],[-97.3724275,49.5088623],[-97.3747203,49.5085379],[-97.37661,49.513498],[-97.37504,49.5140407],[-97.3696512,49.51274629999999],[-97.368868,49.5157073],[-97.3691619,49.5178513],[-97.37327,49.5201359],[-97.3767525,49.5192853],[-97.3825886,49.520379],[-97.3842409,49.5226509],[-97.3858317,49.5215487],[-97.3862954,49.5179571],[-97.3842016,49.5186025],[-97.3784178,49.5126615],[-97.3781019,49.5111711],[-97.3797983,49.5095602],[-97.383559,49.5117824],[-97.3854168,49.51219469999999],[-97.3852786,49.5136194],[-97.39177370000002,49.5146015],[-97.391492,49.5162322],[-97.3926403,49.5174072],[-97.3927508,49.5196081],[-97.3919553,49.5259867],[-97.3899055,49.5252836],[-97.3876019,49.5270505],[-97.388924,49.528868],[-97.3916941,49.5286817],[-97.3917561,49.5320558],[-97.398847,49.5318168],[-97.4010409,49.5336181],[-97.4076015,49.5373706],[-97.4136454,49.5389639],[-97.4134698,49.5443869],[-97.4149271,49.5461291],[-97.4216344,49.5486307],[-97.42176,49.5500941],[-97.4244764,49.5513962],[-97.436472,49.5545948],[-97.4362674,49.5610012],[-97.4368801,49.5621696],[-97.4429312,49.5621387],[-97.4460776,49.5625669],[-97.4460312,49.564028],[-97.4427734,49.5629723],[-97.4401877,49.5627407],[-97.4421689,49.5658876],[-97.4436686,49.5661327],[-97.448255,49.5686961],[-97.4472346,49.5694695],[-97.4483517,49.572408],[-97.4480577,49.576227],[-97.4513523,49.5759338],[-97.45143,49.5789426],[-97.4471902,49.57873559999999],[-97.444993,49.5747241],[-97.4419578,49.5725187],[-97.4411575,49.5702873],[-97.4379816,49.5668713],[-97.4363731,49.5687329],[-97.4375541,49.5696483],[-97.4349687,49.574589],[-97.4350912,49.5761648],[-97.4369888,49.5763029],[-97.4363496,49.5781171],[-97.4390674,49.580429],[-97.4450922,49.5833821],[-97.4485607,49.5838332],[-97.4491835,49.5827949],[-97.4522387,49.5848641],[-97.457001,49.5874014],[-97.4603318,49.5857632],[-97.4691273,49.5865546],[-97.4683548,49.5891305],[-97.4697133,49.5899355],[-97.474039,49.5898802],[-97.4739258,49.5879672],[-97.4723733,49.5878343],[-97.4669327,49.5848389],[-97.4683685,49.5831713],[-97.4678815,49.5821529],[-97.4647877,49.5815497],[-97.46347190000002,49.5793959],[-97.4602125,49.5785655],[-97.456689,49.5766798],[-97.4525444,49.576512],[-97.452954,49.5744935],[-97.454506,49.5746267],[-97.4569858,49.5714347],[-97.4588409,49.5729211],[-97.4604525,49.5766531],[-97.4628758,49.5765729],[-97.4638009,49.5745613],[-97.4672708,49.57427],[-97.4708335,49.5764535],[-97.4739703,49.5812174],[-97.4743978,49.58414639999999],[-97.4784157,49.5828501],[-97.480944,49.5793976],[-97.4837898,49.5768488],[-97.4894936,49.5769234],[-97.4919343,49.5762806],[-97.4925747,49.5792892],[-97.4943678,49.5814846],[-97.4959927,49.5792569],[-97.4982743,49.5781621],[-97.4991006,49.5794097],[-97.5013339,49.5798884],[-97.5025061,49.5811404],[-97.5056258,49.5822694],[-97.5052148,49.5844005],[-97.5065532,49.5858795],[-97.5100108,49.5859241],[-97.5097712,49.5824353],[-97.507892,49.5800896],[-97.5118011,49.5768751],[-97.5152961,49.5770325],[-97.5184615,49.5796235],[-97.5187483,49.5815743],[-97.5220617,49.5820308],[-97.5222074,49.5829321],[-97.5262697,49.5844813],[-97.529536,49.5865111],[-97.5316106,49.5865375],[-97.5362978,49.590343],[-97.5397725,49.5898247],[-97.5420184,49.5913009],[-97.5501625,49.5913148],[-97.550332,49.5850869],[-97.5523681,49.58477509999999],[-97.5547212,49.5873138],[-97.5571283,49.5877936],[-97.5626839,49.5870757],[-97.5681413,49.5888299],[-97.5680902,49.5842677],[-97.5662762,49.5818816],[-97.5614,49.5809911],[-97.5614194,49.5795347],[-97.5558576,49.5797843],[-97.5538787,49.5791296],[-97.550176,49.5767077],[-97.5624444,49.5768083],[-97.5624724,49.5775383],[-97.5671451,49.577478],[-97.5691628,49.5786937],[-97.5723297,49.5792019],[-97.5723191,49.58400109999999],[-97.5809207,49.5843495],[-97.5806969,49.5875997],[-97.5821878,49.58986669999999],[-97.5812796,49.5913626],[-97.6023805,49.5913902],[-97.6023971,49.5908063],[-97.5953723,49.589266],[-97.5928507,49.5864143],[-97.5934939,49.58416529999999],[-97.5957301,49.5818416],[-97.600255,49.5803918],[-97.6056088,49.5804534],[-97.6067388,49.5797081],[-97.6019187,49.5772887],[-97.6001916,49.5772191],[-97.5918428,49.5812301],[-97.5870414,49.5772221],[-97.5838695,49.5721219],[-97.5800087,49.5696009],[-97.57685250000002,49.565177],[-97.5744986,49.5628992],[-97.5766049,49.5618008],[-97.5758031,49.5596545],[-97.5739449,49.5581699],[-97.5731532,49.5539453],[-97.5713634,49.5512086],[-97.5684538,49.54467239999999],[-97.5665637,49.542557],[-97.5634713,49.5422945],[-97.5637643,49.5401314],[-97.5622386,49.5373479],[-97.5650608,49.5350668],[-97.5643187,49.5329656],[-97.5607719,49.5300092],[-97.5611701,49.5282152],[-97.55592,49.524889],[-97.557109,49.5239275],[-97.5609171,49.5250637],[-97.56096,49.52360249999999],[-97.5640625,49.5240626],[-97.56634,49.5229665],[-97.566608,49.519709],[-97.5652498,49.5189051],[-97.564447,49.5168286],[-97.5669686,49.5169346],[-97.5665839,49.5143895],[-97.5637752,49.5123374],[-97.5634967,49.5100924],[-97.5616038,49.5081263],[-97.5574545,49.5048619],[-97.5555246,49.5041653],[-97.5472871,49.5033897],[-97.5368009,49.5029748],[-97.5331623,49.4999987],[-97.532204,49.4975209],[-97.533402,49.4958176],[-97.5325472,49.4937148],[-97.5344286,49.4921696],[-97.5374142,49.4920579],[-97.5402451,49.4932892],[-97.5430266,49.4952192],[-97.548202,49.4941673],[-97.5485633,49.493197],[-97.5447544,49.4895183],[-97.5467296,49.4869727],[-97.5460669,49.4846795],[-97.54449110000002,49.4836125],[-97.540553,49.4833725],[-97.5420956,49.4806311],[-97.5399577,49.4778768],[-97.54245,49.475845],[-97.5459274,49.4745865],[-97.5457242,49.4720964],[-97.5413861,49.4705947],[-97.5393309,49.4689694],[-97.5402559,49.4666286],[-97.5393368,49.46540309999999],[-97.5366531,49.4647086],[-97.5371186,49.4628105],[-97.5362314,49.4604798],[-97.533452,49.4584229],[-97.5337735,49.4574369],[-97.530511,49.4551868],[-97.5274959,49.4544977],[-97.5241042,49.4506152],[-97.5273774,49.4497246],[-97.5277739,49.4455217],[-97.5306506,49.4449535],[-97.5331382,49.4457662],[-97.5346204,49.4479016],[-97.5367703,49.4483824],[-97.5366825,49.4461387],[-97.5350143,49.4444841],[-97.5408406,49.4440314],[-97.5408111,49.4413891],[-97.5387754,49.4393201],[-97.5395804,49.4380781],[-97.5377758,49.436344],[-97.5380074,49.4350113],[-97.5362372,49.4342793],[-97.5323874,49.4346062],[-97.5317643,49.4361844],[-97.5280323,49.4368465],[-97.5269021,49.43617],[-97.5304818,49.4341228],[-97.5266038,49.4289813],[-97.5265763,49.4275623],[-97.5289551,49.4252547],[-97.5325259,49.4256757],[-97.5346522,49.4273305],[-97.5372451,49.4283651],[-97.5401546,49.4273584],[-97.5402681,49.4256902],[-97.5383433,49.4228708],[-97.5360637,49.4217909],[-97.5327189,49.4212001],[-97.5302449,49.4219456],[-97.5280739,49.4195874],[-97.5207945,49.4194031],[-97.5139008,49.4203657],[-97.509255,49.4187979],[-97.507176,49.4203705],[-97.5086597,49.4222632],[-97.5116951,49.4238103],[-97.5166645,49.421635],[-97.5190713,49.4231282],[-97.5188845,49.4246795],[-97.5205157,49.4263454],[-97.5202355,49.4286724],[-97.5228091,49.431341],[-97.5206701,49.433675],[-97.5187743,49.4336507],[-97.5197296,49.4360524],[-97.5188552,49.4366877],[-97.5215519,49.4385213],[-97.5215747,49.4434972],[-97.5198848,49.4423512],[-97.5152477,49.4417295],[-97.5121246,49.442364],[-97.5059123,49.4425088],[-97.5054396,49.4410409],[-97.5035778,49.4398924],[-97.5021464,49.4359384],[-97.5001159,49.4346752],[-97.497782,49.4320587],[-97.4975151,49.4281554],[-97.4962361,49.424878],[-97.4983313,49.4240057],[-97.4987514,49.4215374],[-97.4976013,49.4196877],[-97.4975309,49.4163492],[-97.4962546,49.4143484],[-97.4885444,49.4113708],[-97.4857726,49.4087284],[-97.4856245,49.4073613],[-97.4902915,49.4064851],[-97.4879609,49.40382],[-97.4837091,49.4016274],[-97.4816334,49.4011037],[-97.4821381,49.3847285],[-97.5038048,49.3848869],[-97.5040307,49.3909856],[-97.50779,49.3913919],[-97.5099556,49.3889377],[-97.5139203,49.3898575],[-97.5147591,49.3872621],[-97.5138538,49.3857612],[-97.5148965,49.3848289],[-97.5108733,49.3837372],[-97.5093869,49.3826011],[-97.5076483,49.37724209999999],[-97.5174938,49.3772729],[-97.5176113,49.3747438],[-97.5155558,49.3743801],[-97.5149249,49.3726854],[-97.5160008,49.3696654],[-97.5106307,49.3666076],[-97.5053721,49.364554],[-97.5107169,49.3637543],[-97.5091162,49.3601346],[-97.5044846,49.3562275],[-97.5042816,49.3503919],[-97.503311,49.3469782],[-97.4901497,49.3466091],[-97.4954921,49.3396048],[-97.5014517,49.3398481],[-97.5004692,49.3382033],[-97.5005614,49.3351685],[-97.4991991,49.334701],[-97.4986206,49.3310953],[-97.4969144,49.3306233],[-97.4969623,49.3290497],[-97.4954557,49.3276808],[-97.4960127,49.3263387],[-97.4926647,49.3217246],[-97.4905979,49.32181],[-97.4878136,49.3188103],[-97.4866469,49.3162445],[-97.4862185,49.3091192],[-97.4804498,49.3065697],[-97.4803263,49.3049938],[-97.476036,49.3047124],[-97.4750428,49.3034624],[-97.4705912,49.3028413],[-97.4694124,49.3020386],[-97.4651042,49.296809],[-97.4653354,49.2949005],[-97.4619647,49.2927192],[-97.4600814,49.2924692],[-97.4606565,49.2905653],[-97.4557399,49.2883632],[-97.453387,49.2866451],[-97.4524123,49.2848329],[-97.4497161,49.28311],[-97.4410051,49.2759087],[-97.4415701,49.2743421],[-97.4397018,49.2736422],[-97.442714,49.2707593],[-97.4400933,49.2666758],[-97.4406936,49.2639852],[-97.4392791,49.2598056],[-97.4377917,49.2633838],[-97.4364675,49.26179159999999],[-97.437383,49.2600049],[-97.4373887,49.2543826],[-97.4367303,49.2534742],[-97.4295114,49.2536011],[-97.427733,49.250316],[-97.4390511,49.2506944],[-97.4416372,49.250392],[-97.4541747,49.250448],[-97.4535196,49.2494272],[-97.4504677,49.2481494],[-97.4498999,49.2498285],[-97.4440622,49.24975],[-97.4413257,49.2493757],[-97.43787050000002,49.2500037],[-97.4311743,49.249913],[-97.4332386,49.2485149],[-97.4333307,49.2469062],[-97.4313809,49.2433939],[-97.4298537,49.2428109],[-97.4314842,49.2401343],[-97.4297996,49.2390994],[-97.4319165,49.237329],[-97.4273247,49.2359172],[-97.4270921,49.2324282],[-97.4261194,49.2306158],[-97.4262301,49.2271315],[-97.4230768,49.2237151],[-97.4240623,49.2197161],[-97.4289832,49.2217433],[-97.4317708,49.2202351],[-97.4289072,49.2185095],[-97.4284424,49.2169289],[-97.4261116,49.2146482],[-97.4266834,49.2128569],[-97.4196456,49.2128732],[-97.4182516,49.2135288],[-97.4167798,49.2114564],[-97.4140519,49.2108849],[-97.4139203,49.2094213],[-97.4124015,49.2086133],[-97.4124519,49.2070397],[-97.4096005,49.2049764],[-97.4076179,49.2025877],[-97.4071935,49.1997707],[-97.4036857,49.1967986],[-97.4054586,49.1950239],[-97.4022037,49.1948665],[-97.4038144,49.1930128],[-97.4071819,49.1935091],[-97.4081527,49.1912736],[-97.4108914,49.1901868],[-97.4118068,49.1843164],[-97.411517,49.1826505],[-97.4091138,49.1827051],[-97.4087368,49.1891094],[-97.4049678,49.188945],[-97.4018594,49.1895767],[-97.3987944,49.1888595],[-97.3978826,49.1905336],[-97.3918623,49.1910122],[-97.3909245,49.1881879],[-97.38956,49.187944],[-97.3894688,49.1907539],[-97.3880823,49.1911843],[-97.3795042,49.1911767],[-97.3787533,49.1879052],[-97.3764004,49.1864103],[-97.3750245,49.1867283],[-97.37099820000002,49.1837479],[-97.3666254,49.1810998],[-97.3690885,49.179223],[-97.37028490000002,49.1793524],[-97.3705392,49.1820547],[-97.373465,49.1817586],[-97.3706315,49.1792448],[-97.3754982,49.1772893],[-97.37335790000002,49.1745604],[-97.3699146,49.1749616],[-97.3673986,49.1732394],[-97.3675972,49.1776277],[-97.3627524,49.1789084],[-97.3635503,49.18071889999999],[-97.3654067,49.1816448],[-97.3672187,49.1839194],[-97.3751044,49.1893157],[-97.371507,49.1891526],[-97.3672015,49.189654],[-97.3681638,49.1916917],[-97.370218,49.1918332],[-97.3710205,49.1937279],[-97.3697868,49.1947225],[-97.3707341,49.197013],[-97.3741431,49.1977076],[-97.3713209,49.2002541],[-97.3700057,49.2037215],[-97.3708454,49.2040707],[-97.370391,49.2076626],[-97.3714991,49.2102927],[-97.369273,49.2103455],[-97.3690478,49.2065473],[-97.3623392,49.2070146],[-97.3589196,49.2066287],[-97.3544409,49.2071272],[-97.3477508,49.20703169999999],[-97.3477096,49.208268],[-97.3506109,49.2087593],[-97.3515617,49.2111343],[-97.3563578,49.2114275],[-97.3581816,49.2133651],[-97.3609117,49.2138537],[-97.3647158,49.213008],[-97.3694197,49.2161106],[-97.3702189,49.2181178],[-97.3728703,49.2208053],[-97.3729914,49.2223456],[-97.369571,49.2221567],[-97.3697773,49.2263202],[-97.3696526,49.2351175],[-97.370627,49.236818],[-97.3681758,49.2382452],[-97.360873,49.2357804],[-97.3608911,49.2300458],[-97.3578541,49.2284284],[-97.3582308,49.2274217],[-97.3563916,49.2259338],[-97.354683,49.2256845],[-97.3540488,49.2241012],[-97.3522024,49.222838],[-97.3465913,49.2263561],[-97.3431892,49.2254078],[-97.3428056,49.226611],[-97.3397226,49.2265949],[-97.3364778,49.2258735],[-97.3355086,49.2240604],[-97.3334308,49.2247894],[-97.3332138,49.2261356],[-97.3349577,49.2302371],[-97.3332643,49.2332603],[-97.336786,49.2468379],[-97.3340257,49.2396691],[-97.3310236,49.2294774],[-97.3288128,49.2242729],[-97.3274922,49.21761929999999],[-97.3268249,49.2170474],[-97.3262099,49.213504],[-97.3236209,49.2049972],[-97.3226715,49.202622],[-97.3152162,49.1998147],[-97.3191877,49.1990854],[-97.3179262,49.195806],[-97.3183606,49.1931136],[-97.3161274,49.1931935],[-97.3141995,49.1893421],[-97.3113855,49.1855492],[-97.3136778,49.1844992],[-97.3140097,49.1797812],[-97.3161166,49.1783501],[-97.3132595,49.1766217],[-97.3132332,49.1723483],[-97.3105709,49.1699479],[-97.3083916,49.1686791],[-97.3098669,49.1654396],[-97.3083971,49.1632816],[-97.3098065,49.1621777],[-97.3073892,49.1578411],[-97.3069325,49.1561476],[-97.3031894,49.1551088],[-97.3040999,49.1535479],[-97.3017048,49.1534003],[-97.3017624,49.15171439999999],[-97.2993521,49.1520162],[-97.2982181,49.1500879],[-97.3013676,49.1482226],[-97.294522,49.1478968],[-97.29277,49.1489954],[-97.2916519,49.1466174],[-97.2917549,49.138635],[-97.2943784,49.1370995],[-97.2967419,49.1369452],[-97.2990572,49.1355943],[-97.2989513,49.133681],[-97.3042702,49.1322541],[-97.3014045,49.1305211],[-97.2874586,49.1067796],[-97.2752276,49.0864372],[-97.2736876,49.0864142],[-97.2720466,49.0843655],[-97.2693362,49.0837345],[-97.2689206,49.080917],[-97.2658604,49.0803088],[-97.2660745,49.079075],[-97.258629,49.0766014],[-97.2559163,49.0744878],[-97.2621331,49.0740961],[-97.2623473,49.0728623],[-97.2591323,49.0718018],[-97.2579702,49.0707722],[-97.2582159,49.0686393],[-97.255021,49.0672135],[-97.2553338,49.0629732],[-97.2536707,49.0615987],[-97.2500672,49.0618814],[-97.2485832,49.0602846],[-97.2465602,49.0594212],[-97.2358359,49.0595434],[-97.2359461,49.0487345],[-97.2388304,49.0505778],[-97.2412084,49.0510638],[-97.2434578,49.0534596],[-97.2460102,49.0544337],[-97.2479849,49.0529662],[-97.2447351,49.0480813],[-97.2409774,49.0479117],[-97.2388853,49.0473024],[-97.2369972,49.0449487],[-97.2424106,49.044916],[-97.2461583,49.0465287],[-97.2455417,49.0446076],[-97.2491518,49.0441002],[-97.2489322,49.0406109],[-97.2463004,49.0334864],[-97.2443068,49.0312913],[-97.2442586,49.0276079],[-97.2426325,49.0254183],[-97.2428391,49.0242127],[-97.2410373,49.0221611],[-97.2414159,49.0209299],[-97.2379025,49.0189364],[-97.2353433,49.0137527],[-97.235828,49.0099085],[-97.2332064,49.008361],[-97.2298515,49.00737609999999],[-97.228858,49.0057026],[-97.2262085,49.0048433],[-97.22036,49.0018588],[-97.2162368,49.0057147],[-97.2151075,49.0077663],[-97.2120144,49.0088422],[-97.2092825,49.0111027],[-97.2074759,49.0114488],[-97.2057113,49.0133609],[-97.2019557,49.0153155],[-97.1819688,49.0153796],[-97.1761761,49.0159661],[-97.1735293,49.0159898],[-97.1688349,49.0153572],[-97.1627664,49.016218],[-97.162346,49.018348],[-97.1611002,49.0196775],[-97.1566449,49.0199438],[-97.1592795,49.0226847],[-97.1604767,49.0273144],[-97.1618823,49.0309353],[-97.1637376,49.0316395],[-97.1673987,49.0343966],[-97.167973,49.0329157],[-97.1717716,49.031381],[-97.1744747,49.0311553],[-97.1753427,49.0331022],[-97.1796409,49.0363656],[-97.18184180000002,49.0369866],[-97.1812425,49.0395354],[-97.1800257,49.0398818],[-97.1807124,49.0445032],[-97.18392,49.0469152],[-97.1863026,49.0520115],[-97.18938,49.0572341],[-97.1930878,49.06269],[-97.1925887,49.0649312],[-97.193738,49.0674231],[-97.1912859,49.0691557],[-97.1871769,49.069007],[-97.1843387,49.0670507],[-97.1821956,49.0696876],[-97.1799271,49.0706921],[-97.178964,49.0741629],[-97.1847649,49.0741419],[-97.1873101,49.0749408],[-97.189591,49.0779286],[-97.1893665,49.0795836],[-97.1874805,49.0796665],[-97.1870414,49.0821335],[-97.1839686,49.0820852],[-97.18374860000002,49.08323439999999],[-97.1855516,49.0903191],[-97.1844514,49.0921292],[-97.1848664,49.0948345],[-97.1883785,49.0971387],[-97.186703,49.1008233],[-97.188997,49.1036706],[-97.1941033,49.1046689],[-97.1968046,49.1043283],[-97.200758,49.1068237],[-97.2008226,49.1112497],[-97.1938745,49.1109654],[-97.1948329,49.1127581],[-97.1932512,49.1138579],[-97.1952241,49.1161378],[-97.1915755,49.1175425],[-97.1923989,49.118455],[-97.1954728,49.118728],[-97.1990112,49.1205543],[-97.1999127,49.1238577],[-97.1976458,49.1249468],[-97.1988079,49.125977],[-97.1966917,49.1276307],[-97.196598,49.1302156],[-97.1984248,49.1318184],[-97.1982884,49.1333906],[-97.2091539,49.1336722],[-97.2151607,49.1334279],[-97.21643,49.1362587],[-97.2135303,49.1358765],[-97.2132416,49.1393298],[-97.2145757,49.1403625],[-97.2134996,49.1414986],[-97.2146576,49.1426617],[-97.2191796,49.1454421],[-97.2174156,49.1458279],[-97.2111961,49.1420186],[-97.2099099,49.1438838],[-97.2080592,49.1420842],[-97.2058651,49.1425642],[-97.2045102,49.1439141],[-97.2089899,49.1524953],[-97.2056366,49.1513008],[-97.2039602,49.1519031],[-97.2059811,49.1538196],[-97.2059405,49.1562248],[-97.2086092,49.1582903],[-97.2077037,49.1596257],[-97.2054841,49.1593663],[-97.2048514,49.1578946],[-97.2014935,49.1559307],[-97.2021631,49.1611138],[-97.2061754,49.1639593],[-97.2059622,49.1653054],[-97.2084194,49.1684921],[-97.2034804,49.1674763],[-97.2041722,49.1699018],[-97.2003668,49.1703185],[-97.1996202,49.1686676],[-97.1977722,49.1677398],[-97.1981937,49.1664949],[-97.2007773,49.1671521],[-97.2026226,49.1666697],[-97.2002321,49.1643939],[-97.1977562,49.1629981],[-97.1955592,49.1635454],[-97.1963695,49.1649153],[-97.1941084,49.166484],[-97.1923963,49.1650607],[-97.1882731,49.160017],[-97.1900953,49.1579455],[-97.1877544,49.1556177],[-97.1848614,49.1539177],[-97.1840043,49.1558249],[-97.1814267,49.1539106],[-97.1824055,49.1519152],[-97.1807795,49.1506557],[-97.1777343,49.150105],[-97.1785203,49.1461745],[-97.1761368,49.1458359],[-97.1732861,49.1436506],[-97.1706851,49.1443786],[-97.1675255,49.1429741],[-97.1616476,49.1426676],[-97.1604277,49.1441755],[-97.1579023,49.1442625],[-97.1536885,49.1454044],[-97.1492238,49.1439227],[-97.1482136,49.1415703],[-97.145694,49.1383176],[-97.14552,49.1366211],[-97.142505,49.1355214],[-97.1442784,49.1396771],[-97.1452712,49.1409001],[-97.1466703,49.1447577],[-97.1435315,49.144313],[-97.1429225,49.1455266],[-97.1369884,49.145869],[-97.1354225,49.1481477],[-97.127421,49.1463425],[-97.1272474,49.1440166],[-97.1214501,49.1430465],[-97.1213665,49.1480029],[-97.1254396,49.1480813],[-97.1262671,49.1499989],[-97.1288498,49.1500217],[-97.1315013,49.1513024],[-97.132635,49.1535126],[-97.1383574,49.1508213],[-97.1438024,49.1507201],[-97.1450171,49.1477311],[-97.1466324,49.1480046],[-97.1562737,49.1478924],[-97.168043,49.1481151],[-97.1679415,49.1508685],[-97.169982,49.1527073],[-97.1702292,49.1554532],[-97.1677862,49.1550768],[-97.1678788,49.1627113],[-97.1632499,49.163531],[-97.1574454,49.1628652],[-97.156857,49.1633655],[-97.1589103,49.1663866],[-97.1620753,49.1678126],[-97.1638466,49.1692416],[-97.1656879,49.1692709],[-97.1680234,49.1704683],[-97.1679621,49.17322259999999],[-97.1703135,49.1773926],[-97.1750396,49.177441],[-97.1736982,49.1754593],[-97.1712393,49.1742018],[-97.1721641,49.1689497],[-97.1714135,49.1673907],[-97.1714359,49.1641484],[-97.1733089,49.1650682],[-97.1739451,49.1679818],[-97.17413460000002,49.17279029999999],[-97.1748593,49.1752757],[-97.1790208,49.1811045],[-97.1815102,49.1821276],[-97.1827915,49.184425],[-97.1860886,49.1882719],[-97.1841902,49.1885795],[-97.1851412,49.19053419999999],[-97.188587,49.1901385],[-97.1883416,49.1921588],[-97.1862017,49.1943742],[-97.1883951,49.1953925],[-97.1876095,49.19810709999999],[-97.1850453,49.1978419],[-97.1847627,49.2008736],[-97.1860484,49.2032553],[-97.1884168,49.2041921],[-97.1883264,49.2066645],[-97.1904824,49.2087224],[-97.1912655,49.2154816],[-97.1908605,49.2173588],[-97.1926373,49.220226],[-97.1955005,49.2219293],[-97.1976452,49.2243242],[-97.1982378,49.2267231],[-97.201453,49.2282069],[-97.2020785,49.2297066],[-97.2004973,49.230694],[-97.200579,49.2331692],[-97.1981805,49.2330193],[-97.1950627,49.2337578],[-97.1965377,49.2356925],[-97.1958021,49.23703039999999],[-97.1976696,49.2376218],[-97.1992551,49.236522],[-97.202512,49.2366852],[-97.2026589,49.2375589],[-97.2055453,49.2382785],[-97.2071874,49.2403562],[-97.207429,49.2431712],[-97.2051527,49.2443728],[-97.2052551,49.246286],[-97.2000725,49.2471049],[-97.2010494,49.248582],[-97.199815,49.2494623],[-97.2002646,49.2512685],[-97.2045648,49.2511105],[-97.2024189,49.2534386],[-97.2042626,49.2547042],[-97.2045459,49.2563671],[-97.2021492,49.2561331],[-97.2027751,49.2625524],[-97.2044923,49.2625791],[-97.2060994,49.2656402],[-97.2051755,49.267425],[-97.2010457,49.2675857],[-97.1997863,49.2691403],[-97.1973409,49.2702267],[-97.1972508,49.2726991],[-97.1961916,49.2734697],[-97.1957456,49.276274],[-97.1988495,49.2807079],[-97.1960723,49.2814517],[-97.1938719,49.2805177],[-97.1927228,49.2790379],[-97.1884943,49.2771725],[-97.1884037,49.279645],[-97.1869842,49.2808596],[-97.1823461,49.2807867],[-97.1784117,49.2802749],[-97.1767312,49.2792364],[-97.1753346,49.2751662],[-97.1731885,49.2729676],[-97.1700225,49.2747448],[-97.1681706,49.2737034],[-97.1643503,49.2747673],[-97.1614638,49.2738218],[-97.1569605,49.2701517],[-97.1545561,49.2701133],[-97.155687,49.272043],[-97.155289,49.2734984],[-97.153362,49.2744797],[-97.145809,49.2742462],[-97.1445108,49.2722013],[-97.141922,49.272497],[-97.1433369,49.2760057],[-97.1485773,49.2783388],[-97.1488164,49.2765434],[-97.1531048,49.2769494],[-97.1547652,49.2783254],[-97.1551883,49.280806],[-97.157258,49.2806141],[-97.1621017,49.2844021],[-97.1656768,49.2899689],[-97.1654007,49.2927757],[-97.1662097,49.2941379],[-97.1712481,49.2973663],[-97.17270320000002,49.2998632],[-97.1745893,49.3000055],[-97.1812646,49.3055082],[-97.1881958,49.3087657],[-97.1890177,49.3099873],[-97.1919195,49.3103983],[-97.1924886,49.3089454],[-97.195955,49.3082124],[-97.201099,49.30863],[-97.2018848,49.3106662],[-97.2046145,49.3112709],[-97.20456550000002,49.3126195],[-97.2074592,49.3134516],[-97.205761,49.3175858],[-97.2054911,49.3202803],[-97.2029287,49.32451349999999],[-97.2026668,49.3269833],[-97.19973960000002,49.3270501],[-97.1967879,49.3277912],[-97.1958665,49.3294636],[-97.1939257,49.3307826],[-97.1926159,49.328963],[-97.1904053,49.3282537],[-97.1886157,49.3301373],[-97.1892211,49.3323957],[-97.1869484,49.3333721],[-97.1863638,49.3305517],[-97.187855,49.3274266],[-97.1863942,49.3250423],[-97.1824149,49.3256544],[-97.1783174,49.3248028],[-97.1800761,49.3284288],[-97.1796866,49.3296596],[-97.1824047,49.330602],[-97.1858479,49.3305436],[-97.1855768,49.3332381],[-97.1882664,49.334967],[-97.1871809,49.3364118],[-97.1873679,49.3406877],[-97.1834411,49.3398389],[-97.1809691,49.3368764],[-97.1775586,49.3360355],[-97.1737669,49.3362006],[-97.1729667,49.339224],[-97.1746283,49.3408245],[-97.1778255,49.3427866],[-97.1803806,49.3435015],[-97.1811473,49.3413771],[-97.1840794,49.3411983],[-97.1879197,49.3444071],[-97.1880463,49.345646],[-97.1916018,49.3472478],[-97.1913669,49.348959],[-97.1926854,49.3505539],[-97.1954172,49.3511588],[-97.194274,49.354177],[-97.1822066,49.3546625],[-97.1830171,49.3560246],[-97.1802561,49.356206],[-97.1787741,49.3543836],[-97.1751738,49.3539894],[-97.177806,49.3572919],[-97.1804965,49.359021],[-97.1819538,49.3615178],[-97.1849327,49.3601028],[-97.1855026,49.3586499],[-97.1887633,49.358926],[-97.1912782,49.3607645],[-97.1925929,49.3624718],[-97.1955303,49.3621803],[-97.2006759,49.3627104],[-97.1992337,49.364487],[-97.1957511,49.3655572],[-97.1936903,49.3654125],[-97.1920097,49.3689846],[-97.188002,49.37027109999999],[-97.1882925,49.37173749999999],[-97.1901154,49.3736777],[-97.1884715,49.3762382],[-97.1885775,49.378039],[-97.1857863,49.3790072],[-97.1832357,49.38279029999999],[-97.1799194,49.383975],[-97.1796997,49.3805982],[-97.1778437,49.3795569],[-97.1774022,49.3775259],[-97.1755297,49.3769342],[-97.1747233,49.3754596],[-97.1767204,49.37268],[-97.1741181,49.3732011],[-97.1703319,49.3731412],[-97.1726788,49.3748651],[-97.1730951,49.37757039999999],[-97.1751439,49.3780525],[-97.1759296,49.380089],[-97.1780882,49.3822595],[-97.1786438,49.3858665],[-97.1782289,49.3877716],[-97.1758993,49.3902087],[-97.1781,49.3912554],[-97.1770046,49.3929248],[-97.1747705,49.3927771],[-97.1721546,49.3936353],[-97.1709104,49.3948526],[-97.1671993,49.39254479999999],[-97.1669643,49.3942278],[-97.1701438,49.396752],[-97.167011,49.3976019],[-97.1655707,49.39926579999999],[-97.1651468,49.4013955],[-97.167499,49.4030071],[-97.1689226,49.4017927],[-97.1662386,49.3998386],[-97.167133,49.3989532],[-97.170917,49.3991256],[-97.1703462,49.4005784],[-97.171993,49.4026285],[-97.1745678,49.402894],[-97.1778022,49.4039571],[-97.1812993,49.4072449],[-97.1783164,49.4086879],[-97.1788972,49.4116207],[-97.1807835,49.4118753],[-97.1827756,49.4139306],[-97.1815201,49.4152602],[-97.1840634,49.4163965],[-97.1832862,49.4187738],[-97.1844672,49.419467],[-97.1843012,49.4239623],[-97.1818893,49.4239244],[-97.1823273,49.4260677],[-97.1840418,49.4263195],[-97.1837575,49.4293511],[-97.1815029,49.4343757],[-97.177726,49.4385892],[-97.1757887,49.4396831],[-97.1745072,49.4416869],[-97.1728981,49.4419261],[-97.1712583,49.4396512],[-97.1688786,49.44002359999999],[-97.172717,49.4434577],[-97.1717633,49.4459164],[-97.1728862,49.4481831],[-97.1682455,49.44990879999999],[-97.1676549,49.4524459],[-97.1694838,49.4548185],[-97.1687131,49.4583478],[-97.1707877,49.460568],[-97.1674438,49.46239],[-97.1674011,49.4635351],[-97.1695886,49.4648717],[-97.1698615,49.466126],[-97.1678769,49.4679174],[-97.1655294,49.4644428],[-97.1635056,49.4630045],[-97.163856,49.46004149999999],[-97.1621616,49.45621269999999],[-97.1611801,49.4568221],[-97.1624012,49.4626224],[-97.1613826,49.4642207],[-97.1644406,49.4657796],[-97.1656115,49.46866269999999],[-97.1622006,49.4701188],[-97.1597363,49.4719025],[-97.1615071,49.4737014],[-97.1609149,49.4745773],[-97.156171,49.475335],[-97.1560967,49.4773129],[-97.1578949,49.4783832],[-97.1576902,49.4795778],[-97.1544502,49.4785887],[-97.1539101,49.4807139],[-97.1518053,49.4830253],[-97.153091,49.4849729],[-97.152048,49.4871956],[-97.1481659,49.4883835],[-97.1499702,49.4892977],[-97.1523245,49.4883458],[-97.1548515,49.4913027],[-97.1469156,49.4982066],[-97.1468421,49.5022677],[-97.149906,49.5037229],[-97.1525615,49.5011614],[-97.1552885,49.5009445],[-97.1553603,49.5032893],[-97.1524238,49.5069401],[-97.1499514,49.5088796],[-97.1491574,49.510846],[-97.1439963,49.5119611],[-97.1415688,49.5169218],[-97.1429568,49.51822],[-97.1404534,49.5208099],[-97.1382829,49.5210875],[-97.1377984,49.5191006],[-97.1349785,49.5196281],[-97.1362921,49.5208471],[-97.1360312,49.523499],[-97.1376665,49.5288896],[-97.1368954,49.5302312],[-97.1407564,49.5318037],[-97.1400337,49.5339794],[-97.14086,49.5353989],[-97.1402153,49.5376279],[-97.1440285,49.5383662],[-97.1408807,49.5411801],[-97.1452633,49.5418922],[-97.1469982,49.5440465],[-97.1488935,49.5451353],[-97.14770260000002,49.5476332],[-97.1418503,49.5490011],[-97.1414324,49.5509059],[-97.1436735,49.5510543],[-97.1450085,49.5523126],[-97.1423749,49.5533948],[-97.1423024,49.5553052],[-97.1406923,49.5567411],[-97.1430596,49.5581284],[-97.1438551,49.5599403],[-97.1411213,49.5615175],[-97.1379687,49.5594133],[-97.1389441,49.5576713],[-97.1381511,49.5558007],[-97.135907,49.5532033],[-97.1369587,49.5503842],[-97.1358309,49.5482296],[-97.1374495,49.546569],[-97.1357395,49.5460917],[-97.1345333,49.541462],[-97.1333459,49.5408807],[-97.1332561,49.5374332],[-97.1321444,49.5361386],[-97.1297571,49.5353129],[-97.1311941,49.5338744],[-97.1298956,49.5318651],[-97.1321517,49.5314161],[-97.1309266,49.5293723],[-97.1315993,49.5272506],[-97.1296887,49.5260221],[-97.1284732,49.5270982],[-97.1251474,49.5250057],[-97.1228803,49.5259372],[-97.1202237,49.5237535],[-97.1204475,49.5199602],[-97.1172926,49.5195521],[-97.1169601,49.5169984],[-97.1201354,49.5168717],[-97.1198954,49.50986],[-97.1090228,49.5096827],[-97.1090756,49.51541729999999],[-97.1051049,49.5179006],[-97.1017264,49.5141756],[-97.0995831,49.5139366],[-97.0974991,49.5121695],[-97.0985547,49.5081605],[-97.0951656,49.5067541],[-97.0944343,49.5044231],[-97.0913188,49.5040405],[-97.0859203,49.5040022],[-97.0848871,49.5024052],[-97.0797563,49.5015301],[-97.078436,49.5022727],[-97.073513,49.5020888],[-97.0726217,49.502864],[-97.0731643,49.5049881],[-97.0672184,49.5049399],[-97.0665236,49.5027112],[-97.0632671,49.5019432],[-97.0606689,49.5043206],[-97.0588711,49.5042649],[-97.0588614,49.5025319],[-97.0568179,49.5027524],[-97.0533944,49.5012678],[-97.0512057,49.5012054],[-97.0516035,49.4990716],[-97.0507939,49.4977837],[-97.0477208,49.498318],[-97.0449117,49.4961555],[-97.0423866,49.495705],[-97.0398692,49.4960446],[-97.0399979,49.4986971],[-97.041891,49.49832139999999],[-97.0438363,49.4995775],[-97.0475925,49.5005584],[-97.0480086,49.5028844],[-97.0523211,49.5026768],[-97.0531828,49.504628],[-97.0519921,49.506035],[-97.0540374,49.5067575],[-97.0592988,49.5063107],[-97.0610272,49.5081235],[-97.0630507,49.5084123],[-97.06673,49.5064097],[-97.072223,49.5070366],[-97.0748262,49.508507],[-97.0764978,49.5077958],[-97.0771062,49.5062514],[-97.0808574,49.5063902],[-97.082066,49.507506],[-97.084256,49.5075423],[-97.0857968,49.5091732],[-97.089182,49.5086686],[-97.0894783,49.5121137],[-97.0955386,49.5142778],[-97.0942509,49.5161933],[-97.0974717,49.5169089],[-97.0993886,49.5189535],[-97.1004684,49.5213922],[-97.1048195,49.5212342],[-97.106889,49.5203507],[-97.1106091,49.5213289],[-97.1151078,49.5214023],[-97.1142069,49.5234517],[-97.1175029,49.5242699],[-97.1182912,49.5251492],[-97.1171136,49.5272706],[-97.1249046,49.5311864],[-97.1229323,49.5330659],[-97.1233685,49.5352095],[-97.1254017,49.5362544],[-97.1244911,49.5374765],[-97.1264987,49.5391957],[-97.1251303,49.5417598],[-97.1216551,49.5393421],[-97.1207052,49.5370778],[-97.1188705,49.5353613],[-97.1159309,49.5354259],[-97.1140619,49.5346083],[-97.115849,49.5330632],[-97.113337,49.5309983],[-97.110376,49.5316246],[-97.1127537,49.5371732],[-97.1163409,49.5382437],[-97.1159221,49.5401484],[-97.1186936,49.5399686],[-97.120425,49.5443821],[-97.1158224,49.5472308],[-97.1176747,49.5484978],[-97.1184052,49.5529746],[-97.1180219,49.5542386],[-97.1241256,49.554378],[-97.1279543,49.5565168],[-97.1278357,49.5617069],[-97.1205266,49.5616888],[-97.1188011,49.5586426],[-97.1165364,49.5561036],[-97.1160902,49.553699],[-97.113682,49.5510468],[-97.1136752,49.5497764],[-97.1114805,49.5473816],[-97.1105061,49.5495069],[-97.1115385,49.551665],[-97.1069893,49.5524617],[-97.1053601,49.5496461],[-97.1018289,49.5471144],[-97.1025807,49.5455525],[-97.1016055,49.5439623],[-97.099555,49.5433664],[-97.0955481,49.5442001],[-97.0952837,49.5465571],[-97.0937075,49.5470933],[-97.0911476,49.546264],[-97.0895301,49.5434262],[-97.0856681,49.5405512],[-97.082801,49.5389295],[-97.0821958,49.5365581],[-97.0826535,49.5338671],[-97.0840586,49.5331032],[-97.0813886,49.5306976],[-97.0801131,49.5279778],[-97.0763231,49.5278867],[-97.0733538,49.5285401],[-97.0722208,49.530995],[-97.0737083,49.5327064],[-97.0793133,49.535161],[-97.0783751,49.537057],[-97.0805801,49.5381056],[-97.0856022,49.5422368],[-97.0815938,49.5431056],[-97.0781943,49.5416642],[-97.0749134,49.5416096],[-97.0734034,49.54046],[-97.0740275,49.5377718],[-97.0700472,49.5379303],[-97.0654473,49.5362793],[-97.0625076,49.5363425],[-97.062432,49.5382528],[-97.0654869,49.5396533],[-97.069485,49.5390454],[-97.0718582,49.54020939999999],[-97.0700473,49.5423157],[-97.0762728,49.5421945],[-97.0783343,49.5426785],[-97.0801696,49.5441708],[-97.0827567,49.5442979],[-97.0831462,49.5475935],[-97.0807293,49.5519387],[-97.0788293,49.5519072],[-97.0787323,49.5543793],[-97.0764648,49.5549039],[-97.081475,49.5593724],[-97.0835358,49.5597157],[-97.0829373,49.561758],[-97.0839166,49.563236],[-97.0822341,49.566469],[-97.0773921,49.5665011],[-97.0781986,49.5679762],[-97.078425,49.571016],[-97.0773441,49.5721225],[-97.0772161,49.5753812],[-97.0756388,49.5759172],[-97.0725637,49.5749665],[-97.0709376,49.5723532],[-97.0684034,49.5708491],[-97.0685187,49.5679275],[-97.0675486,49.5662246],[-97.0659937,49.5661986],[-97.0643594,49.56381],[-97.0664547,49.5632828],[-97.0684127,49.5618537],[-97.0730638,49.5622686],[-97.0731257,49.5606954],[-97.0753935,49.560171],[-97.0725453,49.5578746],[-97.0704769,49.5577277],[-97.0688025,49.5607358],[-97.0670617,49.561044],[-97.0624731,49.5590557],[-97.06121050000002,49.5603839],[-97.0575293,49.5616715],[-97.0591944,49.5632737],[-97.0633317,49.5635679],[-97.0632695,49.5651411],[-97.0661978,49.5690247],[-97.0594842,49.5690449],[-97.0621698,49.5710822],[-97.0644471,49.5703332],[-97.0659356,49.5720448],[-97.06555,49.5730503],[-97.0680798,49.5746668],[-97.0659485,49.576093],[-97.066827,49.5790669],[-97.062749,49.5782883],[-97.0609194,49.5764586],[-97.0618991,49.5735514],[-97.0600073,49.5732948],[-97.0603965,49.5765622],[-97.0644988,49.5821407],[-97.0638899,49.5833674],[-97.0596384,49.5782362],[-97.0575468,49.5786509],[-97.059527,49.5810454],[-97.0602975,49.5834197],[-97.0600177,49.5861136],[-97.056527,49.5858658],[-97.053423,49.5866775],[-97.0533173,49.5849891],[-97.0505833,49.584156],[-97.0492749,49.5866077],[-97.0517735,49.5890111],[-97.0556596,49.5913253],[-97.0606635,49.5916342],[-97.0658582,49.5914963],[-97.0681275,49.590972],[-97.0680282,49.5892836],[-97.0716511,49.5893441],[-97.0714694,49.5939513],[-97.0707602,49.5943892],[-97.0704321,49.5983193],[-97.0708133,49.60181139999999],[-97.0695897,49.6021283],[-97.0689281,49.6059122],[-97.0669595,49.6075659],[-97.0670479,49.6097038],[-97.0633898,49.6103173],[-97.0664402,49.6119426],[-97.065877,49.6130576],[-97.0700149,49.6132673],[-97.0695534,49.6205684],[-97.0577773,49.6207444],[-97.0532862,49.6205208],[-97.0508155,49.6217161],[-97.0509256,49.6232922],[-97.0474842,49.6227844],[-97.0462465,49.6234381],[-97.0463026,49.6263626],[-97.0419286,49.6275256],[-97.0442288,49.6306004],[-97.0432873,49.6324961],[-97.0440578,49.6348704],[-97.0487658,49.6353246],[-97.0492349,49.6439532],[-97.0464572,49.6441313],[-97.0486743,49.647542],[-97.0486867,49.657662],[-97.0465421,49.6593125],[-97.0467893,49.6617904],[-97.045364,49.6627783],[-97.0411446,49.6600084],[-97.0387281,49.6599675],[-97.0387845,49.6583942],[-97.0355229,49.6576643],[-97.0339107,49.6589862],[-97.0359517,49.6599204],[-97.0389274,49.6634566],[-97.0380211,49.6644532],[-97.0416909,49.6667642],[-97.0445878,49.6691745],[-97.0466564,49.6694343],[-97.0489282,49.6726246],[-97.0493694,49.6748725],[-97.054424,49.6786457],[-97.0545241,49.6806923],[-97.0516155,49.6805114],[-97.0487513,49.6793842],[-97.0487007,49.675654],[-97.0422772,49.6731222],[-97.0375044,49.6729901],[-97.037587,49.6752403],[-97.0350928,49.6759084],[-97.0325091,49.6755272],[-97.0321513,49.6768347],[-97.0337875,49.6780267],[-97.033241,49.6798892],[-97.0378726,49.685365],[-97.035725,49.6870509],[-97.0325977,49.6862107],[-97.0318149,49.6894582],[-97.0377019,49.6939077],[-97.0333805,49.6936095],[-97.0271357,49.6937282],[-97.0267574,49.6945088],[-97.0310651,49.6951444],[-97.0341423,49.6962087],[-97.0337142,49.6982253],[-97.0371834,49.6981718],[-97.0383101,49.7003273],[-97.0421817,49.7032039],[-97.0413396,49.7069002],[-97.0426715,49.708272],[-97.045581,49.7092207],[-97.0458915,49.7101255],[-97.049321,49.7110829],[-97.0543833,49.714577],[-97.0544012,49.7157238],[-97.0564897,49.7167325],[-97.0605024,49.7176799],[-97.0599784,49.72108],[-97.0574433,49.7192425],[-97.0526093,49.7199087],[-97.0520309,49.7213607],[-97.0542167,49.7230841],[-97.0600783,49.7239695],[-97.061069,49.7252229],[-97.0603851,49.7282831],[-97.0576385,49.7275624],[-97.0563739,49.7298668],[-97.0580715,49.7307948],[-97.0612089,49.7292005],[-97.063819,49.7302164],[-97.0664326,49.7299227],[-97.0669787,49.7336424],[-97.0721128,49.7354146],[-97.0754601,49.7385062],[-97.0755095,49.7404185],[-97.0771361,49.7419527],[-97.0777735,49.7449658],[-97.0811685,49.7475958],[-97.0817916,49.7509763],[-97.0800906,49.7529421],[-97.0754611,49.752441],[-97.0746983,49.75151169999999],[-97.0771306,49.7499655],[-97.0773319,49.7481869],[-97.0762229,49.746429],[-97.0742952,49.745506],[-97.0753286,49.7442079],[-97.0683906,49.7392133],[-97.0645991,49.7407198],[-97.0621814,49.7422492],[-97.0583286,49.7403603],[-97.0553897,49.7401837],[-97.0521142,49.7386012],[-97.0506911,49.7365408],[-97.0492087,49.7326974],[-97.0457514,49.7307723],[-97.0461878,49.73294339999999],[-97.0447808,49.7353805],[-97.0485214,49.7351466],[-97.0507064,49.7394261],[-97.0528289,49.7420074],[-97.0497922,49.7426352],[-97.0501201,49.7475198],[-97.0509877,49.750377],[-97.0534113,49.7487207],[-97.0547013,49.7492091],[-97.060296,49.7468421],[-97.065769,49.745873],[-97.0632818,49.7491408],[-97.0631606,49.7505388],[-97.0663029,49.7522036],[-97.0676319,49.7517166],[-97.0710851,49.752156],[-97.0734643,49.7532563],[-97.0766777,49.7564493],[-97.0738635,49.7564025],[-97.0718581,49.7574298],[-97.0728951,49.7593563],[-97.0711497,49.7604304],[-97.0744137,49.7623515],[-97.0718056,49.7637082],[-97.0727599,49.7673963],[-97.067628,49.7649962],[-97.0671599,49.7635883],[-97.0632737,49.7608505],[-97.0607561,49.761572],[-97.0612877,49.7630235],[-97.0586611,49.7631916],[-97.0573005,49.7660962],[-97.054905,49.7670319],[-97.0497338,49.7669449],[-97.0498774,49.7682626],[-97.0571998,49.7702524]],[[-97.0906589,49.7448669],[-97.0892114,49.7448246],[-97.0877952,49.7430213],[-97.0925815,49.7414921],[-97.0940334,49.7438361],[-97.0906589,49.7448669]],[[-97.127432,49.7189542],[-97.1288401,49.720622],[-97.1260039,49.7214697],[-97.126039,49.7193379],[-97.127432,49.7189542]],[[-97.0623594,49.7139593],[-97.064572,49.7112824],[-97.0660429,49.7112694],[-97.0659973,49.7139849],[-97.0623594,49.7139593]],[[-97.1016404,49.7024591],[-97.1022139,49.7020712],[-97.1122308,49.6987998],[-97.1146019,49.7003691],[-97.1037344,49.7041993],[-97.1016404,49.7024591]],[[-97.0688647,49.7000096],[-97.0688338,49.698194],[-97.0716603,49.6981788],[-97.0716489,49.7000249],[-97.0688647,49.7000096]],[[-97.1353623,49.6950395],[-97.135465,49.6966648],[-97.1321367,49.6978557],[-97.1312125,49.6965477],[-97.1353623,49.6950395]],[[-97.0421163,49.6941214],[-97.0421194,49.6913984],[-97.0448791,49.6914795],[-97.0453105,49.6939685],[-97.0421163,49.6941214]],[[-97.1197885,49.6924732],[-97.124896,49.6936076],[-97.122164,49.6948603],[-97.11804,49.69484],[-97.1197885,49.6924732]],[[-97.1360394,49.7020217],[-97.1339437,49.7027269],[-97.1324227,49.7009522],[-97.1328325,49.6996462],[-97.1360553,49.6984731],[-97.1360394,49.7020217]],[[-97.1056008,49.6784253],[-97.103396,49.6782673],[-97.1032533,49.6740386],[-97.1059029,49.6739435],[-97.106018,49.6709819],[-97.1104382,49.6670383],[-97.1130865,49.6669707],[-97.1140062,49.6685644],[-97.1129061,49.6738363],[-97.1136063,49.6755926],[-97.1157388,49.6767351],[-97.1157874,49.6798932],[-97.114309,49.6828049],[-97.1127208,49.68413609999999],[-97.106018,49.6841651],[-97.1056008,49.6784253]],[[-97.0717108,49.6771554],[-97.0717465,49.6722489],[-97.0750316,49.672241],[-97.0750257,49.6770988],[-97.0717108,49.6771554]],[[-97.0578652,49.6757992],[-97.0581606,49.6745329],[-97.0605696,49.6746051],[-97.0605494,49.6760349],[-97.0578652,49.6757992]],[[-97.0660885,49.6747868],[-97.06608020000002,49.6739554],[-97.0715742,49.6741677],[-97.0716251,49.67618859999999],[-97.0678313,49.6761656],[-97.0660885,49.6747868]],[[-97.0882141,49.6678623],[-97.0877637,49.6682321],[-97.079918,49.6682436],[-97.080087,49.6651819],[-97.0865989,49.6652111],[-97.0867093,49.6673346],[-97.0882141,49.6678623]],[[-97.1269387,49.661062],[-97.1285858,49.6610671],[-97.1285794,49.6642534],[-97.1261103,49.6643102],[-97.1269387,49.661062]],[[-97.0602299,49.6590545],[-97.060227,49.6572181],[-97.0644026,49.6572387],[-97.0643872,49.6590624],[-97.0602299,49.6590545]],[[-97.1236769,49.6565547],[-97.1266755,49.6558456],[-97.1268479,49.6573906],[-97.1236769,49.6565547]],[[-97.1209435,49.6553175],[-97.120793,49.6540684],[-97.1248,49.6538218],[-97.1250801,49.655578],[-97.1209435,49.6553175]],[[-97.1213474,49.6478497],[-97.1220437,49.6482657],[-97.1223998,49.6521261],[-97.1164198,49.6524722],[-97.1159712,49.6510194],[-97.1191782,49.6486817],[-97.1213474,49.6478497]],[[-97.0602531,49.6489245],[-97.060135,49.6466426],[-97.06356660000002,49.646737],[-97.0636133,49.6489068],[-97.0602531,49.6489245]],[[-97.0636103,49.6379367],[-97.0635748,49.6336028],[-97.0668923,49.6336283],[-97.0668706,49.6379613],[-97.0636103,49.6379367]],[[-97.1339852,49.6316487],[-97.1358962,49.6316048],[-97.1352342,49.6338803],[-97.1335395,49.6336786],[-97.1339852,49.6316487]],[[-97.1243356,49.6355221],[-97.1253776,49.6375462],[-97.1202724,49.6376825],[-97.1222263,49.6355327],[-97.1243356,49.6355221]],[[-97.077725,49.6162187],[-97.0777541,49.6144751],[-97.0806071,49.614531],[-97.0805252,49.6162822],[-97.077725,49.6162187]],[[-97.0888121,49.6080355],[-97.0860453,49.6086606],[-97.0862545,49.6062006],[-97.0890905,49.6062789],[-97.0888121,49.6080355]],[[-97.0827465,49.6026936],[-97.082914,49.6050027],[-97.0801736,49.6049572],[-97.0801938,49.6019804],[-97.0827465,49.6026936]],[[-97.15128070000002,49.5907729],[-97.1489406,49.5903232],[-97.1497292,49.5889492],[-97.1526125,49.5895991],[-97.15128070000002,49.5907729]],[[-97.1543926,49.5841252],[-97.1527082,49.5857526],[-97.1509716,49.5854006],[-97.1520367,49.5831643],[-97.1543347,49.5816292],[-97.1565165,49.5820487],[-97.1543926,49.5841252]],[[-97.0849939,49.5799477],[-97.0847945,49.5770796],[-97.0873315,49.577054],[-97.0872343,49.5799847],[-97.0849939,49.5799477]],[[-97.1477907,49.5788311],[-97.1511213,49.5761493],[-97.1523269,49.5763215],[-97.1506624,49.5794358],[-97.1477907,49.5788311]],[[-97.2081659,49.3209952],[-97.2076303,49.3163937],[-97.2089242,49.315587],[-97.2084957,49.3119058],[-97.2117329,49.3156305],[-97.2143183,49.3179671],[-97.2149508,49.319906],[-97.2167136,49.3216787],[-97.2161054,49.3229554],[-97.2128515,49.3235481],[-97.2081659,49.3209952]],[[-97.2186263,49.3115113],[-97.2198192,49.3096005],[-97.2188117,49.3063698],[-97.2216299,49.3061376],[-97.226748,49.3122793],[-97.2267401,49.316413],[-97.2244831,49.316654],[-97.2193961,49.3135442],[-97.2186263,49.3115113]],[[-97.2028851,49.3039184],[-97.2004648,49.3009411],[-97.2001741,49.2973539],[-97.2017551,49.296368],[-97.2018954,49.2925119],[-97.2037236,49.2924484],[-97.2062706,49.2957951],[-97.2088919,49.3009802],[-97.2065189,49.3044342],[-97.2028851,49.3039184]],[[-97.2780962,49.3023998],[-97.2822605,49.3038398],[-97.2836199,49.3051461],[-97.2838146,49.3076293],[-97.2852827,49.3098558],[-97.2830263,49.3100979],[-97.2779778,49.305797],[-97.2780962,49.3023998]],[[-97.263746,49.3110039],[-97.2655845,49.3138398],[-97.269023,49.315482],[-97.2736997,49.3168492],[-97.2769928,49.3172536],[-97.2805328,49.3195671],[-97.2806736,49.3211783],[-97.276996,49.3218584],[-97.2746435,49.3208128],[-97.2696696,49.322392],[-97.2646081,49.3184578],[-97.2636564,49.3156023],[-97.2647823,49.3134998],[-97.263746,49.3110039]],[[-97.4366934,49.3123148],[-97.4367338,49.3147663],[-97.4344008,49.3147387],[-97.4343595,49.3123237],[-97.4366934,49.3123148]],[[-97.4731015,49.3516143],[-97.4752988,49.3514994],[-97.4759216,49.3541553],[-97.4704368,49.3542958],[-97.4706257,49.3516161],[-97.4731015,49.3516143]],[[-97.4608363,49.354268],[-97.4594061,49.3542385],[-97.4595281,49.3518767],[-97.4609573,49.3519377],[-97.4608363,49.354268]],[[-97.4579599,49.3844727],[-97.4587364,49.3857182],[-97.4574377,49.3870851],[-97.4549418,49.3870944],[-97.4549363,49.3851883],[-97.4579599,49.3844727]],[[-97.2924521,49.3904413],[-97.2936412,49.3904588],[-97.2937391,49.3930557],[-97.2926661,49.395104],[-97.2886931,49.3950044],[-97.2924521,49.3904413]],[[-97.4268659,49.3944522],[-97.4271485,49.3980524],[-97.4256153,49.3986873],[-97.42365850000002,49.3973778],[-97.4238626,49.39583109999999],[-97.4268659,49.3944522]],[[-97.4372279,49.3952262],[-97.4395688,49.3952487],[-97.4395139,49.3969817],[-97.4370046,49.3969751],[-97.4372279,49.3952262]],[[-97.3175702,49.3984325],[-97.3124233,49.3987662],[-97.3125774,49.3970109],[-97.3166056,49.3973353],[-97.3175702,49.3984325]],[[-97.3149868,49.399805],[-97.3157403,49.4024932],[-97.3124517,49.4025066],[-97.3125747,49.3998311],[-97.3149868,49.399805]],[[-97.4142481,49.4015506],[-97.4161217,49.4027899],[-97.4154515,49.4051902],[-97.4136617,49.4051129],[-97.4142481,49.4015506]],[[-97.4808046,49.4112077],[-97.481611,49.413705],[-97.4784133,49.413243],[-97.4786074,49.4114546],[-97.4808046,49.4112077]],[[-97.4844629,49.4118733],[-97.4847029,49.4137085],[-97.4819838,49.4136893],[-97.4819843,49.4118325],[-97.4844629,49.4118733]],[[-97.4586115,49.4131106],[-97.4560712,49.4135837],[-97.4561433,49.4112844],[-97.4590609,49.4109383],[-97.4586115,49.4131106]],[[-97.4178185,49.4149497],[-97.4160362,49.4150449],[-97.4160101,49.4169953],[-97.4111893,49.4168813],[-97.41115,49.4135537],[-97.4137706,49.4113517],[-97.4175649,49.4114277],[-97.4178185,49.4149497]],[[-97.4860669,49.4168125],[-97.4862027,49.4186896],[-97.4830126,49.4184561],[-97.4822853,49.4167021],[-97.4860669,49.4168125]],[[-97.4853139,49.4220713],[-97.4853594,49.4238523],[-97.4821692,49.4238236],[-97.4821499,49.4220647],[-97.4853139,49.4220713]],[[-97.4028672,49.4138704],[-97.4028499,49.4155337],[-97.3998608,49.4155043],[-97.399604,49.4138133],[-97.4028672,49.4138704]],[[-97.4605186,49.4256965],[-97.4629231,49.4286555],[-97.4629684,49.4306782],[-97.4591675,49.4314774],[-97.4590521,49.4297685],[-97.4562617,49.4291175],[-97.4566288,49.4270295],[-97.4579353,49.4257565],[-97.4605186,49.4256965]],[[-97.4453577,49.4626966],[-97.4446735,49.4668342],[-97.4433238,49.4705367],[-97.4404542,49.4729894],[-97.440444,49.48003],[-97.413945,49.4799459],[-97.4138524,49.4729685],[-97.4029379,49.4728874],[-97.4009475,49.4721692],[-97.4009002,49.4664831],[-97.3974297,49.4672545],[-97.3964022,49.4656012],[-97.4026453,49.465409],[-97.4023733,49.4583081],[-97.4027972,49.4576419],[-97.4029327,49.4287141],[-97.4206523,49.4286133],[-97.4206556,49.4277283],[-97.42446,49.4274196],[-97.4328018,49.427451],[-97.4341153,49.4280261],[-97.4423317,49.4280551],[-97.4445341,49.4291338],[-97.4453138,49.4307014],[-97.4453577,49.4626966]],[[-97.4614884,49.4329879],[-97.4616052,49.4354775],[-97.4591716,49.435998],[-97.4591925,49.4324045],[-97.4614884,49.4329879]],[[-97.460648,49.4417023],[-97.4618276,49.4419763],[-97.4618159,49.445063],[-97.4592047,49.4450282],[-97.4592608,49.441733],[-97.460648,49.4417023]],[[-97.493416,49.44461529999999],[-97.4935183,49.4472485],[-97.4903803,49.4471636],[-97.4915939,49.4446606],[-97.493416,49.44461529999999]],[[-97.5065973,49.4516376],[-97.5066781,49.4532509],[-97.504484,49.4532564],[-97.5044766,49.4515806],[-97.5065973,49.4516376]],[[-97.4808962,49.457586],[-97.4789891,49.456028],[-97.481735,49.455256],[-97.4808962,49.457586]],[[-97.4724808,49.4598328],[-97.4683647,49.4598533],[-97.468607,49.458232],[-97.4723762,49.4582652],[-97.4724808,49.4598328]],[[-97.5048088,49.4611088],[-97.5081124,49.4617629],[-97.5059202,49.4630015],[-97.5048088,49.4611088]],[[-97.4137505,49.4818747],[-97.4116686,49.4818187],[-97.4107449,49.4791457],[-97.4138395,49.4791196],[-97.4137505,49.4818747]],[[-97.4277545,49.4813737],[-97.431184,49.481049],[-97.4344439,49.4832923],[-97.4343847,49.4851479],[-97.4366859,49.4886521],[-97.4388027,49.4886623],[-97.4388173,49.4917519],[-97.4402379,49.4932422],[-97.4427456,49.4942874],[-97.4430965,49.4965724],[-97.4422577,49.4972047],[-97.4392154,49.4952144],[-97.4354405,49.4951706],[-97.4321562,49.4930388],[-97.4308405,49.4894834],[-97.4287877,49.4893542],[-97.4289253,49.487701],[-97.4324196,49.4877795],[-97.4311119,49.4833043],[-97.4277545,49.4813737]],[[-97.3632801,49.4750119],[-97.3631148,49.4729514],[-97.3662533,49.4729577],[-97.3662145,49.4749833],[-97.3632801,49.4750119]],[[-97.3630562,49.4723563],[-97.3596062,49.468687],[-97.3612954,49.4685263],[-97.3635503,49.4698095],[-97.3630562,49.4723563]],[[-97.305205,49.4633289],[-97.3082323,49.4645279],[-97.3084445,49.46663419999999],[-97.3057926,49.4683067],[-97.3012426,49.4653945],[-97.3010981,49.4604233],[-97.3059532,49.4618141],[-97.305205,49.4633289]],[[-97.2988476,49.4879576],[-97.2953007,49.4880154],[-97.2953101,49.4909846],[-97.291234,49.4933071],[-97.2843608,49.4919224],[-97.281416,49.4892394],[-97.2772637,49.4873082],[-97.2761856,49.4843597],[-97.2831111,49.4874318],[-97.2827991,49.4883069],[-97.2859638,49.4895269],[-97.2868866,49.4921064],[-97.2943831,49.488515],[-97.2951023,49.4856298],[-97.2964634,49.48532],[-97.2950527,49.4789577],[-97.2953834,49.477533],[-97.2904727,49.4758729],[-97.2881189,49.4730662],[-97.2882545,49.4715798],[-97.2900322,49.4704728],[-97.2883668,49.468359],[-97.2860956,49.4685985],[-97.2912976,49.4636096],[-97.2950073,49.4590992],[-97.2950158,49.4581761],[-97.3011118,49.4582997],[-97.3008312,49.4875469],[-97.2988476,49.4879576]],[[-97.3041167,49.4581995],[-97.3040296,49.4598065],[-97.3012783,49.4597867],[-97.301303,49.4581582],[-97.3041167,49.4581995]],[[-97.3946151,49.4581786],[-97.3940066,49.4603845],[-97.3913247,49.4603805],[-97.3914754,49.45811829999999],[-97.3946151,49.4581786]],[[-97.3719389,49.4603423],[-97.3720278,49.4584289],[-97.3773897,49.4584876],[-97.3773765,49.4604354],[-97.3719389,49.4603423]],[[-97.3498145,49.4567496],[-97.3465617,49.4566568],[-97.3465882,49.4548131],[-97.3502565,49.4547147],[-97.3498145,49.4567496]],[[-97.3048997,49.4732626],[-97.3044617,49.46998329999999],[-97.3076387,49.4719856],[-97.3094497,49.4709744],[-97.3114597,49.4730792],[-97.3137234,49.4731522],[-97.3130464,49.4768143],[-97.3088377,49.4745177],[-97.3048997,49.4732626]],[[-97.3917432,49.452278],[-97.3917129,49.4508624],[-97.3945464,49.4509018],[-97.3944752,49.4522994],[-97.3917432,49.452278]],[[-97.387262,49.4436139],[-97.3890125,49.442363],[-97.391271,49.4423532],[-97.3912565,49.4449447],[-97.3878551,49.4452643],[-97.387262,49.4436139]],[[-97.373592,49.4425183],[-97.3713728,49.4425312],[-97.3712737,49.4408826],[-97.373657,49.4405514],[-97.373592,49.4425183]],[[-97.2605064,49.4375613],[-97.2587881,49.4376372],[-97.2582604,49.4330862],[-97.2610241,49.4372555],[-97.2605064,49.4375613]],[[-97.3642172,49.4371992],[-97.3677422,49.4358266],[-97.3676314,49.4379737],[-97.3642172,49.4371992]],[[-97.3882893,49.4283272],[-97.3891762,49.4251673],[-97.3912517,49.4250791],[-97.3912214,49.4304971],[-97.3891429,49.4301701],[-97.3882893,49.4283272]],[[-97.2502648,49.4567896],[-97.2506003,49.4591511],[-97.2447741,49.4591575],[-97.2441111,49.4560336],[-97.248303,49.4543299],[-97.2499121,49.4549118],[-97.2502648,49.4567896]],[[-97.2334761,49.4586818],[-97.2379194,49.4644828],[-97.236596,49.4660062],[-97.2343096,49.4660815],[-97.2331736,49.4647411],[-97.2330667,49.4606601],[-97.2296031,49.460552],[-97.2295234,49.4580701],[-97.2334761,49.4586818]],[[-97.2418506,49.4704412],[-97.2411976,49.4721402],[-97.2380046,49.4715403],[-97.2379027,49.4696644],[-97.2402857,49.4692597],[-97.2418506,49.4704412]],[[-97.2430373,49.472772],[-97.2427916,49.474652],[-97.2409716,49.4746476],[-97.2411461,49.4727665],[-97.2430373,49.472772]],[[-97.2442855,49.476791],[-97.2438357,49.4793889],[-97.239418,49.479159],[-97.240613,49.4766887],[-97.2442855,49.476791]],[[-97.26201,49.4838968],[-97.2614192,49.485645],[-97.2589621,49.4854621],[-97.259086,49.4838497],[-97.26201,49.4838968]],[[-97.5209785,49.5004588],[-97.5269845,49.5005538],[-97.5269835,49.5024646],[-97.5197066,49.5024084],[-97.5209785,49.5004588]],[[-97.4070511,49.499748],[-97.4075192,49.5010872],[-97.4100763,49.5027653],[-97.4136617,49.5028075],[-97.4143248,49.5197475],[-97.4147019,49.5250824],[-97.4171513,49.5244114],[-97.4184411,49.5206972],[-97.4204999,49.5221533],[-97.4241785,49.5232697],[-97.4261004,49.5208016],[-97.4249849,49.518197],[-97.4279574,49.5175602],[-97.4300843,49.5195753],[-97.4295717,49.5218818],[-97.4338749,49.5245105],[-97.4313624,49.5248763],[-97.4333405,49.5275021],[-97.4302531,49.5293738],[-97.4277752,49.5272838],[-97.4287658,49.5251267],[-97.424257,49.5248083],[-97.4243399,49.5263231],[-97.426388,49.5294926],[-97.4254807,49.5307606],[-97.4186241,49.5304885],[-97.4166232,49.5286594],[-97.4145709,49.5284218],[-97.4104054,49.5262658],[-97.4118252,49.5230675],[-97.4107511,49.5213373],[-97.4107393,49.5180738],[-97.407343,49.5169892],[-97.406153,49.5158113],[-97.4066816,49.5121438],[-97.4082435,49.5107585],[-97.4073861,49.5071163],[-97.4036923,49.5031497],[-97.4028946,49.5031905],[-97.4028309,49.5094046],[-97.3992567,49.5095471],[-97.3979171,49.508684],[-97.3958077,49.5096845],[-97.3937779,49.5073949],[-97.3928223,49.5053126],[-97.3935238,49.5036053],[-97.3923092,49.5025545],[-97.4062809,49.5027205],[-97.4033876,49.5000307],[-97.4047304,49.4991924],[-97.4070511,49.499748]],[[-97.5020269,49.5211151],[-97.5043735,49.5211349],[-97.504385,49.5234191],[-97.5014613,49.523413],[-97.5020269,49.5211151]],[[-97.428231,49.5363249],[-97.4288494,49.5348467],[-97.43340270000002,49.535276],[-97.4358754,49.5379655],[-97.4352765,49.5408898],[-97.4356067,49.5431761],[-97.4340038,49.5440903],[-97.4297715,49.5419385],[-97.4294609,49.5388498],[-97.428231,49.5363249]],[[-97.4783471,49.5365486],[-97.481003,49.5367087],[-97.4809656,49.5386069],[-97.4782359,49.5380633],[-97.4783471,49.5365486]],[[-97.4417522,49.5442711],[-97.4417809,49.54727],[-97.43953460000002,49.5468307],[-97.4394684,49.5446316],[-97.4417522,49.5442711]],[[-97.4959768,49.5466381],[-97.4933296,49.5486435],[-97.495094,49.5513387],[-97.4953422,49.5527897],[-97.4931365,49.5540563],[-97.4890743,49.5509555],[-97.4898308,49.5492128],[-97.4871898,49.5494069],[-97.487005,49.5478043],[-97.4889506,49.5473726],[-97.493276,49.54761949999999],[-97.4959768,49.5466381]],[[-97.4565226,49.5488875],[-97.4565109,49.5474015],[-97.4589739,49.547282],[-97.4590383,49.5489592],[-97.4565226,49.5488875]],[[-97.5498994,49.5559755],[-97.5499119,49.5582138],[-97.5480463,49.5582417],[-97.5480289,49.5552857],[-97.5498994,49.5559755]],[[-97.5591543,49.5622011],[-97.5625325,49.5619475],[-97.5625623,49.5637257],[-97.5591543,49.5622011]],[[-97.5117617,49.5654696],[-97.5149217,49.5686884],[-97.5167335,49.5693738],[-97.5210559,49.56784],[-97.5216225,49.569304],[-97.5242606,49.56960249999999],[-97.5225683,49.5716997],[-97.5154239,49.5722704],[-97.5142201,49.5736581],[-97.5114759,49.5748683],[-97.5012321,49.5702335],[-97.4997788,49.5711417],[-97.4984677,49.5674167],[-97.4958584,49.5661909],[-97.4937339,49.5679721],[-97.4903918,49.5651927],[-97.4904604,49.5635456],[-97.4992407,49.5621296],[-97.5035679,49.5645911],[-97.5063723,49.5647117],[-97.5047274,49.5624655],[-97.5081628,49.5633044],[-97.5117617,49.5654696]],[[-97.5727705,49.5729306],[-97.5759893,49.5729648],[-97.5761232,49.5752448],[-97.5740766,49.5747694],[-97.5727705,49.5729306]],[[-97.5700572,49.5783672],[-97.5701384,49.5767181],[-97.5726751,49.5767494],[-97.5727258,49.5784002],[-97.5700572,49.5783672]],[[-97.4824534,49.5665449],[-97.4820573,49.5638921],[-97.4844994,49.5640827],[-97.4824534,49.5665449]],[[-97.5538299,49.5810158],[-97.5542082,49.5827135],[-97.5502209,49.5826851],[-97.5502039,49.5810347],[-97.5538299,49.5810158]],[[-97.2076262,49.2865691],[-97.2075925,49.2850225],[-97.2104048,49.2850172],[-97.210393,49.2865826],[-97.2076262,49.2865691]],[[-97.3374723,49.2695841],[-97.3393292,49.2680839],[-97.3404666,49.2655882],[-97.3390203,49.2627106],[-97.3373974,49.2561363],[-97.3403319,49.255021],[-97.3476748,49.2604705],[-97.3478635,49.2660883],[-97.3472051,49.2666453],[-97.3465384,49.2719553],[-97.3378802,49.2720035],[-97.3374723,49.2695841]],[[-97.3941314,49.2639587],[-97.3948535,49.2657737],[-97.3914614,49.2657584],[-97.3914988,49.2638582],[-97.3941314,49.2639587]],[[-97.3729087,49.26869],[-97.3689469,49.2690231],[-97.3689765,49.2649434],[-97.3725087,49.2649093],[-97.3729087,49.26869]],[[-97.394612,49.2476795],[-97.3915831,49.2477099],[-97.3915556,49.2457151],[-97.3945624,49.2457932],[-97.394612,49.2476795]],[[-97.3335731,49.2439555],[-97.3316162,49.2439272],[-97.3313447,49.2420054],[-97.3334157,49.2419717],[-97.3335731,49.2439555]],[[-97.3290071,49.2383405],[-97.3288256,49.2405666],[-97.3250176,49.2405114],[-97.3271732,49.2382443],[-97.3271053,49.2365339],[-97.3292714,49.2365272],[-97.3290071,49.2383405]],[[-97.323469,49.2253353],[-97.3249821,49.2273118],[-97.3218185,49.2274214],[-97.323469,49.2253353]],[[-97.3226031,49.2214189],[-97.3201672,49.2206928],[-97.3203163,49.2194056],[-97.3227945,49.2195015],[-97.3226031,49.2214189]],[[-97.248697,49.1577347],[-97.250056,49.1574603],[-97.2511509,49.1604268],[-97.2496351,49.1608955],[-97.248697,49.1577347]],[[-97.2450234,49.1479788],[-97.2443704,49.14763319999999],[-97.2357177,49.1477698],[-97.235135,49.1468881],[-97.2348643,49.1257027],[-97.2359759,49.1246455],[-97.2394722,49.1255716],[-97.2429579,49.1253562],[-97.2478125,49.128384],[-97.2496394,49.1317014],[-97.2513741,49.140556],[-97.2472773,49.14791229999999],[-97.2450234,49.1479788]],[[-97.2575296,49.1296204],[-97.2589072,49.1314911],[-97.2562088,49.1315661],[-97.2555427,49.129809],[-97.2575296,49.1296204]],[[-97.2061474,49.0857907],[-97.2044437,49.0857626],[-97.2036957,49.0835385],[-97.2080837,49.083631],[-97.2082148,49.0854772],[-97.2061474,49.0857907]],[[-97.2009372,49.0760528],[-97.2021977,49.0748646],[-97.2044788,49.0755587],[-97.2035757,49.0774149],[-97.2014828,49.0774582],[-97.2009372,49.0760528]],[[-97.1932189,49.0542779],[-97.1879249,49.0544511],[-97.1864113,49.0520731],[-97.1897917,49.0520301],[-97.1928805,49.0528579],[-97.1932189,49.0542779]],[[-97.2004115,49.0360708],[-97.1980223,49.0357147],[-97.1981746,49.0335639],[-97.2007361,49.0351391],[-97.2004115,49.0360708]],[[-97.1807989,49.0336175],[-97.1781668,49.033436],[-97.1776199,49.0320081],[-97.1806229,49.0321987],[-97.1807989,49.0336175]],[[-97.1736289,49.0282667],[-97.1774375,49.0279786],[-97.1776536,49.0298425],[-97.1736974,49.0299243],[-97.1736289,49.0282667]],[[-97.2288773,49.0109911],[-97.23038710000002,49.008569],[-97.2325051,49.009248],[-97.2312391,49.0111931],[-97.2288773,49.0109911]]]]}},{"type":"Feature","properties":{"code":"FL2011"},"geometry":{"type":"MultiPolygon","coordinates":[[[[-97.1550411,49.0064563],[-97.1576036,49.0064973],[-97.158345,49.0049348],[-97.1580738,49.0030187],[-97.156024,49.002986],[-97.1554279,49.0006149],[-97.1529101,48.9993727],[-97.1496115,48.9993661],[-97.1468751,48.9977419],[-97.1448194,48.9972498],[-97.1442379,48.9954139],[-97.1404611,48.9918986],[-97.1306641,48.9921298],[-97.1310034,48.990447],[-97.1287005,48.9897604],[-97.1240856,48.9896854],[-97.1238815,48.9919677],[-97.1275679,48.9925991],[-97.1287363,48.9940725],[-97.1344131,48.9963722],[-97.134536,48.9973093],[-97.1369489,48.9982314],[-97.138883,48.9982366],[-97.1400632,49.0001433],[-97.1475872,49.0000395],[-97.151091,49.0023448],[-97.1520452,49.0042718],[-97.1534076,49.004406],[-97.1550411,49.0064563]]],[[[-97.4244226,49.0229323],[-97.4256402,49.0222742],[-97.4219229,49.020874],[-97.4186009,49.0177924],[-97.4162441,49.0166355],[-97.4157885,49.0148301],[-97.4139177,49.0130415],[-97.4114842,49.01154909999999],[-97.4104678,49.0092356],[-97.4145003,49.0100823],[-97.4137663,49.0083414],[-97.4097782,49.0085547],[-97.4121173,49.0070082],[-97.4145272,49.0068683],[-97.414725,49.00064],[-97.3983776,49.0006367],[-97.4005815,49.002225],[-97.4012295,49.0066353],[-97.4031459,49.007824],[-97.4061704,49.0072724],[-97.4070114,49.0091879],[-97.4094839,49.0094446],[-97.4107108,49.0122308],[-97.408793,49.0122538],[-97.4033766,49.0135389],[-97.4014343,49.014632],[-97.4056812,49.015478],[-97.4089209,49.0157476],[-97.4119432,49.017476],[-97.4150157,49.0176307],[-97.4177037,49.0191295],[-97.4205094,49.0223165],[-97.4244226,49.0229323]]],[[[-97.4328694,49.026196],[-97.4330862,49.0247371],[-97.431423,49.0232526],[-97.4328326,49.0219223],[-97.4311801,49.0201007],[-97.4304104,49.0173914],[-97.4288724,49.0173705],[-97.4294746,49.019965],[-97.4272599,49.0197099],[-97.4261991,49.02082],[-97.4263168,49.0225084],[-97.4285139,49.0233255],[-97.4305083,49.0251518],[-97.4328694,49.026196]]],[[[-97.4474501,49.0302164],[-97.4500177,49.0301385],[-97.4485247,49.0286566],[-97.4474501,49.0302164]]],[[[-97.4546821,49.0341368],[-97.4577065,49.030354],[-97.4546261,49.0304252],[-97.4546821,49.0341368]]],[[[-97.439034,49.0368499],[-97.4398923,49.036749],[-97.4416932,49.0338497],[-97.4430257,49.0349922],[-97.4454191,49.0350244],[-97.44589,49.0363802],[-97.4475856,49.0368528],[-97.4488173,49.0357449],[-97.4451438,49.0328842],[-97.4420808,49.032393],[-97.4383586,49.0311058],[-97.4369841,49.0313121],[-97.4336111,49.0298045],[-97.4324816,49.0276526],[-97.4292623,49.0267092],[-97.4274423,49.0247727],[-97.4268154,49.022965],[-97.4245828,49.0232718],[-97.4260502,49.0255409],[-97.4261573,49.0275665],[-97.4254239,49.0291308],[-97.4279029,49.0318634],[-97.4288178,49.0299642],[-97.4305378,49.0296502],[-97.4336832,49.032954],[-97.436533,49.0347919],[-97.4377402,49.0344709],[-97.439034,49.0368499]]],[[[-97.3663367,49.0370804],[-97.3681602,49.0336202],[-97.3664802,49.0326968],[-97.3642543,49.0327777],[-97.3643479,49.0351405],[-97.3663367,49.0370804]]],[[[-97.4055063,49.0423513],[-97.404538,49.0405387],[-97.4020131,49.0392668],[-97.4015362,49.0381357],[-97.3983637,49.0357302],[-97.395112,49.0357975],[-97.3948171,49.0343315],[-97.3987561,49.0341613],[-97.3923362,49.0317106],[-97.3922854,49.0332842],[-97.3887174,49.0325597],[-97.3884811,49.0345805],[-97.3905216,49.0349464],[-97.3948831,49.0375935],[-97.3955236,49.0389518],[-97.3994017,49.0406924],[-97.4024936,49.0402855],[-97.4055063,49.0423513]]],[[[-97.4041224,49.0481796],[-97.4048748,49.0460534],[-97.4037066,49.0451376],[-97.4019895,49.0453388],[-97.4041224,49.0481796]]],[[[-97.3942533,49.0571511],[-97.3932706,49.055788],[-97.3943185,49.0551279],[-97.3940235,49.053662],[-97.390825,49.0520431],[-97.393059,49.0517369],[-97.396177,49.0505433],[-97.3977702,49.0488787],[-97.3940988,49.0460164],[-97.3941458,49.0445552],[-97.397474,49.0421275],[-97.3931228,49.0391433],[-97.392352,49.0418314],[-97.3927453,49.0455477],[-97.3908645,49.0455215],[-97.3921635,49.0476762],[-97.3915816,49.0498046],[-97.3896498,49.051352],[-97.3897808,49.0525908],[-97.3858257,49.0532102],[-97.3849962,49.0524115],[-97.3861205,49.049391],[-97.3835336,49.0500295],[-97.3807976,49.0499911],[-97.3819435,49.0515815],[-97.3837991,49.0523947],[-97.3861168,49.0547886],[-97.3899849,49.0568667],[-97.3913785,49.056099],[-97.3942533,49.0571511]]],[[[-97.3552592,49.0099347],[-97.3539887,49.0069928],[-97.3482208,49.0005006],[-97.358816,49.0005394],[-97.3605427,49.0000017],[-97.3622363,49.0004756],[-97.3841138,49.0004468],[-97.384483,48.9996],[-97.2762996,48.9995608],[-97.2776003,49.0014919],[-97.2776897,49.0038547],[-97.2804385,49.0034459],[-97.2801975,49.0005186],[-97.283614,49.0005695],[-97.2837037,49.0029323],[-97.2868878,49.0047789],[-97.2876572,49.0072642],[-97.2886592,49.0079538],[-97.2905978,49.0112437],[-97.2883804,49.0110983],[-97.2856081,49.0121817],[-97.2846524,49.0101433],[-97.2798994,49.009173],[-97.2782296,49.0080235],[-97.276028,49.0074284],[-97.2752592,49.0049429],[-97.2725141,49.0052392],[-97.2693071,49.0040666],[-97.2673811,49.0053871],[-97.2642251,49.0027533],[-97.2609949,49.00225479999999],[-97.2592553,49.0031282],[-97.257272,49.0011866],[-97.2554087,49.0007086],[-97.2557896,48.9995898],[-97.2405814,48.9995134],[-97.2400031,49.0013742],[-97.2384617,49.0014631],[-97.2382875,49.0055232],[-97.2402132,49.0082546],[-97.2430452,49.0103762],[-97.2467291,49.014746],[-97.252001,49.0150509],[-97.2527003,49.0146117],[-97.2519404,49.0119013],[-97.2538434,49.0112554],[-97.2556561,49.0131945],[-97.2573569,49.0134451],[-97.2578948,49.0078307],[-97.2609309,49.009001],[-97.2596801,49.0105565],[-97.2594308,49.0128017],[-97.2604012,49.0143907],[-97.2622573,49.0150934],[-97.2670612,49.0146034],[-97.2704631,49.0151043],[-97.2747388,49.0150558],[-97.2736669,49.0163892],[-97.2763699,49.0173293],[-97.2786653,49.0201748],[-97.2807276,49.0198682],[-97.280821,49.0221187],[-97.2835477,49.0223842],[-97.286368,49.0249],[-97.2910649,49.0275561],[-97.2918579,49.0293671],[-97.2935441,49.0300667],[-97.2962789,49.0301072],[-97.2975099,49.0291133],[-97.2962078,49.0271824],[-97.2975982,49.0265282],[-97.3005674,49.0297206],[-97.3024438,49.0298607],[-97.3030483,49.0271707],[-97.3023352,49.0229995],[-97.3015152,49.0219754],[-97.3007717,49.0187033],[-97.2997578,49.0183511],[-97.3000091,49.0159933],[-97.2980199,49.0141647],[-97.2990988,49.0126063],[-97.298636,49.0111376],[-97.3028387,49.0132236],[-97.3065979,49.0132789],[-97.3082418,49.0152147],[-97.3130416,49.0148352],[-97.3150807,49.0152023],[-97.3239663,49.0153318],[-97.3276075,49.0138103],[-97.3263121,49.0116549],[-97.3252179,49.0086028],[-97.3220359,49.0066449],[-97.3222407,49.0056358],[-97.3263824,49.004459],[-97.3256425,49.0061351],[-97.3279892,49.0075185],[-97.3283926,49.0107855],[-97.3276527,49.0124615],[-97.3294871,49.0138375],[-97.3292786,49.014959],[-97.3326887,49.0152333],[-97.3322249,49.0137647],[-97.33279,49.0121985],[-97.3350038,49.0124554],[-97.3340895,49.0142414],[-97.3349101,49.0152653],[-97.3415632,49.0156985],[-97.3395825,49.0187062],[-97.3410869,49.0197399],[-97.3415399,49.0215457],[-97.3442482,49.0223717],[-97.3450505,49.02395759999999],[-97.3436683,49.0243875],[-97.3418182,49.0234613],[-97.3417061,49.0268333],[-97.3426345,49.0297703],[-97.3427084,49.0326951],[-97.3416117,49.0348159],[-97.3396714,49.0365873],[-97.3418154,49.0389796],[-97.3394107,49.0392823],[-97.3374678,49.0359933],[-97.3378434,49.0349866],[-97.3359892,49.0341727],[-97.3342648,49.0345977],[-97.3315409,49.0342209],[-97.3308308,49.0349978],[-97.3307556,49.0372458],[-97.3284263,49.0353004],[-97.3254021,49.0336822],[-97.32481,49.0360351],[-97.324811,49.0410954],[-97.3236369,49.0404036],[-97.323211,49.0378111],[-97.3208857,49.0357531],[-97.3196701,49.0362977],[-97.3220869,49.0407185],[-97.3218479,49.0427391],[-97.3203015,49.0429415],[-97.3207463,49.0449721],[-97.3184629,49.0467381],[-97.3157044,49.0473725],[-97.3188053,49.0518033],[-97.3203065,49.0529497],[-97.322074,49.056349],[-97.3243889,49.0587441],[-97.3274863,49.0582268],[-97.3244834,49.0559342],[-97.3257221,49.0547152],[-97.3290015,49.0538631],[-97.3302287,49.0529813],[-97.3292705,49.0509433],[-97.3268538,49.051583],[-97.3269946,49.0524846],[-97.3248859,49.0541408],[-97.323685,49.0542358],[-97.3244598,49.0515482],[-97.3212486,49.0503771],[-97.3218335,49.048249],[-97.323585,49.0470375],[-97.3257927,49.0475194],[-97.3272096,49.046078],[-97.3292991,49.0449838],[-97.3352909,49.0448455],[-97.336982,49.0454322],[-97.3397514,49.04446],[-97.343,49.0445067],[-97.3420452,49.0423564],[-97.3450928,49.0432998],[-97.3468212,49.0427623],[-97.3472489,49.040182],[-97.3500215,49.0390972],[-97.35429,49.0398329],[-97.3534704,49.0382469],[-97.35075,49.0377582],[-97.3513,49.0366416],[-97.3504936,49.0351682],[-97.3556072,49.035691],[-97.3574395,49.0371789],[-97.3593201,49.0372057],[-97.3594051,49.0346205],[-97.3624785,49.0347767],[-97.3623481,49.0335378],[-97.3637452,49.0326581],[-97.3632877,49.0309648],[-97.3655614,49.0294227],[-97.3672597,49.0297841],[-97.3697115,49.0280196],[-97.3694211,49.0264412],[-97.3700146,49.0239756],[-97.3680004,49.0228226],[-97.3654184,49.0233483],[-97.3637241,49.0228745],[-97.363772,49.0214133],[-97.3624748,49.0192584],[-97.3623593,49.0175699],[-97.3686399,49.0137231],[-97.3681934,49.0116927],[-97.3699094,49.0114921],[-97.368965,49.0090048],[-97.365818,49.0059241],[-97.3627906,49.00441929999999],[-97.3617102,49.0060907],[-97.3641883,49.0087122],[-97.3617188,49.0110387],[-97.3609357,49.0140637],[-97.3562955,49.0096121],[-97.3552592,49.0099347]],[[-97.3552592,49.0099347],[-97.3533501,49.0108071],[-97.3507834,49.0108829],[-97.3512069,49.0135877],[-97.3528711,49.0149609],[-97.351623,49.0165174],[-97.3520503,49.0191099],[-97.3501444,49.0198698],[-97.3479786,49.0181521],[-97.346021,49.0153127],[-97.3472358,49.0147679],[-97.3473775,49.005324],[-97.350267,49.0058152],[-97.3507462,49.0068341],[-97.3534057,49.0091211],[-97.3552592,49.0099347]]],[[[-97.3618883,49.0735637],[-97.3641234,49.0732581],[-97.3659006,49.0712592],[-97.3624902,49.0708735],[-97.3596375,49.0691462],[-97.3546543,49.06975],[-97.3564916,49.0711255],[-97.3590466,49.0714993],[-97.3618883,49.0735637]]],[[[-97.2526603,49.0743229],[-97.2560897,49.0741499],[-97.2564751,49.0729187],[-97.2549552,49.0723335],[-97.2546564,49.071092],[-97.2515615,49.071495],[-97.2511641,49.0730633],[-97.2526603,49.0743229]]],[[[-97.2990884,49.1038009],[-97.29615350000002,49.1030351],[-97.294806,49.09798379999999],[-97.2955358,49.0965364],[-97.2936049,49.0950891],[-97.2942226,49.0923433],[-97.2959117,49.0920622],[-97.2970195,49.0935404],[-97.2987463,49.09311609999999],[-97.298104,49.0918697],[-97.2995115,49.0907659],[-97.2981771,49.0897342],[-97.301163,49.0875292],[-97.3028781,49.087442],[-97.3027989,49.084742],[-97.3058752,49.0848996],[-97.3072059,49.0860437],[-97.3091722,49.0835986],[-97.312063,49.0841742],[-97.3142941,49.0840109],[-97.3146668,49.0831167],[-97.308653,49.0829701],[-97.3065711,49.0845725],[-97.3052404,49.08342849999999],[-97.3031826,49.0831733],[-97.3037204,49.0817861],[-97.30651170000002,49.0820372],[-97.3085885,49.0809511],[-97.3070629,49.0799434],[-97.3071613,49.078224],[-97.3092064,49.0774789],[-97.3095934,49.076092],[-97.3079465,49.0757132],[-97.3054756,49.0766359],[-97.3057016,49.074695],[-97.2992297,49.0744947],[-97.2984016,49.0788308],[-97.2989338,49.0814003],[-97.2955831,49.0817187],[-97.295147,49.0868619],[-97.2908917,49.08749],[-97.2878927,49.0850841],[-97.2891071,49.0841004],[-97.2872505,49.082938],[-97.286616,49.0855207],[-97.2888228,49.0879091],[-97.2890994,49.0898249],[-97.2902741,49.090517],[-97.2885477,49.0926495],[-97.2879911,49.0948745],[-97.2888583,49.0958333],[-97.2911363,49.0959064],[-97.2886921,49.0983399],[-97.2902801,49.1010302],[-97.2886516,49.1024249],[-97.2895672,49.1037259],[-97.2990884,49.1038009]]],[[[-97.209147,49.1181864],[-97.2073649,49.1153475],[-97.2049354,49.1162093],[-97.2069292,49.1179271],[-97.209147,49.1181864]]],[[[-97.301756,49.129729],[-97.3062089,49.1328451],[-97.3088492,49.1334092],[-97.3102347,49.1329797],[-97.3113159,49.1314213],[-97.3112401,49.1286089],[-97.312146,49.1271603],[-97.3119104,49.1240083],[-97.3105747,49.1229767],[-97.3126869,49.1213208],[-97.317299,49.1217255],[-97.3182809,49.1230892],[-97.3200047,49.122777],[-97.3180828,49.1188132],[-97.3183187,49.116905],[-97.3221009,49.1165103],[-97.3247761,49.1184608],[-97.3273181,49.1192848],[-97.3277135,49.1177162],[-97.3243912,49.1146319],[-97.3257912,49.1137526],[-97.3293603,49.1145915],[-97.3315937,49.1143989],[-97.3329974,49.1134071],[-97.3332138,49.1120609],[-97.335782,49.1120979],[-97.3372364,49.1147052],[-97.3420894,49.1181485],[-97.3451679,49.1183052],[-97.347714,49.1190163],[-97.3507963,49.1190604],[-97.3494711,49.1176921],[-97.3498584,49.1163482],[-97.3437354,49.1150236],[-97.34273050000002,49.1143344],[-97.3427867,49.1126485],[-97.3414657,49.1111677],[-97.3427128,49.1097238],[-97.345787,49.1099928],[-97.347369,49.1087785],[-97.3421329,49.1065668],[-97.3397024,49.1075439],[-97.3383404,49.1072994],[-97.3363896,49.1092954],[-97.3353661,49.1091682],[-97.3354451,49.1068079],[-97.3344518,49.1057815],[-97.3303357,49.105947],[-97.3298636,49.1047032],[-97.3274557,49.1050057],[-97.3268817,49.1067965],[-97.3244926,49.106537],[-97.3249115,49.1093543],[-97.322998,49.1102261],[-97.3222639,49.1116773],[-97.3184973,49.1116225],[-97.3184365,49.1134208],[-97.3175462,49.1144199],[-97.3153013,49.1149494],[-97.3068925,49.1153886],[-97.3053745,49.1146916],[-97.3036061,49.1112921],[-97.3043369,49.1099535],[-97.3060451,49.110091],[-97.3090472,49.1074362],[-97.3112994,49.106682],[-97.3108469,49.1048762],[-97.3146853,49.1027958],[-97.3161879,49.1039422],[-97.3175763,49.1034002],[-97.3178121,49.101492],[-97.3217453,49.1016617],[-97.3233503,49.09977339999999],[-97.3262715,49.0994784],[-97.32844,49.1011966],[-97.3306653,49.1012288],[-97.334021,49.1033014],[-97.3354055,49.1028716],[-97.3358832,49.0988303],[-97.3328173,49.0983362],[-97.3323867,49.0958561],[-97.3356724,49.0948915],[-97.3326218,49.09394789999999],[-97.3300093,49.0952595],[-97.3271753,49.0929694],[-97.325426,49.0940686],[-97.3277995,49.0947777],[-97.3277315,49.0968008],[-97.3230875,49.0974081],[-97.3163971,49.0977605],[-97.3143013,49.0989669],[-97.3142441,49.1006528],[-97.3131866,49.1015369],[-97.3106038,49.101949],[-97.3107101,49.1038622],[-97.3074385,49.1043765],[-97.3065099,49.1064994],[-97.2998527,49.1058393],[-97.2990884,49.1038009],[-97.2895672,49.1037259],[-97.290274,49.1054729],[-97.2927801,49.1073092],[-97.2925279,49.1096669],[-97.2950304,49.1116156],[-97.2944513,49.1135187],[-97.29236720000002,49.1131643],[-97.301756,49.129729]],[[-97.3065546,49.1303395],[-97.3066685,49.1320279],[-97.3047921,49.1317754],[-97.3039894,49.1301893],[-97.3065546,49.1303395]]],[[[-97.4043423,49.2654329],[-97.4071409,49.2638973],[-97.4093844,49.2635909],[-97.406982,49.2581603],[-97.4090607,49.2576268],[-97.4072369,49.25557759999999],[-97.404504,49.2550901],[-97.4047228,49.2536313],[-97.4013141,49.252797],[-97.3971815,49.2528005],[-97.397165,49.251501],[-97.3917237,49.2514101],[-97.3916856,49.2574292],[-97.3921994,49.2580961],[-97.3992472,49.2582783],[-97.4006319,49.2579601],[-97.4033541,49.2587849],[-97.403209,49.2632808],[-97.404393,49.2638594],[-97.4043423,49.2654329]]],[[[-97.2763732,49.397293],[-97.276569,49.3966212],[-97.2735483,49.3943273],[-97.2709537,49.3946258],[-97.2763732,49.397293]]],[[[-97.3037954,49.4514471],[-97.3100029,49.446478],[-97.3123518,49.4433639],[-97.3148496,49.4409265],[-97.3179211,49.4418708],[-97.3190931,49.4428999],[-97.3205214,49.4465188],[-97.3227584,49.4466637],[-97.3233599,49.4441987],[-97.3215061,49.4429349],[-97.3225671,49.4421632],[-97.3255048,49.4419809],[-97.3253975,49.4400678],[-97.3297216,49.43968059999999],[-97.3285801,49.4377525],[-97.3263894,49.4362591],[-97.3241605,49.4358894],[-97.3231571,49.4349753],[-97.3234482,49.4314938],[-97.322468,49.4299054],[-97.3197455,49.4288538],[-97.3097516,49.4287082],[-97.3101874,49.43107589999999],[-97.3127221,49.43257459999999],[-97.3127517,49.4367355],[-97.3090901,49.4379189],[-97.3067199,49.4366473],[-97.3062048,49.4315798],[-97.3050141,49.4311126],[-97.3013954,49.4310595],[-97.3031884,49.4290618],[-97.3059415,49.4292146],[-97.3056704,49.4270742],[-97.3022739,49.4273351],[-97.2924323,49.440935],[-97.2944148,49.443438],[-97.293514,49.4445492],[-97.2948617,49.4454686],[-97.2953164,49.4472744],[-97.29741210000002,49.4465182],[-97.2999277,49.4485792],[-97.3021608,49.4488369],[-97.3021065,49.4504103],[-97.3037954,49.4514471]],[[-97.304185,49.4451559],[-97.3012392,49.4455625],[-97.3006624,49.4422931],[-97.3027035,49.4431102],[-97.304185,49.4451559]],[[-97.3043478,49.4404357],[-97.3044214,49.4383003],[-97.3068458,49.4379985],[-97.3083466,49.4394822],[-97.3082151,49.4433034],[-97.3043478,49.4404357]]],[[[-97.3162749,49.4597254],[-97.3180722,49.4576152],[-97.3229035,49.4575729],[-97.3238921,49.4538766],[-97.3180383,49.4535667],[-97.311212,49.4514432],[-97.3110705,49.4505416],[-97.3128368,49.4493305],[-97.3161236,49.4490411],[-97.3177204,49.452775],[-97.3202415,49.44966319999999],[-97.3175372,49.4480497],[-97.3167446,49.4460141],[-97.3129834,49.4450598],[-97.3103592,49.4461459],[-97.3087151,49.4488205],[-97.3046263,49.4523588],[-97.3045953,49.4532579],[-97.3082079,49.45353569999999],[-97.3105634,49.4552568],[-97.3082913,49.4561231],[-97.3085897,49.4574768],[-97.3122103,49.45752969999999],[-97.3145585,49.4594755],[-97.3162749,49.4597254]]],[[[-97.3570775,49.47245619999999],[-97.3588059,49.4723683],[-97.3598858,49.4710343],[-97.3582213,49.4692116],[-97.3582964,49.4669638],[-97.3593461,49.4665289],[-97.3590575,49.4648382],[-97.3537157,49.4646498],[-97.3544356,49.4637605],[-97.3524945,49.4599098],[-97.3494287,49.4587417],[-97.3496653,49.4568335],[-97.3461792,49.4579081],[-97.3469392,49.460955],[-97.3463425,49.4633078],[-97.3500681,49.465385],[-97.3506495,49.4634817],[-97.3538467,49.4658886],[-97.3505778,49.4656171],[-97.3507012,49.4670806],[-97.3570775,49.47245619999999]]],[[[-97.2704375,49.4779395],[-97.2716449,49.47795749999999],[-97.270528,49.474972],[-97.2719795,49.4733523],[-97.2689957,49.469566],[-97.2668686,49.4752998],[-97.2673607,49.4771063],[-97.2704375,49.4779395]]],[[[-97.1565004,49.5010748],[-97.1589301,49.5005167],[-97.1591672,49.4993857],[-97.1568553,49.497447],[-97.1575027,49.4949963],[-97.156467,49.4932757],[-97.1587693,49.4920084],[-97.1587973,49.490555],[-97.1556094,49.4885248],[-97.155136,49.4868538],[-97.1570626,49.485514],[-97.1561211,49.4824839],[-97.1573052,49.4815262],[-97.1606028,49.4806175],[-97.1609204,49.4788679],[-97.1603326,49.4768532],[-97.1638704,49.4770927],[-97.165406,49.4766918],[-97.16649,49.4746604],[-97.1644706,49.4711968],[-97.1685799,49.4691788],[-97.1722769,49.46816109999999],[-97.1732467,49.4673323],[-97.1734499,49.4653518],[-97.1713721,49.4628921],[-97.1740205,49.4621954],[-97.1739947,49.4601506],[-97.1716529,49.4579585],[-97.1727061,49.4557461],[-97.1722747,49.4542964],[-97.1700605,49.4515793],[-97.1700115,49.4505754],[-97.173167,49.450322],[-97.1757404,49.4490121],[-97.1741355,49.4456759],[-97.1741856,49.4443273],[-97.1788612,49.4390374],[-97.1804351,49.437606],[-97.1829052,49.43293889999999],[-97.1851497,49.4308639],[-97.1853422,49.4270691],[-97.1863154,49.4240532],[-97.1854107,49.4206278],[-97.1859081,49.4164005],[-97.1837749,49.4137699],[-97.1853858,49.4124758],[-97.1812216,49.4097054],[-97.182417,49.4082603],[-97.1848778,49.4070467],[-97.1817909,49.4055763],[-97.1815534,49.4036481],[-97.1780518,49.4032338],[-97.1771896,49.401978],[-97.1750442,49.4013866],[-97.1721715,49.3994296],[-97.1739411,49.3951847],[-97.1762294,49.3938714],[-97.1802985,49.3940683],[-97.181593,49.3931601],[-97.182019,49.391039],[-97.1791393,49.3891334],[-97.180885,49.3884327],[-97.1825213,49.3847956],[-97.1855883,49.382999],[-97.1854451,49.3822096],[-97.1897168,49.3784534],[-97.1906763,49.3757717],[-97.193783,49.3738143],[-97.1920173,49.37208],[-97.1918722,49.3708541],[-97.1936519,49.3698563],[-97.194228,49.3682649],[-97.1961062,49.3664571],[-97.2020395,49.3646561],[-97.2030194,49.3631434],[-97.2023967,49.3613346],[-97.1985867,49.36195],[-97.1963745,49.3612408],[-97.195229,49.3596123],[-97.1964794,49.3581453],[-97.1957568,49.3545968],[-97.1983953,49.352461],[-97.1982845,49.3513753],[-97.194578,49.3491809],[-97.1942698,49.348197],[-97.1984623,49.3459026],[-97.1985794,49.3441124],[-97.1932933,49.3419643],[-97.1918977,49.33778189999999],[-97.1902315,49.336294],[-97.1901488,49.3338572],[-97.1940895,49.3329408],[-97.1951547,49.3339943],[-97.1987444,49.3325063],[-97.1988456,49.3283112],[-97.2030804,49.3283983],[-97.205025,49.3269668],[-97.2047628,49.3247137],[-97.2053358,49.3231484],[-97.2079841,49.3212779],[-97.2076303,49.3163937],[-97.2089242,49.315587],[-97.2084957,49.3119058],[-97.2054944,49.3093198],[-97.2058953,49.3077518],[-97.2083994,49.3050919],[-97.2108544,49.3037806],[-97.2132646,49.3037055],[-97.2165624,49.3028568],[-97.2169508,49.3016259],[-97.2154325,49.3008153],[-97.2129019,49.296787],[-97.2147073,49.2953929],[-97.2139295,49.2915616],[-97.2132647,49.2901902],[-97.2140513,49.2856112],[-97.2158064,49.2830177],[-97.2105668,49.2849275],[-97.2113183,49.2866958],[-97.2075394,49.2866277],[-97.2076042,49.2849743],[-97.2103045,49.2848828],[-97.2096597,49.2829632],[-97.2083837,49.281815],[-97.2086453,49.27967669999999],[-97.2062356,49.2767215],[-97.2062641,49.2739108],[-97.2035241,49.2736433],[-97.2015898,49.2748501],[-97.1993569,49.2748153],[-97.2043669,49.278829],[-97.2043016,49.2806272],[-97.2051034,49.2822139],[-97.2037087,49.2827544],[-97.2032834,49.2849968],[-97.2052471,49.2877261],[-97.2088028,49.2939659],[-97.2106807,49.2943323],[-97.2102565,49.2969289],[-97.210225,49.3025151],[-97.2064368,49.3049566],[-97.2054753,49.3062708],[-97.201306,49.3055863],[-97.2007268,49.303286],[-97.1995402,49.3028177],[-97.1952237,49.2985898],[-97.1945117,49.2992533],[-97.1961768,49.3007412],[-97.1966432,49.3020978],[-97.1984926,49.3032512],[-97.1982724,49.3048071],[-97.1971272,49.305488],[-97.1946097,49.3050429],[-97.1919495,49.3028486],[-97.1896183,49.3029699],[-97.1878631,49.3023611],[-97.1878709,49.3008011],[-97.1862695,49.2993558],[-97.1846206,49.2923515],[-97.1819831,49.2892739],[-97.1796315,49.287775],[-97.1790014,49.2851983],[-97.1813184,49.2839784],[-97.1817033,49.28286],[-97.1779529,49.2820137],[-97.175933,49.2808574],[-97.1726137,49.2776563],[-97.1728395,49.27619809999999],[-97.1699195,49.2761519],[-97.1718326,49.2801146],[-97.1686006,49.2792795],[-97.1675033,49.2810613],[-97.1650937,49.2788018],[-97.1607496,49.2779551],[-97.1590127,49.2741742],[-97.1569603,49.2756292],[-97.1546219,49.275513],[-97.1539476,49.2746569],[-97.1507969,49.2741557],[-97.1471774,49.2746725],[-97.1469484,49.2757283],[-97.1530406,49.2758822],[-97.1563783,49.2778403],[-97.1611239,49.2794713],[-97.1625921,49.280757],[-97.1633446,49.2841502],[-97.1677052,49.2848877],[-97.1695492,49.2861539],[-97.1689922,49.2872695],[-97.1699731,49.2886345],[-97.1713821,49.2923676],[-97.1709678,49.2942726],[-97.1729798,49.2956538],[-97.1744433,49.2979259],[-97.1791512,49.3008114],[-97.181054,49.3005041],[-97.1848714,49.3025699],[-97.1868512,49.3041663],[-97.1889506,49.3047289],[-97.1914058,49.3045194],[-97.1932336,49.3059118],[-97.1939621,49.3076701],[-97.1966542,49.3066415],[-97.1997119,49.3069258],[-97.2019514,49.3079123],[-97.2016725,49.3094134],[-97.2066538,49.3132214],[-97.2068279,49.3150754],[-97.2053517,49.3177432],[-97.2064416,49.3204876],[-97.2033576,49.3232686],[-97.2027856,49.3270444],[-97.196961,49.3275082],[-97.1952304,49.3290928],[-97.1966139,49.3313265],[-97.1936355,49.3312093],[-97.1924608,49.3303231],[-97.1901946,49.3328686],[-97.1864453,49.3330578],[-97.1861167,49.3340219],[-97.1900731,49.3380624],[-97.1911274,49.34001879999999],[-97.1907052,49.3410478],[-97.1925436,49.3436392],[-97.1954516,49.3442665],[-97.1959178,49.3454911],[-97.1943204,49.3468155],[-97.1926003,49.34678859999999],[-97.1913014,49.3493546],[-97.1924644,49.3504973],[-97.1956662,49.3515593],[-97.1946762,49.354612],[-97.1936792,49.355453],[-97.1949323,49.3579573],[-97.1930486,49.3580403],[-97.1871782,49.3572334],[-97.1883702,49.3588666],[-97.1913456,49.3586884],[-97.1929998,49.3612805],[-97.1968093,49.3628052],[-97.2004208,49.3631432],[-97.1992902,49.3643335],[-97.1975737,49.3645528],[-97.1939648,49.3659259],[-97.192307,49.3674685],[-97.191829,49.3692079],[-97.1884157,49.3695715],[-97.1878561,49.3716478],[-97.1912358,49.3731433],[-97.1883337,49.3760282],[-97.1869015,49.3791964],[-97.1843698,49.3810152],[-97.1825882,49.3833427],[-97.1798704,49.3839211],[-97.1794453,49.3814406],[-97.1769341,49.3794894],[-97.1786529,49.3842393],[-97.1783302,49.3879954],[-97.1761068,49.3887857],[-97.1760944,49.3906044],[-97.1792236,49.392099],[-97.172593,49.393678],[-97.1688127,49.3973599],[-97.1652808,49.3979671],[-97.1609253,49.3977079],[-97.1559278,49.3956024],[-97.1516893,49.3948172],[-97.1520848,49.3963938],[-97.1553397,49.3966271],[-97.1605407,49.3984826],[-97.1655355,49.3989419],[-97.1701959,49.3986113],[-97.1698906,49.4009524],[-97.1732077,49.4021866],[-97.1754184,49.4036144],[-97.17861,49.4045001],[-97.1816002,49.407046],[-97.1792906,49.4091261],[-97.1783596,49.4106459],[-97.1800521,49.4121075],[-97.182389,49.4122371],[-97.1824382,49.4149307],[-97.1840847,49.4166897],[-97.1836827,49.4206481],[-97.1846745,49.4235759],[-97.1836445,49.4265231],[-97.183182,49.4300569],[-97.1812596,49.4301908],[-97.1816674,49.4322864],[-97.1800651,49.4353633],[-97.1778119,49.4385355],[-97.1759036,49.4398566],[-97.17516,49.4413067],[-97.1726528,49.4434035],[-97.1716139,49.4460701],[-97.172582,49.4486457],[-97.1673115,49.44973249999999],[-97.1676872,49.4521567],[-97.1689413,49.4540707],[-97.1705782,49.4548559],[-97.1688807,49.4585055],[-97.1715499,49.4598561],[-97.1718334,49.4609368],[-97.1675759,49.4622411],[-97.1673598,49.4636938],[-97.1704885,49.4648829],[-97.1711051,49.4657157],[-97.1692838,49.4676706],[-97.1602901,49.4716145],[-97.1604514,49.4726197],[-97.163496,49.4739815],[-97.1632815,49.4749726],[-97.1567714,49.4752493],[-97.1564759,49.477466],[-97.158436,49.4786123],[-97.1577153,49.4801411],[-97.1550002,49.48072879999999],[-97.1527023,49.4822134],[-97.152423,49.4836438],[-97.1545634,49.4845856],[-97.152208,49.4861816],[-97.1531844,49.4894991],[-97.1552442,49.4904742],[-97.1558556,49.4916748],[-97.1537708,49.4929573],[-97.1531262,49.4945721],[-97.1550487,49.4950155],[-97.1547602,49.4967353],[-97.152879,49.4983195],[-97.1562975,49.4991692],[-97.1565004,49.5010748]],[[-97.2103501,49.290245],[-97.2084166,49.2903909],[-97.2081258,49.2889287],[-97.2104641,49.28891],[-97.2103501,49.290245]]],[[[-97.0882504,49.5201385],[-97.0920566,49.5199765],[-97.0904487,49.5169139],[-97.0876827,49.5169807],[-97.0862669,49.5178568],[-97.0865419,49.5196605],[-97.0882504,49.5201385]]],[[[-97.1953523,49.5361904],[-97.1964078,49.5370839],[-97.1996105,49.5345534],[-97.2014869,49.5349705],[-97.2026308,49.5341619],[-97.1998378,49.5318923],[-97.1978788,49.5323171],[-97.1979437,49.5347804],[-97.1967628,49.5351836],[-97.1931148,49.5287011],[-97.1919653,49.5296613],[-97.1937413,49.5306841],[-97.1938783,49.532592],[-97.1953006,49.5333731],[-97.1959241,49.5354404],[-97.1953523,49.5361904]]],[[[-97.1682318,49.0149881],[-97.1673651,49.0153117],[-97.1673833,49.0194727],[-97.1646368,49.0197664],[-97.1645748,49.0214522],[-97.1626868,49.02164709999999],[-97.1617112,49.0202821],[-97.1580895,49.0211239],[-97.1600904,49.0225053],[-97.1607076,49.0243144],[-97.1636004,49.0246978],[-97.1633675,49.0263809],[-97.1611582,49.0260084],[-97.1595994,49.0265458],[-97.1605792,49.0277984],[-97.1633054,49.0280667],[-97.1639353,49.0295386],[-97.1681916,49.03005609999999],[-97.1680991,49.027918],[-97.1695323,49.02614149999999],[-97.171962,49.025168],[-97.17287,49.02372049999999],[-97.1745039,49.0241962],[-97.1755964,49.0260224],[-97.175322,49.0278318],[-97.1778432,49.0280085],[-97.1774726,49.0300493],[-97.1778841,49.0319012],[-97.1804195,49.0318287],[-97.1810404,49.0335714],[-97.1778991,49.0333642],[-97.1783098,49.0352386],[-97.1819521,49.0357912],[-97.1833086,49.0380181],[-97.184099,49.0407536],[-97.1841568,49.0448054],[-97.1857738,49.0502321],[-97.1870692,49.0503874],[-97.1874201,49.0520358],[-97.1891711,49.0519058],[-97.1928518,49.0527106],[-97.1931975,49.054273],[-97.1910807,49.0543696],[-97.1905269,49.0554854],[-97.1924096,49.0570202],[-97.1911554,49.0594986],[-97.1944076,49.064253],[-97.1968223,49.0637732],[-97.1998993,49.0686598],[-97.1938042,49.0689186],[-97.1941015,49.0701602],[-97.192008,49.0712519],[-97.1922686,49.073505],[-97.1959994,49.074463],[-97.19683460000002,49.0797613],[-97.1944027,49.0807353],[-97.1943171,49.0830955],[-97.1963622,49.0833524],[-97.1972585,49.0869648],[-97.1971934,49.088763],[-97.1988843,49.0893517],[-97.1982733,49.092041],[-97.1994468,49.092734],[-97.2007427,49.0947783],[-97.200857,49.0963544],[-97.2042677,49.0967449],[-97.2038686,49.098313],[-97.201762,49.0997421],[-97.2033965,49.1019041],[-97.2028099,49.1039191],[-97.2056631,49.1055378],[-97.2087082,49.1065871],[-97.2070781,49.1090458],[-97.2073516,49.1109617],[-97.2105275,49.1131475],[-97.2125497,49.1140785],[-97.2121507,49.1156466],[-97.2089948,49.1128989],[-97.2070913,49.1134316],[-97.2087103,49.1160431],[-97.2107082,49.1176484],[-97.2132846,49.1174634],[-97.2134493,49.1224138],[-97.2088341,49.1221173],[-97.2109671,49.1247368],[-97.2136707,49.1257907],[-97.2128483,49.1296013],[-97.2127675,49.1318491],[-97.214607,49.1331145],[-97.2199125,49.13330889999999],[-97.2208597,49.1355725],[-97.216084,49.1349365],[-97.2172103,49.136978],[-97.21876,49.1367771],[-97.2192134,49.1384708],[-97.2186472,49.1399239],[-97.2199692,49.1412937],[-97.2178854,49.1420487],[-97.2195582,49.143199],[-97.2171276,49.1440611],[-97.2204934,49.1457998],[-97.2192418,49.1472424],[-97.2221141,49.1484111],[-97.2178067,49.1490194],[-97.2145475,49.1490815],[-97.2114798,49.1485842],[-97.2107459,49.1499222],[-97.2122595,49.1507328],[-97.2126765,49.15343809999999],[-97.2104369,49.1537407],[-97.2105394,49.155654],[-97.2084548,49.1564088],[-97.2092467,49.1582203],[-97.2124095,49.1608557],[-97.2135484,49.16256],[-97.2164819,49.1620432],[-97.2216323,49.1678408],[-97.2203724,49.1675272],[-97.2165885,49.164625],[-97.2154133,49.1631511],[-97.2134999,49.1639087],[-97.2133946,49.1653091],[-97.2152032,49.1689953],[-97.2118077,49.1680431],[-97.2101343,49.1668927],[-97.2093798,49.1687927],[-97.2124623,49.1736758],[-97.211091,49.1736545],[-97.2066009,49.1697616],[-97.2068007,49.1689775],[-97.2041072,49.1675863],[-97.2040299,49.1697216],[-97.2065603,49.1708854],[-97.2076384,49.1742757],[-97.2074182,49.1756216],[-97.2105124,49.1776221],[-97.2101114,49.1825189],[-97.2084169,49.1818062],[-97.2083576,49.1793047],[-97.2058981,49.1790704],[-97.2059317,49.1781394],[-97.2042782,49.1762995],[-97.2022227,49.1752379],[-97.2016798,49.1737095],[-97.1993859,49.1709771],[-97.1974019,49.1700145],[-97.1964553,49.1672541],[-97.19178490000002,49.1661514],[-97.1915592,49.1641376],[-97.1899528,49.1630828],[-97.1874606,49.1600265],[-97.1893446,49.1585845],[-97.18756220000002,49.1557453],[-97.1854719,49.1583565],[-97.1812524,49.1536302],[-97.177848,49.1486244],[-97.1761281,49.14864629999999],[-97.16982310000002,49.1453105],[-97.1675166,49.1450287],[-97.1668456,49.1429588],[-97.1624279,49.1431827],[-97.160375,49.1441306],[-97.1539605,49.1457933],[-97.151727,49.1455615],[-97.1490891,49.1441463],[-97.1470923,49.1455852],[-97.1454182,49.1443816],[-97.1436454,49.145824],[-97.140818,49.1454843],[-97.1390125,49.1457985],[-97.1356976,49.1484907],[-97.1340837,49.1476801],[-97.1311069,49.1473378],[-97.1300566,49.1454576],[-97.1276452,49.1439966],[-97.1250384,49.1437582],[-97.1221607,49.1427798],[-97.1196459,49.1440627],[-97.11523350000002,49.14413779999999],[-97.1121402,49.1508045],[-97.1097722,49.1521386],[-97.106039,49.1520284],[-97.1043413,49.1534224],[-97.1048679,49.15529429999999],[-97.102692,49.1555037],[-97.1025909,49.1581497],[-97.0938403,49.1582507],[-97.0939045,49.1624193],[-97.1002555,49.162524],[-97.1004334,49.1598303],[-97.1036479,49.1598341],[-97.1064591,49.1606157],[-97.1087303,49.1579072],[-97.11141990000002,49.1579512],[-97.1128355,49.1561112],[-97.1100993,49.155331],[-97.1144732,49.1543238],[-97.1165985,49.153476],[-97.1159837,49.151946],[-97.1165512,49.1507785],[-97.1158749,49.1489043],[-97.1186443,49.1488024],[-97.1194191,49.1480795],[-97.1248757,49.1480703],[-97.1261518,49.1499051],[-97.1285422,49.1499439],[-97.1302253,49.1509028],[-97.1324608,49.151086],[-97.1368358,49.150029],[-97.1395012,49.1507094],[-97.1424549,49.1496783],[-97.1425099,49.1482083],[-97.1467295,49.1472955],[-97.1499979,49.1478382],[-97.154498,49.14742],[-97.1627931,49.1474542],[-97.1635089,49.1462889],[-97.1656846,49.1480886],[-97.1684467,49.1481815],[-97.168287,49.1504834],[-97.1739627,49.1506223],[-97.1763649,49.1523764],[-97.1780464,49.1554428],[-97.1795991,49.15590859999999],[-97.1811441,49.1577809],[-97.1772836,49.16019389999999],[-97.1809589,49.1628383],[-97.1817622,49.1643128],[-97.1780973,49.1660542],[-97.1802759,49.167438],[-97.1812465,49.1690276],[-97.179512,49.1695625],[-97.1815193,49.1709435],[-97.1813026,49.172177],[-97.1838285,49.1734538],[-97.180861,49.1748689],[-97.181681,49.1758939],[-97.1855537,49.1778664],[-97.1855085,49.17910269999999],[-97.1841001,49.1800926],[-97.1863974,49.1829399],[-97.1863276,49.1848505],[-97.1882053,49.1851049],[-97.1884333,49.188257],[-97.1892701,49.1888324],[-97.1888246,49.1916367],[-97.1903678,49.1916609],[-97.1909888,49.1887469],[-97.194957,49.1881343],[-97.1970634,49.1915407],[-97.1989415,49.1917949],[-97.2002521,49.1935021],[-97.2031062,49.1952333],[-97.1996316,49.1964161],[-97.1990355,49.1986558],[-97.2013916,49.19992949999999],[-97.2018164,49.20241],[-97.2034949,49.2034481],[-97.2044393,49.2058023],[-97.2068317,49.2060863],[-97.2074812,49.2071085],[-97.2106053,49.2061449],[-97.2112467,49.2073918],[-97.2105085,49.2097415],[-97.2110952,49.217961],[-97.2118786,49.2192029],[-97.2108986,49.2203451],[-97.2106434,49.2243559],[-97.2123834,49.2251062],[-97.2137914,49.2274067],[-97.2152952,49.2285873],[-97.2161181,49.2306087],[-97.2131167,49.2341081],[-97.2127477,49.2362131],[-97.2140476,49.2380881],[-97.2125731,49.2396963],[-97.213985,49.246594],[-97.2131207,49.2488833],[-97.2156608,49.2517648],[-97.2166252,49.25346649999999],[-97.2161927,49.2559336],[-97.2177055,49.2568566],[-97.2171176,49.2588716],[-97.2182993,49.2594521],[-97.2192608,49.2613785],[-97.2192082,49.2628395],[-97.2201738,49.26465359999999],[-97.219794,49.2656597],[-97.221483,49.2664729],[-97.2147773,49.2665943],[-97.2186381,49.2691278],[-97.2188665,49.2675571],[-97.221087,49.2679286],[-97.2225882,49.2691887],[-97.2228671,49.2709921],[-97.2238694,49.2717947],[-97.2244232,49.275514],[-97.2218669,49.2749124],[-97.2208849,49.2735479],[-97.2186358,49.273963],[-97.218545,49.2717127],[-97.2155887,49.2726791],[-97.2136507,49.2739985],[-97.2135086,49.277932],[-97.2159053,49.2781939],[-97.2178816,49.2805858],[-97.2169619,49.28225829999999],[-97.2198944,49.2819662],[-97.2208847,49.283106],[-97.2236576,49.282474],[-97.2230068,49.2814519],[-97.2232957,49.2781954],[-97.2259893,49.2749758],[-97.2283618,49.2759118],[-97.2287926,49.2782798],[-97.22852410000002,49.2809744],[-97.2309251,49.2811237],[-97.2313641,49.2832669],[-97.2330891,49.2879036],[-97.2356222,49.2891793],[-97.2353741,49.291312],[-97.2373238,49.2944903],[-97.239002,49.2956403],[-97.2380667,49.2977626],[-97.2403765,49.3004965],[-97.2399847,49.3018399],[-97.2420031,49.3031076],[-97.2428144,49.3044693],[-97.244681,49.3051723],[-97.2471793,49.3074592],[-97.2489066,49.3120957],[-97.2519491,49.3136036],[-97.2519172,49.3145027],[-97.2537724,49.3155428],[-97.2573442,49.3215564],[-97.2577886,49.3235871],[-97.2594802,49.3243997],[-97.258397,49.3258452],[-97.2588653,49.3272016],[-97.2624525,49.3279303],[-97.2662434,49.3277624],[-97.2676387,49.3272211],[-97.2721134,49.3271756],[-97.2773346,49.3254544],[-97.2777491,49.3234366],[-97.2745216,49.322264],[-97.2722825,49.322343],[-97.2694882,49.3235381],[-97.2667885,49.3220358],[-97.2639763,49.3188451],[-97.2622967,49.3176953],[-97.2610243,49.3147526],[-97.2595048,49.3139426],[-97.2607596,49.3124997],[-97.2596316,49.3103462],[-97.257237,49.3099727],[-97.2557376,49.3086008],[-97.2555963,49.3028638],[-97.2540376,49.3031776],[-97.2548362,49.3000412],[-97.2521501,49.2982014],[-97.2545957,49.2971139],[-97.2527412,49.2960739],[-97.2546711,49.2949786],[-97.259443,49.296175],[-97.2604424,49.2970897],[-97.2615227,49.3005918],[-97.2619434,49.3032968],[-97.2634547,49.3043316],[-97.2635831,49.3055704],[-97.2657109,49.3086385],[-97.2672145,49.3098979],[-97.2674361,49.3133871],[-97.2696511,49.3139825],[-97.2718426,49.3152522],[-97.2768201,49.3155515],[-97.2814148,49.3169693],[-97.282458,49.3166474],[-97.2827433,49.3133907],[-97.2814384,49.3113473],[-97.2799227,49.3104252],[-97.2767744,49.3070049],[-97.2754189,49.3064224],[-97.2748413,49.3032653],[-97.2720689,49.2989508],[-97.2724519,49.2978321],[-97.2702235,49.2942166],[-97.2694244,49.2914411],[-97.2703804,49.2882431],[-97.2691177,49.2855745],[-97.2699235,49.2844979],[-97.274075,49.2902545],[-97.2762936,49.2927162],[-97.2776808,49.2933231],[-97.2787165,49.2893189],[-97.2775478,49.28611919999999],[-97.2776499,49.2831897],[-97.2816103,49.2834162],[-97.2838901,49.2878047],[-97.2844369,49.2904926],[-97.2869324,49.292372],[-97.2890146,49.2913979],[-97.2883334,49.2851909],[-97.2903205,49.2832994],[-97.2883382,49.2809766],[-97.294183,49.2809506],[-97.2958506,49.2824371],[-97.2964293,49.2855941],[-97.299265,49.2881097],[-97.2988634,49.2897905],[-97.3001181,49.2932948],[-97.3013248,49.2932001],[-97.304837,49.2960629],[-97.3068298,49.29811619999999],[-97.3087202,49.2981439],[-97.3083111,49.3000495],[-97.3101285,49.3022125],[-97.3112432,49.3048151],[-97.3137715,49.3063138],[-97.3116705,49.3074076],[-97.3130072,49.3085516],[-97.3147254,49.3136368],[-97.3159288,49.3136543],[-97.315684,49.3157872],[-97.317021,49.3169312],[-97.3140429,49.3181682],[-97.3139701,49.3203026],[-97.3148404,49.3229532],[-97.3175933,49.32393539999999],[-97.3199892,49.3257452],[-97.3204866,49.330049],[-97.3199623,49.331592],[-97.3215749,49.3347639],[-97.3238911,49.3374962],[-97.3212424,49.33948179999999],[-97.3224722,49.3420012],[-97.3269074,49.34496129999999],[-97.3292292,49.3484317],[-97.3322679,49.3497209],[-97.3318513,49.3514422],[-97.330331,49.3542238],[-97.3299059,49.3565478],[-97.3348529,49.35926089999999],[-97.3371246,49.3597267],[-97.3418428,49.3594047],[-97.3458519,49.3574917],[-97.3546406,49.3510154],[-97.35496340000002,49.3425289],[-97.3558797,49.3412696],[-97.3582129,49.3404199],[-97.3865856,49.3404559],[-97.3886782,49.3408746],[-97.3902027,49.3428694],[-97.39025,49.3548147],[-97.3900445,49.35624],[-97.3886909,49.3575195],[-97.3866516,49.3578806],[-97.3816044,49.357836],[-97.374558,49.359347],[-97.369338,49.3597149],[-97.3676145,49.3589375],[-97.3633187,49.3590066],[-97.3609268,49.3580119],[-97.3604136,49.3567063],[-97.3569309,49.3562414],[-97.3542665,49.352698],[-97.3513158,49.3536939],[-97.3466903,49.3572006],[-97.3426711,49.3594166],[-97.3388042,49.360054],[-97.3335665,49.3590691],[-97.3287704,49.356008],[-97.3273253,49.3580111],[-97.3277539,49.3606035],[-97.3313141,49.36222919999999],[-97.3348898,49.3634052],[-97.3311962,49.3657133],[-97.3279724,49.3660196],[-97.32743630000002,49.3671926],[-97.3237134,49.36825],[-97.3205486,49.3706118],[-97.3194364,49.3741148],[-97.3147342,49.3778665],[-97.3148851,49.3796746],[-97.3105262,49.383732],[-97.308797,49.3845171],[-97.3063954,49.3842272],[-97.2995834,49.3843124],[-97.2960713,49.385372],[-97.2943196,49.3878235],[-97.2938194,49.3930485],[-97.2924561,49.3986081],[-97.2923436,49.400829],[-97.2876131,49.4010583],[-97.284529,49.4005628],[-97.2858323,49.397771],[-97.2887245,49.3988258],[-97.2916519,49.3988691],[-97.2917533,49.3959471],[-97.2895304,49.3954644],[-97.2890685,49.3938834],[-97.2870844,49.3914926],[-97.2883443,49.3899371],[-97.2852452,49.3898911],[-97.283731,49.3888566],[-97.2821423,49.3899575],[-97.2792075,49.3901387],[-97.2778852,49.3885448],[-97.2759913,49.3885166],[-97.2762845,49.3899827],[-97.2740227,49.3906236],[-97.272665,49.3900411],[-97.2678245,49.3905309],[-97.2723943,49.3928482],[-97.2751334,49.3933389],[-97.2759629,49.3942508],[-97.2790701,49.3940723],[-97.2807527,49.3952218],[-97.2793045,49.3972242],[-97.2799461,49.39858309999999],[-97.2819969,49.3990634],[-97.2803725,49.4011757],[-97.277621,49.4010223],[-97.2769873,49.3994386],[-97.2728307,49.4000512],[-97.2737891,49.402202],[-97.2759885,49.4033593],[-97.2769628,49.4050605],[-97.2791899,49.405431],[-97.2784342,49.4073313],[-97.2783438,49.4099162],[-97.2795908,49.4116799],[-97.27781,49.4136633],[-97.2781487,49.4173708],[-97.273657,49.4180443],[-97.2735131,49.4190648],[-97.2707382,49.4190703],[-97.2698082,49.4174178],[-97.2705266,49.4165935],[-97.269108,49.4147352],[-97.2694656,49.413869],[-97.2661089,49.4116487],[-97.2668119,49.4094892],[-97.2658837,49.40798119999999],[-97.2639838,49.4069744],[-97.2613581,49.4064546],[-97.26352930000002,49.4044062],[-97.2617859,49.4028325],[-97.262084,49.4021077],[-97.2596547,49.400666],[-97.2557427,49.3995398],[-97.2534465,49.4005012],[-97.2549739,49.4043129],[-97.2574399,49.4054885],[-97.2625001,49.4073078],[-97.2628028,49.4087709],[-97.2645414,49.4104868],[-97.2631625,49.4117112],[-97.2665245,49.4130067],[-97.2645535,49.4140088],[-97.2675881,49.4168647],[-97.2661533,49.41812379999999],[-97.2677383,49.418752],[-97.2695015,49.4224722],[-97.2618735,49.4282582],[-97.2594451,49.43170089999999],[-97.2593797,49.4346311],[-97.2617571,49.4376714],[-97.2613736,49.4398518],[-97.2617467,49.4461223],[-97.2573592,49.4477205],[-97.2553834,49.4499396],[-97.2527697,49.4506873],[-97.2503208,49.4531198],[-97.2505151,49.4567782],[-97.2522754,49.4579802],[-97.2551997,49.4589059],[-97.2586243,49.4589458],[-97.2551368,49.4617426],[-97.2521777,49.462485],[-97.2498921,49.4636873],[-97.2467885,49.4636403],[-97.244571,49.462932],[-97.2439376,49.4613481],[-97.2406181,49.4576995],[-97.2403491,49.460394],[-97.2416801,49.4617636],[-97.2448918,49.4636115],[-97.2427343,49.4660525],[-97.243512,49.4684257],[-97.2460853,49.470252],[-97.2484132,49.4707222],[-97.2509794,49.4719122],[-97.2524795,49.4733966],[-97.2520586,49.47552669999999],[-97.249989,49.4754954],[-97.2501094,49.476959],[-97.2480437,49.4768153],[-97.2486695,49.4786239],[-97.247073,49.4798366],[-97.2433946,49.481355],[-97.2392789,49.4856246],[-97.2338918,49.4856942],[-97.2370636,49.4874797],[-97.2321218,49.4888378],[-97.2308197,49.4904875],[-97.2295981,49.4906206],[-97.2268738,49.4936483],[-97.2270047,49.4957585],[-97.2282852,49.4983284],[-97.2265556,49.4984143],[-97.2236851,49.5014063],[-97.2216819,49.5018831],[-97.2184642,49.5056283],[-97.2186209,49.5077377],[-97.2205196,49.51036529999999],[-97.2234978,49.5125192],[-97.2249369,49.515695],[-97.2219,49.5180095],[-97.2194931,49.5186639],[-97.2142513,49.5234124],[-97.2131663,49.524745],[-97.2136766,49.52970029999999],[-97.2117692,49.5298958],[-97.2036636,49.5349706],[-97.2000315,49.5390465],[-97.1982591,49.5402558],[-97.1988356,49.5436485],[-97.1970463,49.5443795],[-97.194315,49.5441298],[-97.1935993,49.5447933],[-97.1918402,49.5484976],[-97.1901889,49.5489946],[-97.1895888,49.5505031],[-97.1877241,49.550457],[-97.1837597,49.5518115],[-97.1819815,49.5515306],[-97.1781936,49.5547841],[-97.1765301,49.5576814],[-97.1749548,49.5592285],[-97.1755946,49.5601493],[-97.1735042,49.56128],[-97.17293,49.56277189999999],[-97.1747958,49.5634928],[-97.1811136,49.5672183],[-97.1833335,49.5653221],[-97.1839776,49.5627097],[-97.183196,49.5614157],[-97.1832299,49.5591058],[-97.184698,49.5564979],[-97.187173,49.5555416],[-97.1896448,49.5538938],[-97.190069,49.5529392],[-97.1951564,49.5499492],[-97.196266,49.5500846],[-97.2044057,49.5469855],[-97.2051171,49.5464343],[-97.2058227,49.5432342],[-97.2087781,49.5417959],[-97.2072104,49.540726],[-97.2047484,49.5421382],[-97.2036014,49.5409061],[-97.2034665,49.5389308],[-97.2092681,49.5347708],[-97.2134984,49.533885],[-97.215827,49.5323197],[-97.2184063,49.5293228],[-97.2176086,49.5270337],[-97.2197584,49.52705],[-97.2215761,49.5233676],[-97.2263559,49.5230364],[-97.2289747,49.5207996],[-97.2308276,49.513997],[-97.2342392,49.5151735],[-97.2359591,49.5146376],[-97.234517,49.5122543],[-97.2361148,49.5110418],[-97.2374834,49.5113999],[-97.2397876,49.5097484],[-97.2416941,49.5095525],[-97.2450577,49.5072419],[-97.2447729,49.5055513],[-97.2460452,49.5037715],[-97.2445122,49.503186],[-97.2428987,49.5048482],[-97.2436811,49.5071089],[-97.2416102,49.5070775],[-97.2384271,49.5091655],[-97.235144,49.5092278],[-97.2331525,49.5105421],[-97.2288661,49.5108981],[-97.2282007,49.5070933],[-97.2291675,49.5068551],[-97.2305022,49.5038721],[-97.2339357,49.5024588],[-97.2347437,49.5015941],[-97.235057,49.4984472],[-97.2363524,49.4950244],[-97.2360581,49.49240589999999],[-97.2395657,49.4898958],[-97.2446979,49.4883463],[-97.2470609,49.4850088],[-97.248108,49.4846873],[-97.2487056,49.4824475],[-97.2533549,49.48274269999999],[-97.2571578,49.4825752],[-97.2612047,49.4803872],[-97.262916,49.4790432],[-97.2634685,49.4747052],[-97.26303140000002,49.4726561],[-97.2660803,49.4742706],[-97.2677033,49.4698806],[-97.2650238,49.4699873],[-97.2615134,49.4695329],[-97.2611903,49.4669422],[-97.2627416,49.4654023],[-97.2668177,49.4631551],[-97.2682645,49.4612653],[-97.2679791,49.4595743],[-97.2642932,49.4564831],[-97.2633501,49.4538827],[-97.2640103,49.4498446],[-97.2655974,49.4488564],[-97.2692489,49.4480116],[-97.270378,49.4453298],[-97.26894550000002,49.441935],[-97.268989,49.4406988],[-97.2664038,49.4406601],[-97.2659717,49.4398123],[-97.2673245,49.4340491],[-97.2684519,49.4314703],[-97.271926,49.4272787],[-97.2740086,49.42608579999999],[-97.2794116,49.4251871],[-97.2832245,49.4231448],[-97.2862865,49.4243147],[-97.290073,49.4244832],[-97.2914201,49.4254027],[-97.2908564,49.4267437],[-97.2884325,49.4270452],[-97.2863883,49.4263402],[-97.2873165,49.42939],[-97.290336,49.431796],[-97.2899445,49.4331395],[-97.2920871,49.4359823],[-97.2905009,49.4369709],[-97.2921933,49.4378896],[-97.3034012,49.4243422],[-97.3009546,49.4238565],[-97.2979428,49.421226],[-97.2939609,49.4217295],[-97.290711,49.4210069],[-97.289223,49.4191857],[-97.2938744,49.4192545],[-97.2953898,49.4202888],[-97.3000258,49.4208069],[-97.302128,49.4198258],[-97.3018572,49.4176853],[-97.2975065,49.4139107],[-97.2975726,49.4120001],[-97.3013934,49.4110104],[-97.3034914,49.4108792],[-97.3053204,49.4092853],[-97.3047905,49.4081894],[-97.3022176,49.4076886],[-97.3014624,49.4100391],[-97.2991943,49.4099594],[-97.2980259,49.4088583],[-97.3001743,49.4065286],[-97.3007569,49.4046256],[-97.3074621,49.4050613],[-97.3093952,49.4039651],[-97.314531,49.4049397],[-97.3183381,49.4051203],[-97.3209931,49.4019977],[-97.3201727,49.4011987],[-97.3175933,49.4010487],[-97.3147725,49.4029192],[-97.3124517,49.4025066],[-97.3117959,49.3992775],[-97.3121712,49.3983835],[-97.30770160000002,49.3980932],[-97.3022919,49.3950903],[-97.3027022,49.3931848],[-97.3048303,49.3914169],[-97.3119088,49.3909583],[-97.3150311,49.3903292],[-97.3176938,49.3930666],[-97.3174832,49.394188],[-97.3191245,49.3965732],[-97.3188871,49.3984813],[-97.3226855,49.3998469],[-97.3251214,49.39751289999999],[-97.3363609,49.389071],[-97.3370525,49.3893303],[-97.3240959,49.3995764],[-97.3193348,49.4056025],[-97.3173258,49.4085949],[-97.3164519,49.411377],[-97.317366,49.4127397],[-97.3206043,49.4137988],[-97.3233643,49.4137264],[-97.3271984,49.4171903],[-97.3272754,49.4202783],[-97.3278962,49.4234335],[-97.329576,49.4248825],[-97.3282177,49.4279647],[-97.3286751,49.4298828],[-97.3267108,49.4318784],[-97.3290737,49.4333743],[-97.3306901,49.4365461],[-97.336746,49.4410187],[-97.3375166,49.4437285],[-97.3352683,49.443921],[-97.3349817,49.4472902],[-97.3355684,49.4503346],[-97.3374039,49.4521601],[-97.337305,49.4550822],[-97.3365697,49.456421],[-97.338773,49.4575771],[-97.3415127,49.4581786],[-97.3451334,49.4582305],[-97.3471457,49.4548177],[-97.3506292,49.4538113],[-97.3526047,49.4514781],[-97.3543248,49.4516151],[-97.3554865,49.4529809],[-97.3596203,49.4531521],[-97.3615916,49.4509312],[-97.3654066,49.4503105],[-97.367126,49.44858379999999],[-97.3575604,49.4492108],[-97.3576267,49.4466598],[-97.3623451,49.4471352],[-97.3619019,49.4458125],[-97.3621923,49.4433654],[-97.3675547,49.4433051],[-97.3659315,49.4418749],[-97.3675755,49.4405817],[-97.3672924,49.4386258],[-97.3618564,49.4388213],[-97.3551891,49.4383635],[-97.3566489,49.4363415],[-97.3541609,49.4358068],[-97.3518498,49.4362278],[-97.3520643,49.43813739999999],[-97.3510232,49.4401199],[-97.3484849,49.4410823],[-97.3456657,49.4400434],[-97.346226,49.4378725],[-97.345797,49.4361414],[-97.3445813,49.4350345],[-97.3458007,49.4339625],[-97.3455313,49.4295555],[-97.3436623,49.4292564],[-97.3428627,49.4323317],[-97.3408269,49.4328472],[-97.3380733,49.4319452],[-97.3364063,49.4297877],[-97.3341365,49.4296676],[-97.3330838,49.4287783],[-97.3581542,49.4287822],[-97.35981,49.4313023],[-97.3680355,49.4309194],[-97.3688323,49.4488611],[-97.3702932,49.4485804],[-97.3715557,49.4469115],[-97.3750738,49.4448246],[-97.3756429,49.4432584],[-97.3808213,49.4431061],[-97.3813532,49.4426638],[-97.3879399,49.4416314],[-97.3881786,49.43961069999999],[-97.3901039,49.438738],[-97.3921501,49.4394411],[-97.3943907,49.4394723],[-97.3965946,49.4406273],[-97.3965506,49.441976],[-97.39179020000002,49.4451707],[-97.3922412,49.447201],[-97.390972,49.4490949],[-97.3935174,49.4503671],[-97.3967818,49.4507498],[-97.3982894,49.45212],[-97.402825,49.451733],[-97.4029327,49.4287141],[-97.4206523,49.4286133],[-97.4206556,49.4277283],[-97.42446,49.4274196],[-97.4328018,49.427451],[-97.4341153,49.4280261],[-97.4423317,49.4280551],[-97.4445341,49.4291338],[-97.4453138,49.4307014],[-97.4453577,49.4626966],[-97.4446735,49.4668342],[-97.4433238,49.4705367],[-97.4404542,49.4729894],[-97.4405121,49.480358],[-97.4448246,49.4804161],[-97.4450557,49.4840173],[-97.446041,49.4856048],[-97.4489951,49.4849698],[-97.4502937,49.4875734],[-97.4554766,49.4874178],[-97.4582299,49.4876794],[-97.4581668,49.48419289999999],[-97.4597195,49.4842136],[-97.4592757,49.487356],[-97.4679056,49.4873582],[-97.4709792,49.487802],[-97.4722278,49.4902385],[-97.4703567,49.49326509999999],[-97.4715027,49.4943324],[-97.4700722,49.4953703],[-97.4716962,49.4986526],[-97.4711452,49.5031429],[-97.4711652,49.5059871],[-97.4759443,49.5062497],[-97.4757451,49.5072515],[-97.4767977,49.5096029],[-97.4756104,49.5108343],[-97.4773034,49.5130513],[-97.4815693,49.5138307],[-97.4837168,49.5162282],[-97.487823,49.5172296],[-97.487865,49.5183525],[-97.4893517,49.5195737],[-97.4912508,49.5195985],[-97.4975142,49.5181058],[-97.4973105,49.5191152],[-97.4924489,49.5199514],[-97.4910435,49.5207202],[-97.4951457,49.5221229],[-97.4984915,49.52003],[-97.4996759,49.5208325],[-97.5046827,49.5208973],[-97.5050074,49.5215762],[-97.5087203,49.5218265],[-97.5095288,49.5257332],[-97.5112164,49.529228],[-97.5086894,49.5311553],[-97.50976,49.5319922],[-97.5129879,49.5317987],[-97.5157338,49.5323962],[-97.5146196,49.5357864],[-97.5173729,49.5367546],[-97.5189956,49.5388607],[-97.5180203,49.5404397],[-97.515983,49.5412822],[-97.5184498,49.5429695],[-97.5158198,49.5434846],[-97.5155104,49.5453465],[-97.516861,49.5469155],[-97.5215098,49.5470874],[-97.523273,49.5508238],[-97.5255628,49.5532109],[-97.5276938,49.5524715],[-97.5305178,49.5539343],[-97.5314585,49.5535072],[-97.5324846,49.5502276],[-97.5352621,49.5504274],[-97.5368968,49.5493505],[-97.5400484,49.5511464],[-97.539163,49.553588],[-97.5404704,49.554317],[-97.5454001,49.5555491],[-97.547111,49.5547475],[-97.550268,49.5563341],[-97.5572917,49.5584967],[-97.5570433,49.5610288],[-97.5559719,49.5631997],[-97.5534694,49.56508909999999],[-97.5510236,49.5650585],[-97.5480945,49.5642535],[-97.54614,49.5647229],[-97.5452445,49.5664677],[-97.547679,49.5668824],[-97.5488872,49.5688182],[-97.5478409,49.5699575],[-97.5434499,49.570067],[-97.5414674,49.5714688],[-97.5477305,49.5708342],[-97.5502431,49.5714693],[-97.5544411,49.5693268],[-97.553669,49.5669025],[-97.5547719,49.5666968],[-97.55684,49.5680945],[-97.5595084,49.5691705],[-97.5630816,49.5681722],[-97.5652408,49.5693514],[-97.5714404,49.5737634],[-97.5733278,49.5755976],[-97.5755004,49.5763378],[-97.5757189,49.5774727],[-97.5732478,49.5783405],[-97.5757484,49.5794139],[-97.5780644,49.5810338],[-97.5796021,49.5833026],[-97.5805318,49.5832592],[-97.5787012,49.5794502],[-97.5764616,49.5781057],[-97.576422,49.5765686],[-97.5789368,49.5771483],[-97.5790785,49.5780829],[-97.5814232,49.5787153],[-97.5818116,49.5798725],[-97.5861511,49.5815719],[-97.5816253,49.5775654],[-97.5819898,49.576637],[-97.579989,49.5757893],[-97.5740766,49.5747694],[-97.5666972,49.5686012],[-97.5615847,49.5638497],[-97.5594962,49.5625954],[-97.5594584,49.5594017],[-97.5587208,49.5568894],[-97.5556714,49.5562266],[-97.5525606,49.5547886],[-97.5498985,49.5546178],[-97.5496671,49.54744379999999],[-97.5492887,49.5427166],[-97.5446321,49.5416556],[-97.5386667,49.5396594],[-97.5380563,49.5369531],[-97.538177,49.5329068],[-97.5354341,49.5321975],[-97.5276529,49.532436],[-97.5265725,49.5281495],[-97.527991,49.5269307],[-97.5306004,49.5205548],[-97.5306543,49.5187564],[-97.5293069,49.5176149],[-97.5273978,49.5179279],[-97.5265173,49.51274439999999],[-97.5239483,49.512037],[-97.52171880000002,49.51288369999999],[-97.5172195,49.5118385],[-97.5184686,49.5105052],[-97.5190509,49.50837629999999],[-97.5171455,49.5085768],[-97.5154534,49.5074307],[-97.51566,49.5063089],[-97.5139561,49.504827],[-97.5114474,49.5041911],[-97.5114474,49.5028815],[-97.5086963,49.5025088],[-97.5048494,49.5006077],[-97.5042758,49.4995756],[-97.5091005,49.5001108],[-97.5103557,49.4986294],[-97.5096682,49.4973593],[-97.5054486,49.496832],[-97.5041491,49.4957905],[-97.5040374,49.4910963],[-97.5013021,49.4907808],[-97.4969116,49.4889583],[-97.4939747,49.4871384],[-97.5001858,49.4872191],[-97.5014171,49.4858549],[-97.5004314,49.485069],[-97.4993121,49.481923],[-97.4976283,49.4805519],[-97.4955582,49.480525],[-97.4934433,49.4819592],[-97.4915768,49.4809229],[-97.4893445,49.4805564],[-97.4877747,49.4810981],[-97.4826169,49.4804683],[-97.4823448,49.4781035],[-97.4858329,49.4769123],[-97.4873888,49.4768203],[-97.4862853,49.4734326],[-97.482684,49.4727107],[-97.494585,49.4728663],[-97.4956061,49.4733293],[-97.4958925,49.47524449999999],[-97.4973761,49.4775127],[-97.4989423,49.4770832],[-97.4989801,49.4758469],[-97.5021055,49.4752127],[-97.50092560000002,49.4742979],[-97.49681,49.4734574],[-97.4982174,49.4725762],[-97.4993072,49.4707912],[-97.4986757,49.4688715],[-97.494571,49.4676937],[-97.4946227,49.4660078],[-97.4961954,49.4653536],[-97.4975097,49.4675071],[-97.5005994,49.4655989],[-97.5020134,49.4673767],[-97.5025807,49.4709461],[-97.5039845,49.4701772],[-97.5042207,49.4624217],[-97.503934,49.4605065],[-97.5027714,49.4590297],[-97.5035057,49.4575775],[-97.5040914,49.4553362],[-97.5065052,49.4553674],[-97.508547,49.4562933],[-97.5091991,49.4575386],[-97.512296,49.4578033],[-97.5080877,49.4543759],[-97.504484,49.4532564],[-97.5044766,49.4515806],[-97.5067904,49.4516605],[-97.5093117,49.45382939999999],[-97.510201,49.4529414],[-97.5126283,49.4525228],[-97.5080484,49.4499901],[-97.5137818,49.4486022],[-97.5168781,49.4488668],[-97.5181323,49.4473087],[-97.5226584,49.4459049],[-97.5252442,49.4459379],[-97.5222156,49.4434255],[-97.5194474,49.4437274],[-97.5166283,49.4457152],[-97.513201,49.4449966],[-97.5116189,49.44598819999999],[-97.5081916,49.4452694],[-97.5079579,49.4472903],[-97.5034004,49.4497052],[-97.5028079,49.4521712],[-97.5017392,49.4532818],[-97.4996806,49.4529178],[-97.4986049,49.4542531],[-97.4990501,49.45662019999999],[-97.498133,49.4584074],[-97.4967432,49.4587266],[-97.4965227,49.460298],[-97.4901046,49.4614512],[-97.48976,49.4558246],[-97.4897361,49.4509892],[-97.4823159,49.451117],[-97.4824189,49.4533672],[-97.4815465,49.4536931],[-97.4815338,49.4485205],[-97.482854,49.4504494],[-97.4888845,49.4506408],[-97.4906154,49.4504385],[-97.491212,49.4478601],[-97.4900639,49.4459336],[-97.4907983,49.4444815],[-97.4941665,49.4414894],[-97.4930012,49.4401249],[-97.4924944,49.4341589],[-97.4918395,49.4330259],[-97.4892579,49.4328797],[-97.488017,49.433988],[-97.4881444,49.4354514],[-97.4864175,49.4355412],[-97.4850168,49.434071],[-97.4828398,49.434145],[-97.4826664,49.4397649],[-97.4813187,49.4387352],[-97.4823841,49.4377372],[-97.4825055,49.4338033],[-97.4805138,49.4313034],[-97.4809279,49.42906],[-97.4824996,49.428406],[-97.4816727,49.4272707],[-97.481608,49.4237841],[-97.4821503,49.4221046],[-97.4784072,49.4213807],[-97.4805198,49.4199467],[-97.479566,49.417348],[-97.47836,49.4173322],[-97.4766963,49.4153987],[-97.4732613,49.4150161],[-97.4706527,49.4157687],[-97.4694992,49.4140668],[-97.4555489,49.4137688],[-97.4561644,49.4106286],[-97.458917,49.4107778],[-97.460397,49.4130464],[-97.4746917,49.4133483],[-97.4747161,49.4125615],[-97.4708203,49.4103736],[-97.467871,49.4110092],[-97.4644258,49.4109635],[-97.4629035,49.4100438],[-97.4620949,49.4083463],[-97.458137,49.4058134],[-97.4582083,49.39991],[-97.4433377,49.3997107],[-97.4404013,49.4012656],[-97.4361675,49.4003922],[-97.4370232,49.3947417],[-97.4354722,49.3866871],[-97.4369368,49.3840053],[-97.4582837,49.38372909999999],[-97.4587734,49.3625375],[-97.4565336,49.3603711],[-97.4557189,49.3588985],[-97.4529763,49.3585245],[-97.4514523,49.3577169],[-97.4505011,49.355118],[-97.4512811,49.3522049],[-97.4533598,49.3517829],[-97.4537174,49.3568477],[-97.4547463,49.3569739],[-97.4565793,49.35891],[-97.459171,49.3586072],[-97.458869,49.3572539],[-97.4575135,49.3565611],[-97.4556876,49.3544003],[-97.4559054,49.3529414],[-97.4592799,49.3551229],[-97.4589147,49.3502829],[-97.4595257,49.3447813],[-97.4584513,49.3430803],[-97.4585321,49.3404951],[-97.456991,49.3402497],[-97.4550566,49.3415732],[-97.4541472,49.3431352],[-97.4527746,49.3430044],[-97.4513349,49.3450091],[-97.4497655,49.3456628],[-97.4476246,49.342598],[-97.447369,49.3397835],[-97.4477625,49.3382145],[-97.4409108,49.3372227],[-97.4416962,49.3395947],[-97.4438508,49.3422099],[-97.443622,49.344006],[-97.4425757,49.3444417],[-97.4433826,49.3461392],[-97.4409813,49.3458819],[-97.4412173,49.3438611],[-97.4383035,49.3434844],[-97.4384151,49.3453975],[-97.4363222,49.3462688],[-97.4362607,49.3427821],[-97.4349273,49.3414148],[-97.4354683,49.340635],[-97.4340878,49.3353314],[-97.4322173,49.3346313],[-97.4321061,49.3327183],[-97.4306047,49.3312361],[-97.4284766,49.3278258],[-97.4255969,49.3260981],[-97.4229329,49.3253409],[-97.4168806,49.3253078],[-97.4171857,49.3271156],[-97.4142792,49.3271707],[-97.4142179,49.3245594],[-97.4333948,49.3246397],[-97.4363216,49.3245669],[-97.4364106,49.321757],[-97.4369869,49.3198532],[-97.4365138,49.3184974],[-97.4364487,49.3151232],[-97.4344008,49.3147387],[-97.4341308,49.3122807],[-97.4362009,49.3120838],[-97.4350781,49.3101777],[-97.4419379,49.3101373],[-97.445741,49.3095139],[-97.448309,49.3098857],[-97.4581111,49.3099045],[-97.4588268,49.3090145],[-97.4584514,49.3045117],[-97.4564309,49.3031353],[-97.4563117,49.3014471],[-97.4546246,49.3004125],[-97.4507103,49.2991232],[-97.4517767,49.298013],[-97.4480133,49.2974003],[-97.4473894,49.2953679],[-97.4487749,49.2950492],[-97.4566907,49.2948179],[-97.4620077,49.2952261],[-97.4618813,49.2937626],[-97.4566522,49.2905444],[-97.4568451,49.2898723],[-97.4534471,49.28859],[-97.4497611,49.2910144],[-97.4455344,49.2942185],[-97.4461829,49.2954641],[-97.4433695,49.2974503],[-97.4456695,49.3008546],[-97.4401696,49.3007805],[-97.4406391,49.3022486],[-97.4445923,49.3023019],[-97.4455351,49.3051257],[-97.4468855,49.305931],[-97.4469973,49.3078441],[-97.4446085,49.3072497],[-97.4446403,49.3062381],[-97.4424553,49.3046345],[-97.4410802,49.3046159],[-97.4375453,49.3022068],[-97.4354863,49.3020665],[-97.4378167,49.299062],[-97.4402725,49.297521],[-97.4404904,49.2960621],[-97.4372358,49.2956808],[-97.4356749,49.2961095],[-97.4322413,49.2959505],[-97.431303,49.2930141],[-97.4313707,49.2908786],[-97.4304147,49.2885042],[-97.4301495,49.2860268],[-97.4280948,49.285774],[-97.4262442,49.2845119],[-97.4278263,49.283409],[-97.4317387,49.2846991],[-97.4316745,49.2867222],[-97.4338904,49.2873145],[-97.4369798,49.2874688],[-97.4381648,49.288047],[-97.4375676,49.2906252],[-97.438409,49.2911988],[-97.4364726,49.2926344],[-97.4363861,49.28993459999999],[-97.434081,49.2921523],[-97.4365733,49.2948847],[-97.4388038,49.2950273],[-97.4439771,49.2945349],[-97.448211,49.291106],[-97.4469387,49.287828],[-97.4505365,49.2882136],[-97.4527949,49.2874568],[-97.4511541,49.284961],[-97.4481178,49.2831211],[-97.446288,49.2811849],[-97.4438968,49.280703],[-97.4432698,49.2787829],[-97.439887,49.2770506],[-97.439099,49.2747911],[-97.4368339,49.2757724],[-97.4367344,49.2789196],[-97.4348766,49.2778824],[-97.4349763,49.2747353],[-97.4324066,49.2744755],[-97.4287671,49.2754381],[-97.4285525,49.2767845],[-97.4305818,49.2778242],[-97.4300165,49.2793907],[-97.4320496,49.2803179],[-97.4355212,49.2792405],[-97.4363375,49.2806009],[-97.4330732,49.2805567],[-97.4292757,49.2810673],[-97.4232698,49.2807606],[-97.4236564,49.2794165],[-97.4199271,49.2777914],[-97.4185384,49.2782221],[-97.4194722,49.281271],[-97.4211184,49.2835424],[-97.4205599,49.2848841],[-97.4208389,49.2869119],[-97.4175959,49.2861929],[-97.4175248,49.2830434],[-97.4137414,49.283104],[-97.4131191,49.2810714],[-97.4140069,49.280184],[-97.4136069,49.2765803],[-97.4104477,49.2732759],[-97.4103265,49.2717],[-97.4086812,49.2694284],[-97.4059402,49.2691657],[-97.4044887,49.2662221],[-97.402216,49.2674276],[-97.3977249,49.2681525],[-97.3993988,49.2695251],[-97.4008684,49.2719068],[-97.4016546,49.2741666],[-97.4036687,49.2756562],[-97.4062455,49.2756918],[-97.4074081,49.2769448],[-97.4052923,49.2786023],[-97.4044805,49.2771293],[-97.4020646,49.2774332],[-97.3994987,49.2770603],[-97.3997359,49.2750396],[-97.3978572,49.2746762],[-97.3950173,49.272163],[-97.3921995,49.2689753],[-97.3919035,49.2675094],[-97.3903613,49.2673754],[-97.3906282,49.2644555],[-97.3870472,49.2636185],[-97.3854032,49.2613466],[-97.3838943,49.260201],[-97.3799703,49.2593589],[-97.3794736,49.2587897],[-97.3804352,49.2556547],[-97.3775308,49.2551641],[-97.3765559,49.2534637],[-97.3741446,49.2536547],[-97.3706055,49.2515808],[-97.3739157,49.2501656],[-97.3756253,49.2504146],[-97.3765316,49.2489655],[-97.3787599,49.2491093],[-97.3816272,49.2507237],[-97.3877899,49.2513721],[-97.3896493,49.2522977],[-97.3894191,49.2540936],[-97.3910554,49.2545662],[-97.3910042,49.2507423],[-97.3899197,49.2492654],[-97.3882028,49.24924139999999],[-97.3877463,49.2474359],[-97.3855621,49.2459436],[-97.3869758,49.2447264],[-97.3869704,49.2434894],[-97.3894377,49.2429616],[-97.3908841,49.2407328],[-97.3908038,49.2379205],[-97.3955627,49.2394486],[-97.39670970000002,49.2411512],[-97.3998142,49.2407445],[-97.401269,49.2389244],[-97.4029331,49.2398881],[-97.4028538,49.2409243],[-97.4056145,49.2419491],[-97.4081425,49.2434458],[-97.4105206,49.2442657],[-97.4128268,49.2473335],[-97.4107179,49.24881949999999],[-97.4248233,49.2481724],[-97.4243619,49.2464794],[-97.4276061,49.2470858],[-97.4253026,49.243906],[-97.4237861,49.2429857],[-97.4214795,49.2399181],[-97.4188902,49.2403325],[-97.4170559,49.2386207],[-97.4151856,49.2380328],[-97.4149215,49.2355553],[-97.4180362,49.2348109],[-97.4138316,49.2320545],[-97.4133743,49.23024909999999],[-97.4117193,49.2283147],[-97.412617,49.2270902],[-97.4148012,49.228582],[-97.4182947,49.2267183],[-97.4176764,49.2245733],[-97.4166612,49.2241096],[-97.4167222,49.2221988],[-97.4191856,49.220321],[-97.42116980000002,49.2173121],[-97.4184101,49.2177241],[-97.4188465,49.2148064],[-97.4172916,49.2151225],[-97.4166835,49.2180378],[-97.4135986,49.217883],[-97.4125367,49.21888039999999],[-97.4106492,49.2188545],[-97.4112325,49.216726],[-97.4122655,49.2166277],[-97.4121732,49.2141526],[-97.4108331,49.2131222],[-97.4110551,49.211551],[-97.4083462,49.21038919999999],[-97.4067588,49.2117167],[-97.4082307,49.2139859],[-97.407176,49.2147585],[-97.4051895,49.2124821],[-97.4050866,49.2103442],[-97.4031959,49.2104305],[-97.4023707,49.2094071],[-97.3989578,49.2087976],[-97.3981799,49.2063129],[-97.4000742,49.2061143],[-97.3997746,49.2047608],[-97.3975265,49.2052919],[-97.3958293,49.2047061],[-97.3936827,49.2015908],[-97.3961426,49.2003249],[-97.3999052,49.2007145],[-97.4018753,49.1981555],[-97.4001783,49.1975697],[-97.3988679,49.19564],[-97.3964486,49.1961686],[-97.3956493,49.1943584],[-97.397054,49.1933658],[-97.4015129,49.1934277],[-97.4037785,49.1923345],[-97.4078944,49.1923913],[-97.4067409,49.1909136],[-97.4037156,49.1889602],[-97.4017677,49.1908449],[-97.3993523,49.1912612],[-97.3971302,49.1910055],[-97.3944451,49.1944541],[-97.3921755,49.1956594],[-97.390143,49.194844],[-97.3880339,49.1963888],[-97.3886286,49.1992083],[-97.3863294,49.2013127],[-97.3866176,49.2030034],[-97.3859332,49.2050095],[-97.3872889,49.2064961],[-97.386211,49.2077734],[-97.3837938,49.2050015],[-97.3836995,49.2042043],[-97.3813703,49.2031549],[-97.3773933,49.2034221],[-97.3736939,49.2046213],[-97.3729598,49.2060728],[-97.3735685,49.2084428],[-97.371652,49.2093153],[-97.3719102,49.2119053],[-97.3696614,49.2124358],[-97.37146,49.2151599],[-97.3728325,49.2151793],[-97.3742771,49.2182357],[-97.3742365,49.2194721],[-97.3755355,49.22173929999999],[-97.3767315,49.2271536],[-97.378743,49.2286436],[-97.3754639,49.2291598],[-97.375536,49.2321969],[-97.3703612,49.2329111],[-97.3704663,49.2349367],[-97.3733435,49.2362141],[-97.373744,49.2397056],[-97.3713483,49.239447],[-97.3722304,49.2439573],[-97.3682635,49.2444636],[-97.3678682,49.2460322],[-97.3666331,49.2470268],[-97.3635392,49.2470955],[-97.3606653,49.2457053],[-97.3610644,49.2440243],[-97.3638632,49.2424897],[-97.3619408,49.2383019],[-97.3592279,49.2372514],[-97.3573808,49.2359882],[-97.3589628,49.2348862],[-97.3593992,49.2320812],[-97.3570859,49.2293496],[-97.3571343,49.2278885],[-97.3532283,49.2265959],[-97.351934,49.2242161],[-97.3495166,49.2246313],[-97.3476919,49.2278662],[-97.3463602,49.2266102],[-97.3435506,49.2284816],[-97.3424645,49.2301527],[-97.3439452,49.2320856],[-97.3425384,49.2330774],[-97.3392774,49.2330306],[-97.3376837,49.2344695],[-97.3353299,49.2329737],[-97.333078,49.2328831],[-97.3371759,49.2478379],[-97.3388274,49.2516027],[-97.3420966,49.2544763],[-97.3412575,49.2548799],[-97.3369568,49.2505782],[-97.3363808,49.248824],[-97.3322146,49.2328448],[-97.331429,49.2328099],[-97.3285924,49.221912],[-97.3248428,49.221584],[-97.3223955,49.2143477],[-97.321389,49.2136558],[-97.3223001,49.2120948],[-97.3218616,49.2098394],[-97.3182972,49.2036029],[-97.3159035,49.2033431],[-97.3150955,49.2018695],[-97.3161178,49.1990319],[-97.3163807,49.1968203],[-97.3139446,49.1966617],[-97.3136445,49.1944418],[-97.315338,49.1943435],[-97.3128524,49.1901225],[-97.3112332,49.1842711],[-97.3102503,49.1829074],[-97.3119878,49.1822581],[-97.3098279,49.1802024],[-97.3107501,49.1783043],[-97.3106437,49.1763911],[-97.3096305,49.1759265],[-97.3090711,49.1722075],[-97.3096505,49.1703043],[-97.3064895,49.1674468],[-97.3057323,49.164512],[-97.3066889,49.1616024],[-97.3050787,49.1585426],[-97.3022038,49.1573759],[-97.301291,49.153989],[-97.299745,49.1540786],[-97.2996872,49.1557645],[-97.2960964,49.1554867],[-97.291069,49.1570991],[-97.2906838,49.1583304],[-97.2884599,49.158185],[-97.2871393,49.1567035],[-97.2878945,49.1546906],[-97.2859003,49.1528619],[-97.286309,49.1509563],[-97.2892721,49.1495384],[-97.2901713,49.1483148],[-97.2868163,49.1461862],[-97.2883757,49.1457018],[-97.2904162,49.14618189999999],[-97.2915175,49.1440616],[-97.2917533,49.1372057],[-97.2964801,49.1366008],[-97.2986782,49.1351714],[-97.2989302,49.1328137],[-97.3042682,49.1328407],[-97.3018313,49.1310314],[-97.3000391,49.1289351],[-97.2904786,49.1124074],[-97.2898371,49.1121503],[-97.2844062,49.1047328],[-97.2842199,49.1022344],[-97.2830838,49.1004183],[-97.2805668,49.098919],[-97.2786684,49.0993405],[-97.2748174,49.0968091],[-97.2726002,49.096551],[-97.2711184,49.0948421],[-97.2716709,49.0937258],[-97.2688006,49.0925583],[-97.2678637,49.0899579],[-97.2654836,49.0894723],[-97.263911,49.0906069],[-97.2606281,49.0912365],[-97.2583145,49.0891644],[-97.2588647,49.0961723],[-97.2586235,49.0985192],[-97.2621177,49.1055192],[-97.260207,49.1081722],[-97.2574561,49.108468],[-97.2557679,49.1077678],[-97.2553134,49.1060742],[-97.2562284,49.1044012],[-97.2534817,49.10458459999999],[-97.2540875,49.1068428],[-97.2544631,49.1107842],[-97.25308950000002,49.1108759],[-97.2526944,49.1074964],[-97.2513683,49.1062394],[-97.2514315,49.1044411],[-97.25007,49.1041956],[-97.2511603,49.1024129],[-97.252506,49.103108],[-97.2555753,49.1034918],[-97.2571631,49.1021664],[-97.255479,49.1013538],[-97.2536947,49.0985155],[-97.2505981,49.0989184],[-97.2503111,49.0973397],[-97.2521055,49.0950055],[-97.2536734,49.0942421],[-97.2558825,49.0947253],[-97.2576176,49.0940768],[-97.2575055,49.0923883],[-97.2523793,49.0920859],[-97.2534337,49.0913147],[-97.2518171,49.0885914],[-97.2572931,49.0886742],[-97.2575004,49.0876432],[-97.2518275,49.0834188],[-97.2490661,49.08405169999999],[-97.2460535,49.0820942],[-97.2461129,49.0804084],[-97.242695,49.0802439],[-97.2409563,49.0810046],[-97.2373911,49.080163],[-97.2342795,49.0810151],[-97.2314388,49.0790599],[-97.230138,49.0771283],[-97.2284152,49.0774392],[-97.2287014,49.0790179],[-97.2308536,49.0810751],[-97.2350989,49.0868751],[-97.2351824,49.0893503],[-97.227985,49.0799065],[-97.2253477,49.0770547],[-97.2267524,49.0760642],[-97.2264462,49.0750475],[-97.2286982,49.0742949],[-97.2341765,49.0742664],[-97.2358235,49.0760908],[-97.2357678,49.0776643],[-97.2390382,49.077152],[-97.2398301,49.0789633],[-97.2420424,49.0793344],[-97.2430927,49.0786757],[-97.2406058,49.0763888],[-97.2382107,49.0763522],[-97.2374627,49.0733046],[-97.2391773,49.0732183],[-97.2403391,49.0742481],[-97.2453002,49.0743237],[-97.2471939,49.0740151],[-97.2500903,49.0743964],[-97.250818,49.0731705],[-97.2462545,49.0715269],[-97.241556,49.068869],[-97.2405813,49.0673923],[-97.2366511,49.0672198],[-97.2344832,49.0656124],[-97.2352271,49.063937],[-97.2349647,49.0616839],[-97.2327536,49.0564773],[-97.2323482,49.0534349],[-97.2307061,49.0514981],[-97.2314897,49.0486988],[-97.2347305,49.0489733],[-97.2359671,49.0478677],[-97.2360745,49.0448332],[-97.2394979,49.044773],[-97.2398914,49.0433171],[-97.2448258,49.044067],[-97.2464277,49.0422921],[-97.2458151,49.0402587],[-97.2473853,49.0393829],[-97.246653,49.0358858],[-97.2441245,49.0348353],[-97.2419538,49.0333404],[-97.2351125,49.0333483],[-97.2363448,49.0323551],[-97.2350848,49.0292997],[-97.235991,49.0278516],[-97.2377996,49.0299034],[-97.2390357,49.0287978],[-97.2373782,49.0273106],[-97.2369449,49.0250549],[-97.2403352,49.0258938],[-97.2409114,49.0241034],[-97.2384074,49.0223784],[-97.236758,49.0206664],[-97.235677,49.0173888],[-97.2336981,49.0153344],[-97.2349339,49.0142287],[-97.2334757,49.0119574],[-97.2348505,49.0117535],[-97.2349181,49.00984289999999],[-97.2330586,49.0092521],[-97.230059,49.0070695],[-97.2282476,49.00513],[-97.2265432,49.0049914],[-97.2230117,49.0033627],[-97.2261345,49.0020613],[-97.2343144,49.0021869],[-97.2354543,48.999507],[-97.206914,48.9994672],[-97.2098004,48.9999992],[-97.2157325,48.999919],[-97.2196947,49.0010262],[-97.2201764,49.0018421],[-97.216198,49.0058422],[-97.214902,49.0078082],[-97.2119187,49.0087176],[-97.209107,49.0111677],[-97.2074649,49.0113811],[-97.2056472,49.0133238],[-97.2039197,49.0133866],[-97.2025879,49.0151912],[-97.2008712,49.0153893],[-97.2007769,49.0132609],[-97.1980395,49.013321],[-97.1981483,49.0071837],[-97.19674940000002,49.0064412],[-97.1968103,49.0047553],[-97.2005993,49.0045891],[-97.2007306,49.0003184],[-97.2002489,48.9994569],[-97.1802537,48.9994237],[-97.1796754,49.0012251],[-97.1806511,49.0025899],[-97.1785726,49.0033443],[-97.1788445,49.0052603],[-97.1780915,49.0071601],[-97.1783552,49.0093008],[-97.1745884,49.0094662],[-97.1732751,49.00798349999999],[-97.1717231,49.0036857],[-97.169381,49.0022991],[-97.1694387,49.0007257],[-97.1682909,48.9994022],[-97.1653856,48.9993967],[-97.1632812,49.0008527],[-97.1615813,49.0006007],[-97.1618526,49.00251679999999],[-97.1636737,49.0041201],[-97.1612491,49.0049811],[-97.1617078,49.0064503],[-97.163879,49.0078343],[-97.1676416,49.0077817],[-97.1697265,49.0115258],[-97.166789,49.0123787],[-97.1682318,49.0149881]],[[-97.1716408,49.0152671],[-97.17168610000002,49.0140308],[-97.1735903,49.0133862],[-97.1763035,49.0139914],[-97.17642920000002,49.0152304],[-97.1743623,49.0156475],[-97.1716408,49.0152671]],[[-97.1797822,49.0123596],[-97.1819705,49.0132937],[-97.1851351,49.0155926],[-97.1870998,49.017985],[-97.1895854,49.0201606],[-97.1886821,49.0214959],[-97.1858179,49.0203264],[-97.1870549,49.0192213],[-97.1850697,49.0173908],[-97.181815,49.0175645],[-97.1830929,49.0153356],[-97.181905,49.0150919],[-97.1797822,49.0123596]],[[-97.2150549,49.0154694],[-97.2139959,49.0164929],[-97.2157991,49.0186574],[-97.2188549,49.0192669],[-97.2206665,49.0212065],[-97.2218547,49.0214497],[-97.2221244,49.023478],[-97.2250686,49.0272343],[-97.2276283,49.0273861],[-97.227879,49.0251409],[-97.2303115,49.0240537],[-97.2302039,49.0270883],[-97.2284389,49.0286355],[-97.2263959,49.0283792],[-97.2248257,49.0292547],[-97.2255604,49.0326396],[-97.2246257,49.0348742],[-97.2245337,49.0374592],[-97.2225104,49.0366409],[-97.2214406,49.0378614],[-97.2180217,49.0378086],[-97.2183194,49.0390502],[-97.2166884,49.0416114],[-97.2160911,49.0439636],[-97.2148501,49.0451814],[-97.2109097,49.0453453],[-97.2122331,49.0466028],[-97.2133333,49.0493187],[-97.2097587,49.0488134],[-97.208329,49.045755],[-97.2039849,49.0428762],[-97.2038625,49.0415249],[-97.2049368,49.0401922],[-97.1993192,49.0399595],[-97.2002962,49.0360716],[-97.198249,49.0359272],[-97.1981633,49.0335643],[-97.2021684,49.0363257],[-97.2043209,49.0335479],[-97.2056196,49.0354798],[-97.2083707,49.0350727],[-97.2080692,49.0339435],[-97.2088337,49.0317064],[-97.2109267,49.0353373],[-97.2141705,49.0355],[-97.2119103,49.0317541],[-97.2152886,49.0329309],[-97.2154153,49.0341699],[-97.2175892,49.0355529],[-97.220841,49.0354906],[-97.221211,49.0347092],[-97.2176575,49.0336423],[-97.2151458,49.0321415],[-97.2131591,49.0303116],[-97.211637,49.0298382],[-97.2106679,49.0282488],[-97.2122383,49.0273735],[-97.2144601,49.0274079],[-97.2124898,49.0251284],[-97.2101173,49.0245293],[-97.2108855,49.0221798],[-97.2139286,49.0177995],[-97.2137368,49.0164613],[-97.2150549,49.0154694]],[[-97.2313595,49.0379014],[-97.2327268,49.0427578],[-97.2309414,49.044867],[-97.2308816,49.0465529],[-97.2295098,49.0466443],[-97.2264722,49.0454731],[-97.227371,49.0442499],[-97.2292676,49.0438293],[-97.231073,49.0411581],[-97.2313595,49.0379014]],[[-97.224441,49.0592734],[-97.2278574,49.0594384],[-97.2276304,49.0610092],[-97.230283,49.0634114],[-97.2313885,49.0660148],[-97.2271444,49.06505],[-97.225426,49.0652485],[-97.2241218,49.0634292],[-97.2235178,49.0611709],[-97.224894,49.0609672],[-97.224441,49.0592734]],[[-97.2037853,49.0751876],[-97.20341940000002,49.077424],[-97.2014637,49.077506],[-97.2010049,49.0761497],[-97.2021583,49.0749553],[-97.2037853,49.0751876]],[[-97.1999613,49.0773701],[-97.2005493,49.0791121],[-97.199086,49.079787],[-97.198128,49.0778591],[-97.1999613,49.0773701]],[[-97.2080837,49.083631],[-97.2082148,49.0854772],[-97.2044437,49.0857626],[-97.2037644,49.0836484],[-97.2080837,49.083631]],[[-97.2179023,49.0878276],[-97.2191531,49.0898324],[-97.2166122,49.0911416],[-97.2179023,49.0878276]],[[-97.2519607,49.1239921],[-97.2545066,49.1239099],[-97.2542751,49.1254985],[-97.251904,49.1251277],[-97.2519607,49.1239921]],[[-97.2394722,49.1255716],[-97.2429579,49.1253562],[-97.2478125,49.128384],[-97.2496924,49.1317295],[-97.2514118,49.1406027],[-97.2484882,49.1458101],[-97.2480413,49.148005],[-97.2345562,49.1479612],[-97.2346718,49.125643],[-97.2364281,49.1247205],[-97.2394722,49.1255716]],[[-97.2555878,49.13041],[-97.2578108,49.1295159],[-97.2589072,49.1314911],[-97.2562088,49.1315661],[-97.2555878,49.13041]],[[-97.2249343,49.1366473],[-97.2234048,49.1362864],[-97.2229954,49.1333564],[-97.2267595,49.1335267],[-97.2263247,49.1361064],[-97.2249343,49.1366473]],[[-97.250341,49.1575614],[-97.2512511,49.1606031],[-97.2496778,49.1608358],[-97.2483059,49.1575827],[-97.250341,49.1575614]],[[-97.2108353,49.195016],[-97.2112889,49.1967097],[-97.2110201,49.1994044],[-97.2099952,49.199276],[-97.2101412,49.1952301],[-97.2108353,49.195016]],[[-97.3201672,49.2206928],[-97.3203163,49.2194056],[-97.3227945,49.2195015],[-97.3227922,49.2212328],[-97.3201672,49.2206928]],[[-97.323469,49.2253353],[-97.324852,49.2253553],[-97.3249821,49.2273118],[-97.3218185,49.2274214],[-97.323469,49.2253353]],[[-97.3292714,49.2365272],[-97.3288256,49.2405666],[-97.3250176,49.2405114],[-97.3271732,49.2382443],[-97.3271053,49.2365339],[-97.3292714,49.2365272]],[[-97.3313447,49.2420054],[-97.3334157,49.2419717],[-97.3339449,49.2437896],[-97.3316162,49.2439272],[-97.3313447,49.2420054]],[[-97.3473034,49.2614503],[-97.34803,49.263357],[-97.3478635,49.2660883],[-97.3472051,49.2666453],[-97.3463857,49.2708942],[-97.3465384,49.2719553],[-97.3378802,49.2720035],[-97.3374723,49.2695841],[-97.3393292,49.2680839],[-97.3404666,49.2655882],[-97.3390203,49.2627106],[-97.3373974,49.2561363],[-97.3403319,49.255021],[-97.3476748,49.2604705],[-97.3473034,49.2614503]],[[-97.3728963,49.2662341],[-97.3729586,49.2685916],[-97.3689469,49.2690231],[-97.3689765,49.2649434],[-97.3725087,49.2649093],[-97.3728963,49.2662341]],[[-97.2348154,49.2637065],[-97.2341578,49.2619547],[-97.2362207,49.2607363],[-97.2361702,49.2630305],[-97.2348154,49.2637065]],[[-97.2482408,49.280872],[-97.2480132,49.2819669],[-97.2458289,49.2819738],[-97.2456438,49.2808627],[-97.2482408,49.280872]],[[-97.4363753,49.3065764],[-97.439806,49.3068476],[-97.4399176,49.3087607],[-97.4371743,49.3084988],[-97.4363753,49.3065764]],[[-97.4098952,49.3183462],[-97.4128063,49.3181581],[-97.4113909,49.3199831],[-97.4095055,49.3196101],[-97.4098952,49.3183462]],[[-97.4495546,49.3468968],[-97.4524827,49.3468236],[-97.4512326,49.3482687],[-97.4495546,49.3468968]],[[-97.3336792,49.3559679],[-97.3341672,49.3547296],[-97.3424707,49.3538687],[-97.3435877,49.3556334],[-97.3397593,49.3573008],[-97.3351039,49.3570218],[-97.3336792,49.3559679]],[[-97.4109542,49.3834064],[-97.4139541,49.3829913],[-97.4140032,49.3842642],[-97.4109542,49.3834064]],[[-97.4268659,49.3944522],[-97.4271485,49.3980524],[-97.4256153,49.3986873],[-97.42365850000002,49.3973778],[-97.4238626,49.39583109999999],[-97.4268659,49.3944522]],[[-97.4135432,49.40168159999999],[-97.4161217,49.4027899],[-97.4154515,49.4051902],[-97.4136617,49.4051129],[-97.4135432,49.40168159999999]],[[-97.4175649,49.4114277],[-97.4178185,49.4149497],[-97.4160362,49.4150449],[-97.4160101,49.4169953],[-97.4111893,49.4168813],[-97.41115,49.4135537],[-97.4137706,49.4113517],[-97.4175649,49.4114277]],[[-97.3893328,49.4190817],[-97.3892387,49.4175622],[-97.3913179,49.4175485],[-97.3912783,49.41916],[-97.3893328,49.4190817]],[[-97.4028672,49.4138704],[-97.4028499,49.4155337],[-97.3998608,49.4155043],[-97.399604,49.4138133],[-97.4028672,49.4138704]],[[-97.4605186,49.4256965],[-97.4629231,49.4286555],[-97.4629684,49.4306782],[-97.4613988,49.4314914],[-97.4591675,49.4314774],[-97.4590521,49.4297685],[-97.4562617,49.4291175],[-97.4566288,49.4270295],[-97.4579353,49.4257565],[-97.4605186,49.4256965]],[[-97.389508,49.4304839],[-97.3892087,49.4286594],[-97.3880545,49.4270252],[-97.3891762,49.4251673],[-97.3912517,49.4250791],[-97.3912214,49.4304971],[-97.389508,49.4304839]],[[-97.3712737,49.4408826],[-97.373657,49.4405514],[-97.373706,49.4424157],[-97.3713728,49.4425312],[-97.3712737,49.4408826]],[[-97.4606583,49.432424],[-97.4614884,49.4329879],[-97.4616052,49.4354775],[-97.4591716,49.435998],[-97.4591925,49.4324045],[-97.4606583,49.432424]],[[-97.4573318,49.4362125],[-97.4590164,49.4361976],[-97.4589775,49.4378035],[-97.4566497,49.4375035],[-97.4573318,49.4362125]],[[-97.460648,49.4417023],[-97.4618276,49.4419763],[-97.4618159,49.445063],[-97.4592047,49.4450282],[-97.4592608,49.441733],[-97.460648,49.4417023]],[[-97.481735,49.455256],[-97.4817287,49.4575303],[-97.4792667,49.4582061],[-97.4789891,49.456028],[-97.481735,49.455256]],[[-97.4633745,49.4581187],[-97.4633856,49.4566348],[-97.4651634,49.4565031],[-97.4650584,49.45816989999999],[-97.4633745,49.4581187]],[[-97.4724808,49.4598328],[-97.4683647,49.4598533],[-97.468607,49.458232],[-97.4723762,49.4582652],[-97.4724808,49.4598328]],[[-97.4897183,49.4627955],[-97.4919635,49.4627123],[-97.4929567,49.4640746],[-97.4882972,49.4641262],[-97.4897183,49.4627955]],[[-97.486917,49.4697302],[-97.4901766,49.4703351],[-97.4901351,49.4716838],[-97.4868685,49.4713038],[-97.486917,49.4697302]],[[-97.4658981,49.479798],[-97.4688306,49.47983689999999],[-97.4696616,49.4808598],[-97.468426,49.481743],[-97.4658594,49.4810344],[-97.4658981,49.479798]],[[-97.5024524,49.5034401],[-97.5036091,49.5051417],[-97.5021597,49.5073717],[-97.5003023,49.5059984],[-97.5005618,49.5038654],[-97.5024524,49.5034401]],[[-97.4888674,49.5095507],[-97.489228,49.5087871],[-97.4932749,49.5087302],[-97.4946464,49.5079797],[-97.4979605,49.5098338],[-97.496087,49.510468],[-97.4907746,49.5105634],[-97.4888674,49.5095507]],[[-97.509245,49.5128604],[-97.5115627,49.5161511],[-97.5099647,49.5175922],[-97.5084383,49.516673],[-97.5101988,49.5155713],[-97.509245,49.5128604]],[[-97.5332332,49.5479561],[-97.5349401,49.54872],[-97.5350758,49.5499585],[-97.5323253,49.5494739],[-97.5332332,49.5479561]],[[-97.4532878,49.3046675],[-97.4543753,49.302883],[-97.4562169,49.3044818],[-97.4532878,49.3046675]],[[-97.4255247,49.2855141],[-97.4239962,49.284931],[-97.4235919,49.2814397],[-97.4247909,49.2815685],[-97.4248768,49.2842684],[-97.4255247,49.2855141]],[[-97.3817264,49.2476891],[-97.3845174,49.2463788],[-97.3858505,49.2476343],[-97.3864749,49.2495546],[-97.3839032,49.2494062],[-97.3817264,49.2476891]],[[-97.3861949,49.2370691],[-97.3845048,49.2371224],[-97.3859322,49.2345916],[-97.3870861,49.2360695],[-97.3861949,49.2370691]],[[-97.3862953,49.2206266],[-97.3876715,49.2180861],[-97.3895187,49.2193488],[-97.3884234,49.2213576],[-97.3862953,49.2206266]],[[-97.3845171,49.2200661],[-97.3810467,49.2195081],[-97.378684,49.220176],[-97.3760298,49.2171359],[-97.3784809,49.2161644],[-97.375564,49.2140932],[-97.3770717,49.2115282],[-97.3772911,49.2100694],[-97.3807735,49.208544],[-97.3817148,49.211256],[-97.3809661,49.21315709999999],[-97.382824,49.2140827],[-97.3829112,49.2166702],[-97.3844407,49.21714139999999],[-97.3836287,49.2184794],[-97.3845171,49.2200661]],[[-97.3949711,49.1994091],[-97.3932632,49.1991604],[-97.3921136,49.1975702],[-97.3952703,49.1974672],[-97.3949711,49.1994091]],[[-97.1833884,49.0025206],[-97.1817415,49.0008078],[-97.1832911,49.0004949],[-97.1833884,49.0025206]]],[[[-97.2051482,49.0390709],[-97.2077165,49.0389984],[-97.2049156,49.0360311],[-97.2025103,49.036331],[-97.2036097,49.039047],[-97.2051482,49.0390709]]],[[[-97.2288588,49.0649639],[-97.2279205,49.0624756],[-97.2256931,49.0625538],[-97.2259752,49.0642449],[-97.2288588,49.0649639]]],[[[-97.1437436,49.6017999],[-97.1445717,49.598215],[-97.1463091,49.598018],[-97.1458714,49.5958746],[-97.1476215,49.5953404],[-97.148554,49.5935562],[-97.147412,49.5917389],[-97.143976,49.5911216],[-97.1430647,49.5923438],[-97.145438,49.59361879999999],[-97.1453613,49.5956415],[-97.1434596,49.595611],[-97.1428812,49.5971759],[-97.143306,49.5996565],[-97.1425461,49.6014434],[-97.1437436,49.6017999]]],[[[-97.0882068,49.6062545],[-97.0899564,49.6057597],[-97.0898794,49.6026669],[-97.0863196,49.6014267],[-97.0869496,49.6030114],[-97.0850036,49.6041036],[-97.0864982,49.6057025],[-97.0882068,49.6062545]]],[[[-97.1263012,49.6686469],[-97.1296215,49.6679135],[-97.1290885,49.6661059],[-97.1272748,49.6658516],[-97.1254874,49.6672845],[-97.1263012,49.6686469]]],[[[-97.1519369,49.6870497],[-97.1513576,49.6886146],[-97.1555912,49.6866582],[-97.1567909,49.6870146],[-97.161003,49.6856198],[-97.1593176,49.6843562],[-97.1611302,49.6822486],[-97.1593651,49.67851],[-97.1576673,49.6775835],[-97.1514076,49.6781583],[-97.1487136,49.6760914],[-97.1484441,49.6740631],[-97.1461931,49.6740271],[-97.1460712,49.6726758],[-97.1424607,49.6719433],[-97.1410497,49.6725953],[-97.1390534,49.6704268],[-97.1369671,49.6706182],[-97.1358015,49.6691081],[-97.1366539,49.6677373],[-97.1348374,49.663987],[-97.1368999,49.6633084],[-97.1367468,49.658246],[-97.1346266,49.6593363],[-97.1341171,49.6636009],[-97.1313586,49.6649057],[-97.1318396,49.6670498],[-97.1336504,49.6667417],[-97.1340967,49.6686604],[-97.1322448,49.6688554],[-97.1330804,49.6725795],[-97.1354291,49.6782394],[-97.1375753,49.6773744],[-97.1423769,49.6786884],[-97.1455646,49.6814381],[-97.1456951,49.6825646],[-97.1478782,49.6843987],[-97.1496358,49.6837521],[-97.1504548,49.6850021],[-97.1490266,49.6861036],[-97.1519369,49.6870497]],[[-97.1446496,49.6781627],[-97.1429264,49.6779102],[-97.1428046,49.6765589],[-97.1442199,49.6757945],[-97.1480252,49.6759679],[-97.1483161,49.67743429999999],[-97.1446496,49.6781627]]],[[[-97.143647,49.721425],[-97.1419216,49.7196598],[-97.1404322,49.7204268],[-97.143647,49.721425]]],[[[-97.1293026,49.7078147],[-97.1288848,49.7090534],[-97.1300179,49.7117617],[-97.1279082,49.7125147],[-97.1278261,49.7146498],[-97.1303436,49.7168268],[-97.1302918,49.7181753],[-97.1275528,49.7189207],[-97.1289836,49.7206279],[-97.1260039,49.7214697],[-97.1250189,49.7187389],[-97.1191507,49.7150629],[-97.1205996,49.7111896],[-97.1225652,49.7099155],[-97.1244081,49.7067648],[-97.1215614,49.7073084],[-97.1188159,49.710276],[-97.1162042,49.7114552],[-97.1138598,49.7099215],[-97.1150506,49.7085296],[-97.1197932,49.7076799],[-97.133727,49.7031854],[-97.131532,49.6994176],[-97.1287859,49.6986986],[-97.1314277,49.6976169],[-97.1316656,49.6959341],[-97.1289499,49.6944285],[-97.1274686,49.6923806],[-97.1287804,49.6898157],[-97.1288359,49.6838572],[-97.1253588,49.6796406],[-97.1252897,49.6814385],[-97.1265844,49.6838208],[-97.1242464,49.6860317],[-97.1254286,49.686838],[-97.1249568,49.6900911],[-97.1228393,49.6910688],[-97.1253597,49.6931336],[-97.1271701,49.6956366],[-97.1248794,49.7011092],[-97.1214081,49.6992648],[-97.1188668,49.6989386],[-97.1181876,49.6980369],[-97.1141923,49.6990941],[-97.1134639,49.6980491],[-97.1112453,49.6971936],[-97.1115262,49.6956129],[-97.1147008,49.6953571],[-97.1182358,49.6935802],[-97.1193402,49.6919116],[-97.1206806,49.6882272],[-97.1204146,49.6820341],[-97.1216485,49.681492],[-97.1238644,49.6789809],[-97.1251223,49.6791081],[-97.1252455,49.6759039],[-97.1223323,49.6752867],[-97.1216945,49.6736505],[-97.122925,49.6729609],[-97.12546,49.6739414],[-97.1297654,49.6776983],[-97.1312033,49.6808699],[-97.1330322,49.6811243],[-97.1301544,49.6697212],[-97.1256567,49.6687782],[-97.124119,49.6673714],[-97.1252229,49.6664986],[-97.1268134,49.6609907],[-97.1258209,49.6583339],[-97.1235084,49.6561639],[-97.1243463,49.6558557],[-97.1281156,49.6555815],[-97.1251249,49.6554795],[-97.1247987,49.653758],[-97.120286,49.6540334],[-97.1186081,49.6525581],[-97.1162331,49.6525597],[-97.1157003,49.6508482],[-97.1190298,49.6485828],[-97.1201592,49.6466034],[-97.1210297,49.643589],[-97.1186396,49.6426368],[-97.1184035,49.6385837],[-97.1203507,49.6373416],[-97.1236681,49.6335119],[-97.1241264,49.6305959],[-97.1236463,49.6295761],[-97.1236373,49.6253031],[-97.1287749,49.6232957],[-97.1328228,49.6207935],[-97.136085,49.6166213],[-97.1374319,49.61377979999999],[-97.1404237,49.611754],[-97.1385859,49.6104876],[-97.1391815,49.6080234],[-97.1376499,49.6051404],[-97.1378759,49.6035891],[-97.1404087,49.599905],[-97.1403127,49.596483],[-97.1412668,49.5927896],[-97.140634,49.5915325],[-97.1414636,49.5903257],[-97.1437467,49.5888606],[-97.1436246,49.5877324],[-97.14562,49.5873219],[-97.1509178,49.5852078],[-97.1526047,49.5824873],[-97.155434,49.5808372],[-97.158528,49.5813363],[-97.1585238,49.5792821],[-97.1605559,49.5779952],[-97.1602441,49.5770907],[-97.1614219,49.5745952],[-97.163281,49.5739543],[-97.166201,49.5741615],[-97.1680542,49.5717049],[-97.1722181,49.571321],[-97.1735195,49.5697674],[-97.17521440000002,49.5697941],[-97.1808485,49.5672731],[-97.178421,49.5660282],[-97.1773669,49.5666552],[-97.1729734,49.5661702],[-97.1706846,49.5667374],[-97.1666395,49.5685103],[-97.1618951,49.5702317],[-97.1545013,49.5744045],[-97.1523059,49.5763185],[-97.1508047,49.578544],[-97.146676,49.5812248],[-97.1455501,49.5837275],[-97.1438675,49.5840491],[-97.1424632,49.5857294],[-97.1392781,49.5848871],[-97.1343972,49.5884957],[-97.1353924,49.5953901],[-97.1353133,49.5980034],[-97.1311004,49.6040629],[-97.1305482,49.6055556],[-97.1332734,49.6130679],[-97.1315275,49.613938],[-97.131253,49.6151805],[-97.1288353,49.6168845],[-97.1212804,49.6169364],[-97.1205617,49.6179169],[-97.123975,49.6187768],[-97.123177,49.6212845],[-97.1207566,49.6235782],[-97.117512,49.6252954],[-97.1149843,49.6287537],[-97.1156476,49.6324249],[-97.1146186,49.6334137],[-97.1089491,49.6336097],[-97.1077598,49.6330281],[-97.1073279,49.6307721],[-97.1077871,49.6278561],[-97.10969,49.6278872],[-97.1104385,49.6264377],[-97.11267,49.6269239],[-97.1105298,49.6240779],[-97.1111096,49.6225132],[-97.1133626,49.6224375],[-97.1131078,49.620072],[-97.1145479,49.6186337],[-97.1187811,49.6165662],[-97.120061,49.6147879],[-97.1206879,49.611987],[-97.1198708,49.6107369],[-97.1181807,49.6150646],[-97.1154474,49.6177488],[-97.1133589,49.6180521],[-97.1140659,49.6135461],[-97.1174895,49.6099132],[-97.117598,49.6085408],[-97.1193234,49.6085327],[-97.1213795,49.6075006],[-97.121414,49.6066016],[-97.1233765,49.6050592],[-97.1237957,49.6031545],[-97.1259101,49.6022025],[-97.1311113,49.598598],[-97.1314543,49.5969039],[-97.1310879,49.5933902],[-97.1332443,49.59082129999999],[-97.1334148,49.589269],[-97.1345942,49.587516],[-97.1400725,49.5838794],[-97.1413099,49.582055],[-97.1384129,49.5792601],[-97.1425273,49.57929],[-97.1437693,49.5788037],[-97.1438211,49.5767745],[-97.1449514,49.5748098],[-97.1450497,49.5722186],[-97.1438972,49.5701412],[-97.1441091,49.5691913],[-97.1422711,49.5666453],[-97.1421958,49.5655383],[-97.1442691,49.5642293],[-97.1452053,49.5623328],[-97.147304,49.5616918],[-97.1480928,49.5591182],[-97.1491676,49.5581234],[-97.1478493,49.5564156],[-97.1459492,49.5563852],[-97.1458318,49.5549216],[-97.1481496,49.5530471],[-97.1472323,49.549884],[-97.1507885,49.5472423],[-97.1508252,49.5462695],[-97.1535051,49.54495619999999],[-97.1520522,49.5431371],[-97.150712,49.5430236],[-97.147552,49.5395683],[-97.1495725,49.5377682],[-97.1482771,49.5353638],[-97.1456695,49.5350917],[-97.1447123,49.5342866],[-97.1444548,49.5319609],[-97.1458616,49.5313088],[-97.1447161,49.529574],[-97.1429968,49.5300066],[-97.143264,49.5258426],[-97.1413982,49.52461979999999],[-97.1411351,49.5231548],[-97.1471311,49.5183846],[-97.146262,49.5166866],[-97.1467822,49.5156735],[-97.1487816,49.5151091],[-97.149353,49.5140378],[-97.1485432,49.5126332],[-97.1515866,49.5121892],[-97.1523094,49.5095644],[-97.1553438,49.5079447],[-97.1564972,49.5057548],[-97.1580291,49.5046213],[-97.1605695,49.5040422],[-97.160826,49.50263229999999],[-97.1583753,49.5007742],[-97.155593,49.5012497],[-97.1560983,49.50360339999999],[-97.15372,49.50545059999999],[-97.1537853,49.5065337],[-97.1497917,49.5093019],[-97.1497999,49.5109597],[-97.1455625,49.5117438],[-97.1428398,49.5136111],[-97.1433648,49.5158175],[-97.1424246,49.5174616],[-97.1444012,49.5179],[-97.1434686,49.519389],[-97.1406921,49.52083109999999],[-97.1372007,49.5205657],[-97.1364594,49.5221622],[-97.1371528,49.5240849],[-97.1370802,49.5259953],[-97.1379096,49.5280211],[-97.1392889,49.5291151],[-97.1382363,49.5302565],[-97.1412151,49.531549],[-97.1402429,49.5336924],[-97.141379,49.5356222],[-97.1409569,49.5376394],[-97.143206,49.5375631],[-97.1441867,49.5390406],[-97.1423568,49.5403571],[-97.1426685,49.5414673],[-97.1453903,49.541534],[-97.1468619,49.5437667],[-97.148659,49.5454205],[-97.1478395,49.54753189999999],[-97.1465924,49.5485245],[-97.1441744,49.5484857],[-97.142072,49.549239],[-97.1418439,49.5506972],[-97.1440765,49.5510703],[-97.1448848,49.5525451],[-97.1430936,49.554203],[-97.1434924,49.5573578],[-97.1445824,49.5605237],[-97.1423238,49.5608248],[-97.1402123,49.5618029],[-97.1378853,49.5593533],[-97.1389147,49.5573855],[-97.1361901,49.5545788],[-97.1361473,49.5510554],[-97.1367709,49.5495459],[-97.1348565,49.5487092],[-97.1348445,49.5460713],[-97.1355954,49.5454642],[-97.1342758,49.5433668],[-97.1346986,49.542259],[-97.1318777,49.5401202],[-97.1329216,49.5382021],[-97.1317622,49.5361343],[-97.1292709,49.5359892],[-97.1307251,49.5341012],[-97.1297277,49.53307309999999],[-97.1295712,49.5295831],[-97.1311209,49.5279044],[-97.1299363,49.5265038],[-97.1279252,49.5273001],[-97.1264817,49.5252737],[-97.12256,49.526085],[-97.1202247,49.5240902],[-97.1204308,49.5198109],[-97.1176288,49.5197208],[-97.1175468,49.5173582],[-97.1149268,49.5156127],[-97.1127832,49.51681],[-97.1106123,49.5172451],[-97.1076521,49.5169087],[-97.1054949,49.5187384],[-97.1024269,49.516685],[-97.1018418,49.514442],[-97.0989203,49.5140947],[-97.0988316,49.5127349],[-97.0970718,49.5125217],[-97.0966575,49.5104427],[-97.0982807,49.5093619],[-97.097365,49.5078074],[-97.0956306,49.5080038],[-97.0951964,49.5051713],[-97.0918637,49.5046894],[-97.0900167,49.5034727],[-97.0884903,49.5052505],[-97.0859845,49.5041177],[-97.0853921,49.5024947],[-97.0803906,49.5018424],[-97.0800811,49.5038111],[-97.0783116,49.5049062],[-97.0789402,49.5064909],[-97.0818341,49.5075509],[-97.0844005,49.5073654],[-97.0847053,49.5088887],[-97.0864548,49.5088703],[-97.0882486,49.5077137],[-97.0900604,49.5100577],[-97.089107,49.5118378],[-97.095755,49.5136513],[-97.0936727,49.5153668],[-97.0952908,49.5164986],[-97.0973061,49.5165087],[-97.097856,49.5178302],[-97.0996052,49.51831939999999],[-97.1013934,49.521457],[-97.1045815,49.5213251],[-97.1087954,49.5203638],[-97.1113217,49.5212512],[-97.1135096,49.520458],[-97.1152052,49.5214296],[-97.1144495,49.5236046],[-97.1174275,49.5243438],[-97.1181167,49.5257365],[-97.1172083,49.5272873],[-97.1209863,49.5293058],[-97.1233001,49.5298499],[-97.1256379,49.5316146],[-97.1228085,49.5332983],[-97.1227655,49.5344221],[-97.1245928,49.5353513],[-97.1246955,49.538164],[-97.1267965,49.5390976],[-97.1270491,49.5400412],[-97.1248343,49.5424459],[-97.1280844,49.5453535],[-97.1282059,49.5468059],[-97.13113570000002,49.5469914],[-97.1300487,49.5485855],[-97.1268203,49.5506515],[-97.1294793,49.5523753],[-97.1296886,49.5537079],[-97.132936,49.5554323],[-97.1304307,49.55618959999999],[-97.1298369,49.5578377],[-97.1311202,49.55852609999999],[-97.134531,49.5591107],[-97.1349896,49.5608087],[-97.1330917,49.5613882],[-97.1311601,49.5634561],[-97.1329488,49.5646094],[-97.1338537,49.5675393],[-97.1332624,49.5692075],[-97.1355025,49.5704256],[-97.1362958,49.572688],[-97.1333702,49.5734992],[-97.1320307,49.5723532],[-97.1290716,49.5728676],[-97.1309656,49.5699895],[-97.1287604,49.5693322],[-97.1285566,49.5682491],[-97.1256882,49.5664035],[-97.1220944,49.5654457],[-97.122885,49.5673701],[-97.1221594,49.5682579],[-97.1245319,49.57088249999999],[-97.1240734,49.57244929999999],[-97.1273479,49.5727273],[-97.1290029,49.5746656],[-97.1295196,49.5776701],[-97.1312551,49.5790769],[-97.1317784,49.5811421],[-97.1308783,49.5828634],[-97.1306774,49.5852107],[-97.1327097,49.587341],[-97.1322947,49.5894679],[-97.1302353,49.5909535],[-97.128978,49.5932838],[-97.1267266,49.5954171],[-97.1268853,49.5970832],[-97.1260418,49.5987692],[-97.1239846,49.6001824],[-97.1216798,49.6007959],[-97.1203544,49.5981615],[-97.1201469,49.59456],[-97.1213787,49.5940178],[-97.1205877,49.5920934],[-97.1187165,49.5912759],[-97.1183146,49.5882334],[-97.1136914,49.5870233],[-97.1137863,49.5845614],[-97.1122742,49.5834123],[-97.1130652,49.580839],[-97.11065,49.5806872],[-97.1091597,49.5789762],[-97.1092205,49.577403],[-97.1058097,49.5764476],[-97.10586,49.5748742],[-97.1028551,49.5736324],[-97.098671,49.5703345],[-97.0963761,49.5694885],[-97.09734170000002,49.567884],[-97.0958774,49.564295],[-97.0967072,49.5625768],[-97.094803,49.5618973],[-97.0951142,49.5579021],[-97.0929117,49.5521727],[-97.093507,49.5502],[-97.0915221,49.5486066],[-97.0876855,49.5440162],[-97.0873291,49.546765],[-97.0893656,49.546829],[-97.0903724,49.5489522],[-97.0921182,49.5503605],[-97.0914371,49.5517451],[-97.0918254,49.5544045],[-97.0933931,49.55852189999999],[-97.0922025,49.55910989999999],[-97.092409,49.5614022],[-97.0942761,49.5614329],[-97.0942769,49.5654131],[-97.0951398,49.5676452],[-97.0941939,49.5679436],[-97.094147,49.569948],[-97.0953512,49.5714161],[-97.1003757,49.5735431],[-97.1033932,49.5756443],[-97.1055001,49.5797034],[-97.106999,49.5811897],[-97.10838590000002,49.5811],[-97.1105506,49.5832614],[-97.1116011,49.5851541],[-97.1121054,49.5877845],[-97.1141799,49.5889571],[-97.1147148,49.5909548],[-97.1161019,49.5917955],[-97.1167327,49.59338],[-97.114092,49.5945739],[-97.1135989,49.5983889],[-97.1142167,49.6003105],[-97.1157771,49.6002235],[-97.1187299,49.60371329999999],[-97.1174629,49.6058627],[-97.114705,49.6055929],[-97.1107969,49.6059709],[-97.11098830000002,49.6082161],[-97.1084791,49.609989],[-97.1085099,49.6118642],[-97.1066577,49.6122679],[-97.1032171,49.6118144],[-97.1024136,49.6102271],[-97.1007092,49.6095575],[-97.0892799,49.6097861],[-97.0875898,49.6087565],[-97.0829736,49.6086458],[-97.0803274,49.6080683],[-97.0801841,49.6034615],[-97.0771916,49.60298],[-97.0736148,49.6038878],[-97.0718733,49.603623],[-97.0719698,49.6055634],[-97.0716151,49.614553],[-97.0719299,49.6153453],[-97.0712736,49.6188202],[-97.0715529,49.6205115],[-97.0682626,49.6210188],[-97.0707605,49.6244412],[-97.0714077,49.6266934],[-97.0733271,49.6296489],[-97.0752502,49.6305779],[-97.0750658,49.6320288],[-97.0765613,49.6330024],[-97.0785493,49.6363089],[-97.0780703,49.6373446],[-97.075198,49.6386199],[-97.0725746,49.6362947],[-97.0729256,49.6341713],[-97.0717152,49.6309471],[-97.0706311,49.6308747],[-97.0696736,49.6286593],[-97.0676214,49.6277019],[-97.066074,49.6256124],[-97.0639338,49.62688],[-97.0643843,49.622896],[-97.0616125,49.6232298],[-97.0607459,49.6240027],[-97.0606435,49.62658049999999],[-97.0637226,49.6279897],[-97.0626567,49.6285149],[-97.0638728,49.6326354],[-97.0668057,49.6335261],[-97.0682613,49.6358313],[-97.0679471,49.638487],[-97.0720757,49.6400853],[-97.0721958,49.6436854],[-97.0689303,49.6430688],[-97.0667147,49.6421725],[-97.0606913,49.6412444],[-97.0602967,49.646647],[-97.06356660000002,49.646737],[-97.0636424,49.6498702],[-97.0700126,49.6500433],[-97.070495,49.6495505],[-97.0761483,49.6496446],[-97.0773375,49.6500139],[-97.0833526,49.6499367],[-97.0840266,49.6520125],[-97.0813723,49.6515011],[-97.0803272,49.6506156],[-97.0745354,49.6527232],[-97.0724176,49.6529551],[-97.0714894,49.6517995],[-97.0682303,49.6517939],[-97.067813,49.6530784],[-97.0659299,49.6537359],[-97.0689616,49.6558965],[-97.0732377,49.6584652],[-97.0724458,49.6605566],[-97.0731898,49.6633527],[-97.074653,49.6640782],[-97.0784374,49.6635729],[-97.0788048,49.6653181],[-97.0763928,49.6676032],[-97.0779229,49.6691788],[-97.0814761,49.6699267],[-97.0825848,49.6722459],[-97.0784913,49.6723785],[-97.078225,49.6732735],[-97.0800585,49.6757704],[-97.081914,49.6756608],[-97.0849356,49.6764429],[-97.0856096,49.6795543],[-97.0780517,49.6796536],[-97.0781673,49.6811156],[-97.0763823,49.6824353],[-97.0756288,49.6854587],[-97.0782841,49.6885053],[-97.0785789,49.6919602],[-97.080959,49.6930184],[-97.0824841,49.6943429],[-97.08456,49.6948271],[-97.0845158,49.6959508],[-97.0719762,49.6958257],[-97.0721277,49.6963925],[-97.0836285,49.6964753],[-97.0861952,49.6973278],[-97.0861069,49.6995752],[-97.0867469,49.7009351],[-97.0820559,49.7011948],[-97.0772405,49.7002154],[-97.0771961,49.7013391],[-97.0720165,49.7008032],[-97.071972,49.7019268],[-97.0750239,49.7036643],[-97.0728069,49.7071131],[-97.0792135,49.707332],[-97.0839006,49.7071847],[-97.085346,49.7081251],[-97.0889299,49.7071554],[-97.0888316,49.70524229999999],[-97.0900708,49.7045881],[-97.0915406,49.7024759],[-97.094582,49.7040766],[-97.0948066,49.7054532],[-97.0983493,49.7074111],[-97.0982036,49.7102524],[-97.0905677,49.7123836],[-97.0902542,49.7168246],[-97.0917407,49.725967],[-97.092627,49.7273357],[-97.1048525,49.7343523],[-97.107048,49.7352007],[-97.1139562,49.736645],[-97.116883,49.7366023],[-97.1221473,49.74005059999999],[-97.1234141,49.7415155],[-97.1232525,49.7436979],[-97.1184605,49.7485596],[-97.1167593,49.7508114],[-97.1195491,49.7514467],[-97.1210114,49.74894959999999],[-97.1209733,49.7477959],[-97.1230827,49.7446121],[-97.1246354,49.7434532],[-97.1218584,49.7503089],[-97.1218243,49.7533446],[-97.1209267,49.7541172],[-97.1208398,49.7563646],[-97.1226507,49.7569143],[-97.1241519,49.7548542],[-97.1245849,49.7526798],[-97.1267227,49.7528599],[-97.1274236,49.7514978],[-97.1296463,49.75271319999999],[-97.1328324,49.7509226],[-97.1351591,49.7487787],[-97.1326214,49.7486247],[-97.1305856,49.7464429],[-97.1290141,49.7432182],[-97.1300643,49.7413344],[-97.1305583,49.7380725],[-97.1302815,49.736503],[-97.1272409,49.7312865],[-97.1255984,49.728976],[-97.1273595,49.7279058],[-97.1293912,49.7295221],[-97.130524,49.7292334],[-97.1341405,49.7317801],[-97.1344336,49.7306376],[-97.1320527,49.727723],[-97.1338597,49.7267503],[-97.1319863,49.7256645],[-97.1294816,49.7258718],[-97.125813,49.7246976],[-97.1258036,49.7266434],[-97.1219252,49.728561],[-97.119616,49.727037],[-97.1173772,49.7275662],[-97.1165864,49.7267454],[-97.1208342,49.7258287],[-97.1238178,49.7247299],[-97.1267788,49.7242123],[-97.1281972,49.7223286],[-97.13057150000002,49.7221568],[-97.1338266,49.7210306],[-97.1359553,49.7197283],[-97.1365297,49.7146591],[-97.1357451,49.7116292],[-97.136195,49.7089378],[-97.1349906,49.7086936],[-97.1309311,49.706042],[-97.1269415,49.7060899],[-97.1269113,49.7068765],[-97.1293026,49.7078147]],[[-97.0906582,49.7153708],[-97.0906428,49.7142432],[-97.0934108,49.7133506],[-97.0938367,49.7143344],[-97.0906582,49.7153708]],[[-97.1030354,49.704106],[-97.1022139,49.7020712],[-97.1122308,49.6987998],[-97.1146019,49.7003691],[-97.1037344,49.7041993],[-97.1030354,49.704106]],[[-97.1058993,49.6784302],[-97.103396,49.6782673],[-97.1032533,49.6740386],[-97.1059029,49.6739435],[-97.106018,49.6709819],[-97.1104382,49.6670383],[-97.1130865,49.6669707],[-97.1140062,49.6685644],[-97.1129061,49.6738363],[-97.1136063,49.6755926],[-97.1157388,49.6767351],[-97.1162483,49.6779066],[-97.1157874,49.6798932],[-97.114309,49.6828049],[-97.1127208,49.68413609999999],[-97.106018,49.6841651],[-97.1058993,49.6784302]],[[-97.0927257,49.6715565],[-97.0940342,49.6670369],[-97.095075,49.6654178],[-97.0965158,49.6654081],[-97.0962899,49.6672409],[-97.097033,49.668384],[-97.0927257,49.6715565]],[[-97.0880867,49.6677993],[-97.0871469,49.6682888],[-97.079889,49.6682013],[-97.0800257,49.6647299],[-97.0867729,49.6649541],[-97.0868135,49.6672244],[-97.0880867,49.6677993]],[[-97.0909329,49.6647819],[-97.0902074,49.6613002],[-97.0917949,49.6611565],[-97.0917998,49.6636609],[-97.0909329,49.6647819]],[[-97.0959745,49.6608246],[-97.0973208,49.6592774],[-97.0996951,49.657747],[-97.1004773,49.658795],[-97.0973325,49.661615],[-97.0959745,49.6608246]],[[-97.0908365,49.6606732],[-97.0883071,49.6608986],[-97.0875258,49.6590071],[-97.0901764,49.6578241],[-97.091218,49.6588096],[-97.0908365,49.6606732]],[[-97.0940186,49.6558533],[-97.0896472,49.6555781],[-97.088881,49.6501895],[-97.0936417,49.6501122],[-97.094928,49.6529151],[-97.0977104,49.6519458],[-97.0995815,49.6557484],[-97.0982376,49.6581905],[-97.0959036,49.6586864],[-97.0940186,49.6558533]],[[-97.1248,49.6538218],[-97.1250801,49.655578],[-97.1239349,49.6556562],[-97.1218267,49.6555951],[-97.120793,49.6540684],[-97.1248,49.6538218]],[[-97.1043237,49.6555832],[-97.1077944,49.657155],[-97.1111447,49.6575718],[-97.1174566,49.6572455],[-97.1184897,49.6590647],[-97.1151251,49.6593473],[-97.111085,49.6589441],[-97.1082892,49.6595731],[-97.1094008,49.6621775],[-97.1127891,49.6641443],[-97.1167492,49.664771],[-97.1201619,49.6647577],[-97.1200938,49.6656016],[-97.1158315,49.6661053],[-97.1149376,49.666823],[-97.1111266,49.6668158],[-97.1101488,49.6652256],[-97.1087812,49.6647535],[-97.1047907,49.6649131],[-97.107674,49.6620368],[-97.1059865,49.6608848],[-97.1062656,49.6582295],[-97.1037253,49.6582281],[-97.1031523,49.6559662],[-97.1043237,49.6555832]],[[-97.1019841,49.6257372],[-97.0983092,49.6251496],[-97.0960832,49.6237027],[-97.0961149,49.6214611],[-97.0982549,49.6192667],[-97.0983511,49.6167945],[-97.1018033,49.6168895],[-97.0997946,49.6184477],[-97.1021705,49.620331],[-97.1045583,49.6204787],[-97.1048347,49.6236475],[-97.1019841,49.6257372]],[[-97.0792522,49.6227759],[-97.0781393,49.624669],[-97.0754152,49.6231631],[-97.0738689,49.622998],[-97.0734511,49.6206555],[-97.075531,49.6205777],[-97.0767772,49.6188914],[-97.0802143,49.6203181],[-97.0792522,49.6227759]],[[-97.0771231,49.6186157],[-97.0782758,49.6168002],[-97.0777541,49.6144751],[-97.0806071,49.614531],[-97.0808357,49.619039],[-97.0796463,49.6195617],[-97.0771231,49.6186157]],[[-97.0762491,49.61552969999999],[-97.0753657,49.6151872],[-97.0763938,49.6131068],[-97.0721911,49.6110117],[-97.0732477,49.609619],[-97.0748847,49.6090315],[-97.0766343,49.6101388],[-97.0775874,49.6124757],[-97.0810055,49.613394],[-97.0778571,49.6141075],[-97.0762491,49.61552969999999]],[[-97.1126214,49.6120398],[-97.1148157,49.6099782],[-97.1158029,49.6103559],[-97.1123889,49.6137357],[-97.1123705,49.615652],[-97.1108514,49.6189542],[-97.108329,49.6179728],[-97.1096062,49.615173],[-97.1107596,49.6152156],[-97.1126214,49.6120398]],[[-97.1380238,49.5750417],[-97.1371309,49.5769338],[-97.1350168,49.5756622],[-97.1380238,49.5750417]],[[-97.091523,49.7240002],[-97.0937559,49.7236162],[-97.0942421,49.7248428],[-97.0921459,49.7255316],[-97.091523,49.7240002]]],[[[-97.0898315,49.7681237],[-97.0907563,49.7666772],[-97.093953,49.7670672],[-97.1004007,49.7642055],[-97.1021864,49.7629297],[-97.1073133,49.7605399],[-97.1173706,49.756391],[-97.1153926,49.7543954],[-97.1124022,49.7542564],[-97.110945,49.7523143],[-97.1019998,49.7553523],[-97.1005345,49.753195],[-97.1146434,49.7483692],[-97.1164543,49.750136],[-97.1188805,49.7473329],[-97.1182209,49.7461958],[-97.1222886,49.7437411],[-97.1226288,49.7413599],[-97.1191935,49.7392392],[-97.1163826,49.7391667],[-97.1151728,49.7376005],[-97.1070997,49.7356633],[-97.0921994,49.7275873],[-97.0910745,49.725199],[-97.0897514,49.7172534],[-97.0900189,49.7117482],[-97.0883721,49.7117211],[-97.0835801,49.7131111],[-97.0851861,49.7141728],[-97.0809929,49.71604],[-97.0836944,49.7180548],[-97.0831259,49.7194145],[-97.0848314,49.7218802],[-97.084276,49.7229061],[-97.0858325,49.7252359],[-97.0881712,49.7247069],[-97.0894705,49.7252629],[-97.0911519,49.7296907],[-97.088705,49.7305499],[-97.0895277,49.7316879],[-97.0917549,49.7323993],[-97.0894085,49.7347218],[-97.0878747,49.7340219],[-97.086892,49.7325439],[-97.0829047,49.732478],[-97.0804954,49.7319883],[-97.0781618,49.7339735],[-97.0791621,49.73500209999999],[-97.0813982,49.7354889],[-97.0869283,49.7360302],[-97.0882888,49.7367273],[-97.0919253,49.7368997],[-97.0928731,49.7392766],[-97.0905749,49.7403631],[-97.0910598,49.7412706],[-97.0938385,49.741204],[-97.0944572,49.7431256],[-97.0935462,49.7442351],[-97.0898518,49.7455235],[-97.0875125,49.743236],[-97.0858944,49.744671],[-97.0872197,49.7462671],[-97.0865846,49.7491801],[-97.0917739,49.749603],[-97.0906672,49.7512714],[-97.0920194,49.7521932],[-97.0917754,49.7539882],[-97.089988,49.7553081],[-97.0913403,49.7562299],[-97.0895396,49.7578868],[-97.092378,49.7607446],[-97.090755,49.762292],[-97.0904182,49.7664468],[-97.0874915,49.7670926],[-97.0898315,49.7681237]],[[-97.1078959,49.7456522],[-97.1072247,49.7440836],[-97.1094598,49.742134],[-97.11198050000002,49.7413781],[-97.1129009,49.7425158],[-97.1118098,49.7439729],[-97.1132621,49.7460079],[-97.1091961,49.7473361],[-97.1078959,49.7456522]],[[-97.09792120000002,49.7344122],[-97.0958056,49.735277],[-97.0950399,49.7326782],[-97.09792120000002,49.7344122]]]]}}]}